accuracy,performanceScore,totalTime,averageReactionTime,incorrectAnswers,currentDifficulty,recentAvgAccuracy,recentAvgPerformance,trendScore,gamesOnCurrentLevel,recommendation
0.905,84.9,50.6,1.74,5,3,0.916,93.5,0.13,10,upgrade
0.184,42.4,180,3.42,20,4,0.22,37.7,-0.322,2,downgrade
0.919,86.8,90.8,2.05,4,6,0.892,87.8,0.156,7,upgrade
0.864,81.9,80.7,2.32,0,8,0.956,78.9,-0.039,1,maintain
0.606,51.1,98.1,2.73,6,3,0.612,57.9,0.159,6,maintain
0.71,59.3,114.1,2.59,9,7,0.704,45,0.02,10,maintain
0.646,67.2,112.8,2.83,6,6,0.669,69.8,-0.179,5,maintain
0.554,29.9,143.4,3.53,12,6,0.653,33.0,-0.247,2,downgrade
0.765,51.4,72.9,2.87,1,5,0.84,55.1,-0.057,3,maintain
0.603,72.3,72.0,1.93,6,1,0.713,51.6,0.117,2,maintain
0.923,93.6,56.9,1.6,4,4,0.885,89.6,0.185,10,upgrade
0.421,43.8,117.2,3.15,6,5,0.471,56.5,-0.035,5,downgrade
0.172,44.8,115.5,3.13,19,2,0.28,53.7,-0.018,6,downgrade
0.595,25.5,155.4,3.84,8,5,0.78,20.0,-0.234,3,downgrade
0.253,31.7,152.7,3.69,12,7,0.257,46.7,-0.407,2,downgrade
0.394,18.7,165.8,3.93,14,6,0.588,31.8,-0.146,5,downgrade
0.277,13.8,166.1,4.01,5,7,0.337,20.9,-0.029,7,downgrade
0.5,71.0,135.7,2.6,15,4,0.505,66.1,0.178,4,maintain
0.946,74.9,57.2,2.26,1,6,0.91,90.1,-0.09,4,upgrade
0.558,67.8,89.6,2.01,8,4,0.84,79.0,-0.074,5,maintain
0.199,40.2,109.2,3.29,7,8,0.132,48.5,-0.044,5,downgrade
0.327,28.2,175.8,3.37,18,6,0.314,17.6,-0.217,6,downgrade
0.753,72.6,84.0,2.2,2,4,0.866,88.6,0.079,2,maintain
0.91,78.5,48.3,2.24,2,1,0.893,80.8,0.305,6,upgrade
0.676,57.5,92.4,3.02,4,8,0.621,53.5,-0.105,8,maintain
0.498,36.1,110.8,3.45,12,6,0.686,43.7,0.06,2,downgrade
0.844,99.3,84.6,2.1,0,7,0.887,79.2,0.092,9,upgrade
0.417,23.7,156.4,3.92,7,7,0.459,29.8,-0.142,5,downgrade
0.865,83.3,55.8,1.96,6,3,0.892,84.2,0.019,1,maintain
0.964,89.9,63.5,1.94,0,3,0.929,82.8,0.089,7,upgrade
0.407,43.7,139.0,3.14,8,2,0.505,31.1,-0.019,6,downgrade
0.5,62.9,103.7,2.78,7,5,0.731,66.5,0.071,10,maintain
0.792,80.0,110.0,2.51,3,5,0.938,83.3,0.15,2,maintain
0.311,41.4,104.1,2.88,7,3,0.431,42.8,-0.246,7,downgrade
0.564,74.6,97.3,2.25,6,2,0.84,55.3,0.095,1,maintain
0.458,36.7,154.2,3.66,13,6,0.366,38.5,-0.441,4,downgrade
0.398,25.3,117.4,3.8,6,8,0.227,20.8,-0.267,2,downgrade
0.901,75.6,72.8,2.08,0,2,0.973,79.3,0.294,8,upgrade
0.968,81.2,73.1,2.02,0,4,0.925,81.0,0.147,3,upgrade
0.925,82.7,55.3,1.94,2,3,0.923,93.4,-0.09,8,upgrade
0.873,80.0,77.0,1.85,2,5,0.865,94.5,-0.042,5,upgrade
0.746,63.7,72.6,2.31,4,6,0.834,79.9,-0.074,8,maintain
0.168,40.4,164.7,3.55,13,7,0.096,44.2,-0.263,8,downgrade
0.57,61.4,121.8,2.64,8,6,0.58,68.1,0.018,4,maintain
0.549,45,118.9,2.66,10,2,0.61,47.0,-0.052,2,maintain
0.919,100,52.6,1.77,2,3,0.948,69.3,-0.09,7,upgrade
0.27,45.4,104.3,3.15,13,3,0.558,47.8,-0.024,2,downgrade
0.284,37.4,180,3.66,20,6,0.095,48.4,-0.106,6,downgrade
0.566,55.4,77.8,2.83,7,2,0.686,79.9,-0.143,6,maintain
1.0,72.5,46.5,1.73,0,1,0.941,89.3,0.185,6,upgrade
1.0,85.4,57.4,1.99,1,5,0.929,85.3,0.03,10,upgrade
0.644,79.0,91.7,1.99,9,6,0.516,77.1,0.167,5,maintain
0.895,89.0,71.2,1.63,2,4,0.891,88.0,0.061,8,upgrade
0.916,80.6,71.0,2.27,3,4,0.876,89.7,0.145,5,upgrade
0.756,74.0,74.0,2.19,3,6,0.856,91.4,-0.227,4,maintain
0.681,50.3,92.2,3.34,4,7,0.533,59.5,0.074,10,maintain
0.887,89.8,85.6,2.22,3,7,0.844,89.9,0.126,8,upgrade
0.5,76.1,87.6,1.81,13,3,0.668,79.9,0.125,4,maintain
0.666,64.4,110.0,2.39,10,3,0.757,45.1,-0.031,10,maintain
0.429,11.7,150.4,3.83,3,3,0.573,14.3,-0.241,6,downgrade
0.476,55.4,113.8,3.03,13,5,0.568,56.3,-0.12,8,downgrade
0.733,77.5,80.4,2.01,4,1,0.881,87.5,0.002,2,maintain
0.212,26.8,174.9,3.66,17,5,0.436,39.8,-0.031,8,downgrade
0.94,77.3,64.6,1.96,0,2,0.986,76.3,0.152,7,upgrade
0.588,58.0,116.0,2.88,4,3,0.45,54.9,0.236,7,maintain
0.184,21.7,120.5,3.63,20,6,0.371,13.9,-0.16,4,downgrade
0.288,39.1,162.9,2.79,18,8,0.368,15.4,-0.058,6,downgrade
0.758,67.5,73.3,2.32,4,5,0.711,71.9,-0.16,4,maintain
0.547,65.6,91.0,2.12,7,4,0.587,59.2,0.056,2,maintain
0.337,36.5,132.6,3.76,14,8,0.256,19.2,0.031,7,downgrade
0.736,74.7,62.1,1.89,6,3,0.466,67.6,0.1,1,maintain
1.0,71.2,80.6,2.28,0,4,0.916,84.4,0.289,7,upgrade
0.567,85.9,93.6,2.11,11,5,0.84,60.3,-0.069,3,maintain
0.839,83.7,67.5,2.2,0,7,0.941,79.1,0.001,5,upgrade
0.879,82.9,83.1,1.95,4,3,0.862,84.0,0.1,9,upgrade
0.862,88.4,90.4,1.8,4,5,0.895,85.3,0.111,4,upgrade
0.41,15.9,117.2,3.96,11,3,0.57,22.9,0.01,4,downgrade
0.907,67.8,90.3,2.33,2,6,0.956,84.4,-0.044,7,upgrade
0.43,40.4,83.1,3.14,12,4,0.475,51.1,-0.08,3,downgrade
0.365,42.3,101.7,3.03,9,2,0.396,62.3,-0.219,6,downgrade
0.419,38.9,129.6,3.13,6,8,0.45,52.5,-0.003,2,downgrade
0.919,90.5,43.5,1.45,0,4,0.927,89.6,0.154,7,upgrade
0.958,67.0,89.2,2.18,0,4,0.897,95.5,0.222,7,upgrade
0.218,29.4,130.2,4.22,10,8,0.311,28.4,-0.013,6,downgrade
0.994,95.0,43.7,1.32,1,4,0.849,89.0,0.058,5,upgrade
0.596,42.6,119.3,3.61,5,7,0.849,36.9,-0.147,6,downgrade
0.459,39.1,144.8,3.46,7,6,0.707,56.3,-0.157,4,downgrade
0.887,85.5,77.3,2.2,3,5,0.912,95.8,0.225,7,upgrade
0.89,55.0,66.9,2.65,3,3,0.52,57.4,-0.213,9,maintain
0.274,29.1,154.0,3.12,14,4,0.322,32.5,-0.181,3,downgrade
0.5,70.2,104.4,2.84,15,8,0.673,66.2,-0.009,7,maintain
0.837,79.7,47.9,1.9,2,2,0.823,90.7,-0.09,9,upgrade
0.463,24.5,145.6,3.44,10,4,0.49,31.6,-0.013,7,downgrade
0.756,54.3,89.9,2.77,2,7,0.813,77.7,-0.012,9,maintain
0.945,90.0,57.8,2.33,0,6,0.861,76.8,0.093,3,upgrade
0.41,25.1,89.5,3.78,4,5,0.398,22.6,-0.199,5,downgrade
0.971,83.6,60.1,1.8,0,5,0.961,90.5,0.097,8,upgrade
0.805,84.1,89.1,2.21,7,4,0.923,73.1,-0.005,7,upgrade
0.811,45,106.9,3.11,0,5,0.727,73.7,0.176,10,maintain
0.535,11.1,161.9,3.73,12,5,0.424,11.7,0.104,4,downgrade
0.64,46.2,123.6,2.72,6,4,0.45,65.0,0.251,1,maintain
0.965,94.8,85.6,1.72,2,7,0.933,92.4,0.098,10,upgrade
0.367,29.6,101.2,2.92,5,3,0.383,47.8,-0.183,1,downgrade
0.631,63.0,88.5,2.46,5,4,0.596,75.3,-0.147,5,maintain
0.259,45.6,126.1,2.97,10,8,0.454,42.2,-0.146,1,downgrade
0.33,25.9,171.6,3.87,9,6,0.201,22.8,-0.205,1,downgrade
0.321,14.3,103.0,3.76,8,6,0.335,20.7,-0.317,2,downgrade
0.906,90.3,50.5,1.72,3,4,0.845,84.6,0.23,10,upgrade
0.784,89.7,61.7,1.83,3,7,0.819,81.2,0.008,6,upgrade
0.55,54.3,73.7,2.85,8,3,0.84,67.7,0.08,8,maintain
0.781,75.7,82.9,2.04,2,6,0.948,91.1,0.151,1,maintain
0.418,11.3,121.9,3.97,13,5,0.59,14.8,-0.366,7,downgrade
0.443,46.1,129.8,3.25,14,6,0.597,78,-0.215,3,downgrade
0.423,34.9,113.3,3.48,11,4,0.51,43.8,-0.011,3,downgrade
0.401,40.4,102.9,2.91,4,3,0.419,48.7,-0.086,6,downgrade
0.886,74.8,75.9,2.23,4,3,0.905,90.8,0.198,9,upgrade
0.5,66.4,95.5,2.69,11,4,0.708,79.9,-0.084,3,maintain
0.229,14.2,176.4,3.73,12,8,0.225,9.0,-0.241,5,downgrade
0.2,61.5,157.7,2.81,17,4,0.242,67.4,-0.187,7,downgrade
0.383,22.5,146.9,3.66,10,3,0.561,50.1,0.033,3,downgrade
0.639,76.2,122.3,2.35,7,7,0.84,66.2,-0.307,5,maintain
0.177,50.2,112.5,2.76,14,6,0.368,57.1,-0.083,4,downgrade
0.653,66.2,80.8,2.33,5,2,0.725,52.7,-0.151,3,maintain
0.516,41.9,101.4,3.31,9,8,0.53,40.1,-0.303,7,downgrade
0.528,63.1,92.5,2.29,6,1,0.84,45,-0.101,9,maintain
0.197,37.0,146.8,3.38,19,7,0.124,55.1,-0.206,4,downgrade
0.356,20.8,122.0,3.15,13,3,0.331,15.0,-0.202,2,downgrade
0.336,70,145.6,2.76,16,3,0.355,78,0.159,7,downgrade
0.696,59.7,106.1,2.72,8,5,0.675,74.7,-0.06,3,maintain
0.704,53.8,139.0,3.03,10,8,0.637,54.5,0.013,6,maintain
1.0,72.2,45.8,1.88,1,1,0.905,91.1,0.061,4,upgrade
0.912,80.1,71.1,2.17,0,4,0.845,95.9,0.138,4,upgrade
0.292,32.7,103.4,3.09,11,4,0.406,30.8,-0.253,8,downgrade
0.278,24.9,123.1,3.99,11,5,0.447,35.6,-0.063,3,downgrade
0.861,78.0,54.9,2.25,2,2,0.853,81.2,0.018,4,upgrade
0.975,76.0,53.0,1.78,0,1,0.916,93.7,0.199,10,upgrade
0.424,43.4,139.8,3.39,13,4,0.429,36.3,-0.436,2,downgrade
0.516,61.7,119.4,2.75,12,4,0.617,71.4,0.086,1,maintain
0.888,84.1,41.9,1.8,4,2,0.916,96.7,0.119,3,upgrade
0.425,43.1,85.2,2.51,9,1,0.683,79.9,-0.231,7,maintain
0.279,41.6,166.7,3.11,13,7,0.156,58.2,-0.095,3,downgrade
0.901,79.8,78.5,2.04,3,3,0.987,84.5,0.056,8,upgrade
0.172,54.0,131.3,2.84,12,6,0.156,57.8,-0.159,3,downgrade
0.989,84.4,65.8,1.77,0,4,0.952,80.9,0.207,4,upgrade
0.888,83.2,71.7,2.45,0,6,0.888,92.8,-0.09,5,upgrade
0.85,87.6,68.8,1.85,2,2,0.922,90.0,0.057,4,upgrade
0.707,45,79.2,3.26,3,2,0.702,78.4,-0.175,6,maintain
0.855,74.1,99.2,2.35,1,7,0.886,87.9,-0.08,9,upgrade
0.882,92.6,88.7,2.18,2,6,0.936,84.6,0.088,10,upgrade
1.0,81.1,52.0,2.41,1,1,0.858,85.8,0.097,3,upgrade
0.899,90.9,66.7,1.68,3,4,0.91,76.9,0.173,4,upgrade
1.0,82.2,59.5,2.37,0,7,0.884,88.1,0.034,4,upgrade
0.919,71.0,82.9,2.75,0,7,0.815,90.5,0.13,8,upgrade
0.772,78.4,61.4,1.69,2,3,0.916,92.4,0.12,8,upgrade
0.35,45.6,153.0,3.01,14,8,0.346,78,-0.076,6,downgrade
0.711,60.7,79.1,2.44,0,7,0.673,79.9,0.328,10,maintain
0.504,63.8,115.4,2.69,8,5,0.696,57.3,0.204,3,maintain
0.26,22.2,109.6,3.67,11,2,0.337,24.4,0.006,8,downgrade
0.411,32.3,140.3,3.22,12,1,0.905,89.4,-0.274,6,maintain
0.916,86.6,46.5,1.74,2,4,0.895,87.9,0.057,8,upgrade
0.374,29.8,138.8,3.4,9,7,0.33,37.8,-0.288,1,downgrade
0.848,94.0,67.2,2.19,1,7,0.961,83.2,0.118,7,upgrade
0.881,72.7,74.3,2.09,6,3,0.738,67.0,0.045,2,maintain
0.692,69.8,77.2,2.09,4,2,0.754,45,0.04,6,maintain
0.37,37.7,178.4,3.69,7,8,0.529,69.9,-0.144,8,downgrade
0.5,79.2,99.2,2.54,11,8,0.694,72.2,-0.041,10,maintain
0.522,11.8,133.4,3.88,7,5,0.619,5,0.111,7,downgrade
0.86,96.0,86.1,1.76,5,5,0.877,68.9,0.079,7,upgrade
0.5,60.9,109.5,3.05,9,8,0.669,50.0,0.184,5,maintain
0.941,85.7,75.0,1.89,1,6,0.901,85.4,0.112,3,upgrade
0.872,93.2,44.1,2.0,0,3,0.872,95.4,-0.09,6,upgrade
0.891,73.9,85.1,2.19,2,2,0.876,91.8,0.157,2,maintain
0.87,85.0,71.7,2.79,3,7,0.871,90.4,0.124,8,upgrade
0.846,62.6,90.3,2.43,0,4,0.84,72.8,0.054,7,maintain
0.168,41.7,128.0,3.55,9,6,0.104,55.1,-0.231,6,downgrade
0.288,43.2,122.0,3.14,9,6,0.319,43.3,0.056,2,downgrade
0.897,83.2,50.5,1.65,2,1,0.88,77.5,0.154,8,upgrade
0.76,69.0,112.1,2.69,1,6,0.878,90.4,-0.404,9,maintain
0.612,63.1,86.1,3.04,2,5,0.834,64.6,-0.069,4,maintain
0.203,31.9,133.9,3.3,14,6,0.089,42.2,-0.202,4,downgrade
0.691,49.5,127.4,3.15,5,3,0.823,73.8,0.07,9,maintain
0.391,60.5,108.2,2.84,8,5,0.268,78,-0.044,5,downgrade
0.384,41.8,128.5,2.75,13,2,0.355,34.3,0.093,4,downgrade
0.82,79.8,114.7,2.59,4,8,0.917,84.9,0.203,2,maintain
0.5,76.8,119.8,2.47,12,5,0.84,74.5,0.16,8,maintain
0.411,28.8,148.6,3.74,13,6,0.452,18.4,-0.127,6,downgrade
0.92,56.3,63.9,2.05,0,2,0.652,79.9,-0.259,1,maintain
0.19,39.7,113.4,3.25,16,6,0.227,47.2,0.087,2,downgrade
0.903,47.4,117.0,3.42,1,6,0.84,64.9,0.058,1,maintain
0.271,21.9,151.5,3.95,12,7,0.375,45.4,-0.243,7,downgrade
0.941,70.9,79.0,2.27,3,4,0.882,92.7,0.192,7,upgrade
0.617,34.6,138.4,3.78,5,6,0.679,44.9,-0.03,8,downgrade
0.894,79.2,70.8,2.33,0,7,0.977,81.3,0.052,7,upgrade
0.388,44.2,117.9,3.7,10,6,0.387,49.0,-0.088,4,downgrade
0.689,69.9,73.6,2.21,5,3,0.816,55.1,-0.25,1,maintain
0.997,86.5,41.0,1.91,0,4,0.929,86.1,0.174,3,upgrade
0.363,45.5,137.1,2.99,8,5,0.341,52.8,0.067,8,downgrade
0.231,33.8,172.4,3.56,11,8,0.05,55.2,-0.103,7,downgrade
0.675,60.7,73.4,2.95,4,4,0.699,63.5,-0.19,9,maintain
0.241,41.0,89.4,3.19,9,4,0.259,36.8,0.16,6,downgrade
0.543,38.6,143.1,3.68,5,8,0.432,46.1,-0.136,1,downgrade
0.913,81.9,92.6,2.25,2,5,0.911,91.7,0.056,9,upgrade
1.0,85.9,79.0,2.06,1,6,0.932,95.2,0.119,10,upgrade
0.807,80.7,75.5,2.03,3,6,0.91,84.4,0.161,5,upgrade
0.27,15.5,174.5,4.37,9,8,0.404,23.5,-0.206,8,downgrade
0.541,80.1,85.2,1.92,9,3,0.622,77.2,-0.03,5,maintain
0.847,78.0,57.3,2.13,0,4,0.897,84.2,0.128,10,upgrade
0.92,51.1,110.3,2.95,2,3,0.626,49.1,0.079,7,maintain
0.392,26.2,108.4,3.42,6,6,0.293,24.1,-0.253,7,downgrade
0.825,87.9,78.4,1.79,2,6,0.796,80.1,0.04,7,upgrade
0.909,85.4,55.0,1.47,4,2,0.91,74.0,0.086,7,upgrade
0.302,63.7,69.5,2.39,9,2,0.499,56.0,-0.238,7,downgrade
0.903,89.8,76.5,1.93,0,4,0.98,83.4,0.114,3,upgrade
0.957,85.2,68.2,2.49,0,5,0.856,85.6,-0.033,4,upgrade
0.927,92.2,63.5,2.13,3,7,0.947,90.4,-0.049,4,upgrade
0.903,88.7,46.8,1.9,0,3,0.918,80.9,0.15,6,upgrade
0.866,85.7,55.0,2.37,2,3,0.968,92.2,-0.006,1,maintain
0.905,86.7,51.3,1.96,0,2,0.898,90.1,0.181,9,upgrade
0.836,86.9,81.1,2.28,5,4,0.906,93.6,0.074,7,upgrade
0.913,62.5,73.0,2.64,1,1,0.924,94.1,0.025,9,upgrade
0.445,41.7,116.7,3.12,4,8,0.627,49.0,-0.045,3,downgrade
0.459,28.2,123.8,3.92,10,7,0.529,29.6,-0.147,8,downgrade
0.465,33.5,143.3,3.18,8,3,0.627,31.6,-0.077,2,downgrade
0.667,66.5,96.8,3.09,11,5,0.567,79.9,-0.184,5,maintain
0.917,88.8,46.6,1.58,2,1,0.898,86.0,0.246,10,upgrade
0.903,88.1,54.4,1.59,3,1,0.844,86.8,-0.09,8,upgrade
0.921,75.6,40.0,1.7,2,1,0.909,89.0,0.017,6,upgrade
0.962,78.7,52.8,1.71,2,1,0.868,93.5,0.092,7,upgrade
0.413,44.6,132.6,3.16,10,8,0.483,40.1,0.25,2,downgrade
0.284,62.6,138.6,2.63,15,2,0.318,73.9,-0.023,3,downgrade
0.86,82.6,65.8,2.25,0,7,0.956,86.4,-0.04,10,upgrade
0.945,92.0,77.2,1.97,4,8,0.995,97.1,0.324,10,maintain
0.819,63.2,110.1,2.39,5,6,0.84,70.1,-0.192,6,maintain
0.519,70.3,157.8,2.56,14,8,0.751,79.9,-0.039,8,maintain
0.612,37.2,102.4,2.96,8,6,0.68,63.6,0.123,8,downgrade
0.411,13.3,154.9,4.1,5,6,0.563,22.3,-0.106,6,downgrade
0.5,56.4,121.1,2.92,10,3,0.589,52.2,-0.339,6,maintain
0.824,87.7,47.6,1.47,1,1,0.874,89.2,0.126,8,upgrade
0.536,21.4,146.0,3.81,9,4,0.347,19.9,-0.149,3,downgrade
0.926,81.2,81.5,2.29,0,4,0.955,88.1,0.173,9,upgrade
0.952,90.0,52.8,1.45,1,2,0.843,91.9,-0.004,6,upgrade
0.134,45.4,145.2,3.71,13,8,0.076,41.5,-0.225,3,downgrade
0.904,92.0,51.3,1.71,3,3,0.953,84.3,0.05,5,upgrade
0.378,32.5,163.2,4.13,15,8,0.2,28.2,0.01,1,downgrade
0.729,87.7,85.5,1.97,7,3,0.68,45,0.015,1,maintain
0.618,75.1,85.0,2.38,11,6,0.607,56.2,0.028,5,maintain
0.842,57.0,87.3,2.6,1,5,0.555,70.9,-0.188,6,maintain
0.891,70.9,70.0,2.31,0,4,0.648,45.9,-0.038,6,maintain
0.877,70.1,75.0,2.11,5,1,0.916,82.1,0.106,10,upgrade
0.842,87.2,102.2,2.09,8,6,0.916,82.0,0.25,3,upgrade
0.343,37.6,158.2,3.1,13,2,0.255,37.0,0.08,7,downgrade
0.489,12.5,155.0,4.15,8,6,0.756,22.6,-0.057,6,downgrade
0.876,90.7,66.2,1.89,0,4,0.855,86.2,0.178,8,upgrade
0.665,74.2,78.9,2.33,4,7,0.826,76.4,0.078,1,maintain
0.579,66.8,118.9,2.46,6,7,0.598,48.0,-0.073,7,maintain
0.415,47.9,95.7,3.51,5,5,0.38,45.4,-0.326,2,downgrade
0.916,82.6,66.2,2.3,0,7,0.919,91.5,-0.002,7,upgrade
0.902,79.6,87.6,2.37,0,6,0.87,86.0,0.047,9,upgrade
0.324,38.8,152.7,3.06,7,7,0.53,47.7,-0.158,3,downgrade
0.654,61.2,116.5,2.92,6,7,0.84,79.9,0.205,2,maintain
0.932,85.1,78.6,2.33,1,8,0.918,94.1,0.031,7,maintain
0.377,24.5,149.3,3.83,11,2,0.544,34.2,-0.47,1,downgrade
0.74,84.6,78.2,2.1,3,3,0.852,91.2,0.156,2,maintain
0.823,87.7,71.0,2.05,5,6,0.971,77.8,-0.09,10,upgrade
0.567,75.9,81.9,2.03,12,8,0.499,49.7,-0.328,8,maintain
0.856,82.0,62.0,2.01,5,4,0.942,94.8,0.135,6,upgrade
0.707,60.8,113.8,2.93,4,4,0.805,62.9,0.054,1,maintain
1.0,85.3,71.8,2.14,0,1,0.955,79.3,-0.015,4,upgrade
0.503,45,89.1,2.61,6,1,0.84,64.8,0.016,9,maintain
0.228,34.2,147.0,3.78,14,8,0.124,40.4,0.181,5,downgrade
0.933,79.4,41.3,1.69,0,2,0.863,83.0,0.21,8,upgrade
0.865,87.3,75.2,1.77,3,4,0.967,87.7,0.019,9,upgrade
0.83,67.3,54.7,1.84,3,2,0.549,76.2,-0.295,1,maintain
0.874,90.9,56.9,1.51,3,2,0.911,72.8,0.123,9,upgrade
0.785,54.4,96.7,3.32,0,7,0.65,69.8,0.018,9,maintain
0.89,55.3,59.6,2.68,0,2,0.563,49.0,-0.176,9,maintain
0.397,39.2,127.8,3.59,6,8,0.684,54.5,-0.157,4,downgrade
0.919,77.6,97.1,2.65,0,6,0.948,76.4,0.331,6,upgrade
0.248,37.2,127.3,3.21,12,3,0.29,51.0,-0.077,5,downgrade
0.207,52.5,117.4,3.22,7,2,0.413,49.6,-0.007,7,downgrade
0.737,75.8,70.1,2.24,3,4,0.891,84.8,0.08,2,maintain
0.05,53.0,143.8,2.58,11,5,0.05,70.4,-0.004,8,downgrade
0.261,12.3,148.3,3.47,11,4,0.291,16.1,-0.048,6,downgrade
0.744,71.8,63.4,2.3,3,5,0.798,79.9,0.038,6,maintain
0.447,62.7,148.1,3.05,12,5,0.41,50.9,-0.229,5,downgrade
0.943,73.4,98.8,2.46,0,5,0.979,79.9,0.242,5,upgrade
0.343,34.4,97.9,3.6,12,3,0.339,30.0,-0.162,3,downgrade
0.618,78.1,76.5,2.27,2,6,0.724,67.2,-0.176,1,maintain
0.903,93.1,69.2,1.7,3,7,0.908,95.3,-0.033,9,upgrade
0.687,47.7,106.7,2.92,4,6,0.66,70.0,-0.02,7,maintain
0.856,91.9,61.7,1.52,2,2,0.834,87.3,0.098,3,upgrade
0.329,46.9,146.1,3.1,14,6,0.211,58.7,0.122,3,downgrade
0.405,46.6,114.0,3.08,11,6,0.317,55.3,-0.087,3,downgrade
0.838,56.7,107.8,2.72,6,7,0.84,71.5,-0.016,7,maintain
0.84,100,49.6,1.28,2,1,0.897,85.6,0.003,5,upgrade
0.239,51.6,119.0,3.32,18,6,0.308,41.8,-0.166,4,downgrade
0.702,84.6,83.2,2.18,7,2,0.65,58.2,-0.064,7,maintain
0.504,40.3,135.7,2.99,14,3,0.623,39.2,0.052,3,downgrade
0.82,60.9,108.9,2.5,5,2,0.802,69.7,-0.06,8,maintain
0.403,44.0,133.3,3.12,10,6,0.55,63.1,-0.069,5,downgrade
0.698,57.7,93.7,3.37,7,8,0.731,56.8,0.06,6,maintain
0.308,14.3,157.8,3.52,11,3,0.302,19.0,-0.219,2,downgrade
0.406,50.5,107.6,3.09,9,8,0.564,48.3,-0.11,5,downgrade
0.5,54.4,90.8,2.86,10,5,0.589,63.9,0.255,1,maintain
0.395,49.5,144.2,3.35,11,8,0.695,60.6,0.141,7,downgrade
0.798,93.0,64.1,1.95,4,4,0.869,91.6,0.036,9,upgrade
0.139,48.1,122.7,3.16,9,5,0.214,45.4,-0.349,8,downgrade
0.914,89.7,56.8,1.49,2,3,0.95,86.9,0.066,6,upgrade
0.784,82.8,94.7,2.59,5,7,0.897,88.2,0.286,3,upgrade
0.166,24.1,100.5,3.23,14,2,0.253,35.8,-0.013,5,downgrade
0.391,41.8,165.7,3.22,13,8,0.542,46.0,-0.115,4,downgrade
0.593,70.9,108.8,2.5,3,7,0.747,64.1,0.078,7,maintain
0.891,60.6,56.3,2.68,2,2,0.49,59.4,-0.107,7,maintain
0.283,25.5,125.3,3.89,11,4,0.492,20.8,-0.28,1,downgrade
0.683,68.5,72.2,2.25,9,3,0.752,73.1,0.043,5,maintain
0.808,70.4,63.3,1.86,5,2,0.956,87.1,-0.257,5,maintain
0.46,26.9,152.5,3.92,7,5,0.718,57.8,-0.101,3,downgrade
0.866,47.4,97.3,3.43,4,5,0.598,46.5,-0.114,8,maintain
0.715,52.7,65.5,2.23,6,1,0.72,55.7,0.026,3,maintain
0.985,78.1,58.5,1.72,0,1,0.922,76.4,-0.053,9,upgrade
0.787,79.2,70.5,2.44,3,7,0.951,94.1,-0.09,9,upgrade
0.919,86.1,57.9,1.87,1,5,0.829,84.5,0.057,3,upgrade
0.251,45.9,148.1,2.97,12,5,0.323,57.1,-0.261,8,downgrade
0.621,57.3,130.6,2.74,9,2,0.586,66.6,0.149,4,maintain
0.588,72.1,111.6,2.59,5,8,0.779,58.2,-0.103,8,maintain
0.857,85.1,49.0,1.83,3,1,0.891,92.1,0.085,7,upgrade
0.15,48.2,92.9,2.9,11,8,0.05,34.6,0.005,7,downgrade
0.652,78.9,68.7,2.5,5,8,0.698,67.1,0.134,7,maintain
0.5,64.3,92.9,2.53,8,2,0.679,62.4,-0.05,6,maintain
0.866,74.9,58.9,2.16,1,4,0.84,65.8,-0.089,3,maintain
0.954,94.7,62.2,1.63,2,5,0.915,75.9,0.235,9,upgrade
0.94,81.8,79.4,2.13,0,4,0.909,93.6,0.115,7,upgrade
0.67,66.0,102.0,2.04,6,6,0.684,56.0,0.282,9,maintain
0.887,73.8,85.4,2.38,4,5,0.923,88.5,-0.337,10,maintain
0.668,81.8,86.9,2.3,7,5,0.706,59.7,0.054,1,maintain
0.5,77.1,106.3,2.38,11,7,0.84,69.3,-0.055,4,maintain
0.5,59.3,92.0,2.72,6,2,0.727,79.9,-0.074,9,maintain
0.579,62.9,130.9,2.83,8,8,0.643,55.8,-0.043,7,maintain
0.306,36.0,131.9,3.85,11,6,0.108,54.6,-0.118,1,downgrade
0.909,86.8,34.6,1.54,2,1,0.936,86.3,0.082,3,upgrade
0.77,65.2,77.4,2.81,3,4,0.576,70.3,-0.031,3,maintain
0.843,63.6,83.1,2.81,1,4,0.908,85.8,0.141,1,maintain
0.878,81.9,97.4,2.34,2,7,0.882,80.6,0.28,9,upgrade
0.323,40.1,96.3,3.16,12,6,0.373,49.5,-0.267,6,downgrade
0.54,45,103.1,2.85,4,3,0.675,77.2,0.047,6,maintain
0.321,45.6,156.3,3.25,12,5,0.091,61.0,-0.049,2,downgrade
1.0,81.5,48.8,1.89,4,3,0.9,84.9,0.261,3,upgrade
0.311,35.5,140.7,3.32,16,3,0.267,57.6,-0.108,4,downgrade
0.926,95.7,69.0,1.6,4,6,0.931,84.6,0.075,5,upgrade
0.719,55.9,102.4,2.47,6,3,0.77,79.9,-0.067,3,maintain
0.391,36.9,77.1,3.14,6,3,0.359,53.2,0.07,6,downgrade
0.5,76.1,102.2,2.23,8,8,0.634,62.6,0.154,9,maintain
0.871,80.8,75.2,1.99,1,1,1.0,91.2,0.138,5,upgrade
0.862,81.0,68.1,2.11,0,1,0.834,93.9,-0.09,7,upgrade
0.962,77.9,64.0,2.06,0,3,0.841,91.3,0.084,8,upgrade
0.656,49.3,65.6,2.47,4,3,0.806,53.8,-0.076,6,maintain
0.529,73.2,118.6,2.43,11,5,0.668,65.5,-0.007,3,maintain
0.863,80.1,48.3,1.68,4,3,0.865,83.4,0.211,2,maintain
0.907,95.6,50.9,1.54,0,5,0.911,74.5,0.052,3,upgrade
0.423,51.6,103.7,2.66,7,5,0.638,59.8,-0.263,7,downgrade
0.5,55.8,67.4,2.29,4,1,0.742,64.3,0.02,8,maintain
0.491,41.7,146.7,3.77,7,8,0.34,47.2,-0.069,8,downgrade
0.972,90.5,92.0,2.38,0,6,0.926,87.4,0.131,8,upgrade
0.201,39.1,172.7,3.63,9,7,0.406,18.5,-0.289,7,downgrade
0.891,94.9,67.5,1.58,4,1,0.865,95.1,-0.024,7,upgrade
0.257,18.4,164.4,3.87,15,4,0.203,16.0,-0.148,8,downgrade
0.451,23.0,113.8,4.06,9,5,0.376,26.4,-0.034,4,downgrade
0.299,18.2,143.1,4.19,5,6,0.346,26.2,0.012,8,downgrade
0.746,62.3,94.3,2.28,6,1,0.697,47.0,-0.141,6,maintain
0.729,77.0,59.3,1.45,4,2,0.45,79.9,-0.084,10,maintain
0.937,82.8,42.8,1.73,1,6,0.971,84.4,0.13,5,upgrade
0.5,55.6,139.4,3.46,6,5,0.716,79.1,-0.058,3,maintain
0.242,12.1,140.2,4.19,11,7,0.237,32.9,0.056,3,downgrade
0.877,95.9,74.2,1.79,3,6,0.891,90.6,0.056,4,upgrade
0.451,40.1,96.3,2.55,7,2,0.551,55.5,-0.158,8,downgrade
0.615,62.9,74.8,2.08,6,3,0.84,45,-0.119,7,maintain
0.891,65.3,74.0,2.3,3,5,0.865,92.1,-0.354,9,maintain
0.204,44.3,141.0,3.05,10,4,0.217,44.8,-0.198,5,downgrade
0.408,38.4,138.9,3.4,7,8,0.576,34.3,-0.144,4,downgrade
0.434,12.9,137.0,4.04,8,4,0.458,23.0,-0.176,3,downgrade
0.885,83.2,82.9,2.45,0,6,0.867,94.5,0.171,4,upgrade
0.629,66.9,101.5,2.3,8,5,0.84,70.3,-0.136,10,maintain
0.783,63.6,78.6,2.58,8,7,0.74,63.7,0.125,10,maintain
0.815,79.7,71.4,1.85,2,1,0.941,84.7,0.264,4,upgrade
0.23,36.8,155.8,3.41,18,4,0.089,54.2,-0.373,1,downgrade
0.302,37.2,146.4,3.32,19,7,0.328,58.7,-0.191,4,downgrade
0.888,83.5,86.0,1.86,5,6,0.925,79.2,0.111,6,upgrade
0.588,66.0,107.2,2.66,5,4,0.711,79.9,-0.007,1,maintain
0.838,83.9,80.5,2.19,3,2,0.946,90.2,0.123,9,upgrade
0.884,80.4,82.3,2.5,3,6,0.971,79.8,-0.09,10,upgrade
0.209,42.9,123.1,3.1,17,4,0.117,45.0,-0.006,2,downgrade
0.477,18.1,179.8,3.72,10,8,0.637,41.7,-0.28,8,downgrade
0.777,86.3,73.3,2.18,4,5,0.841,91.5,-0.06,6,upgrade
0.226,47.5,102.0,2.63,11,2,0.149,69.8,-0.243,1,downgrade
0.877,80.0,50.7,2.1,2,1,0.53,79.9,0.019,1,maintain
0.862,74.5,73.4,2.08,0,4,0.936,79.9,-0.15,6,maintain
0.876,78.4,89.0,2.31,4,2,0.879,94.0,0.057,5,upgrade
0.921,77.7,37.0,1.84,0,2,0.936,89.6,0.208,4,upgrade
0.951,85.4,97.4,2.31,0,6,0.848,81.9,0.206,9,upgrade
0.722,75.7,88.0,2.35,3,6,0.84,58.1,0.013,7,maintain
0.924,74.8,116.8,3.23,2,8,0.885,87.6,-0.414,5,maintain
0.859,90.2,89.4,2.47,0,6,0.865,95.5,-0.039,4,upgrade
0.961,89.6,70.4,1.78,2,1,0.872,84.6,0.198,4,upgrade
0.344,30.5,118.2,3.01,7,1,0.635,61.3,-0.073,7,maintain
0.318,11.5,141.1,4.54,7,7,0.241,24.1,0.059,4,downgrade
0.76,82.8,91.8,2.28,3,3,0.965,92.2,-0.388,6,maintain
0.659,45.6,76.6,2.8,1,4,0.84,69.1,-0.008,3,maintain
0.303,47.3,143.9,3.35,15,6,0.423,51.0,0.012,3,downgrade
0.5,58.2,116.1,3.18,5,8,0.813,54.2,0.026,1,maintain
0.634,73.9,54.9,1.99,3,1,0.686,51.5,-0.094,3,maintain
0.893,88.3,85.4,1.92,5,5,0.956,83.7,0.127,8,upgrade
0.249,29.1,113.2,3.35,10,3,0.278,10.0,-0.241,6,downgrade
0.199,63.5,151.4,2.95,13,8,0.245,54.8,-0.093,8,downgrade
0.861,71.6,86.8,2.19,1,6,0.934,84.7,-0.034,5,upgrade
0.261,41.6,127.7,3.13,12,4,0.365,51.0,-0.437,7,downgrade
0.961,90.9,82.5,2.11,0,6,0.98,82.3,0.279,8,upgrade
0.696,57.4,75.9,2.14,5,3,0.45,53.5,0.135,1,maintain
0.866,92.5,91.2,1.75,2,7,0.856,88.0,0.117,4,upgrade
0.906,74.8,94.2,2.23,2,7,0.824,88.9,-0.049,5,upgrade
0.908,80.7,60.6,1.99,0,1,0.938,87.2,0.087,3,upgrade
0.995,82.8,89.0,2.19,3,5,0.878,83.0,0.077,7,upgrade
0.848,72.4,73.2,1.9,4,1,0.914,80.7,0.137,2,maintain
0.7,71.4,89.7,2.13,4,4,0.765,56.9,-0.009,9,maintain
0.476,28.8,137.8,3.4,14,2,0.526,29.1,-0.102,7,downgrade
0.862,84.7,87.5,2.17,4,5,0.935,72.5,0.003,7,upgrade
0.448,39.3,133.3,3.12,11,4,0.456,44.4,-0.132,6,downgrade
0.366,5,144.6,3.88,10,3,0.217,51.1,-0.144,5,downgrade
0.813,58.5,84.5,2.94,3,6,0.84,68.2,0.067,6,maintain
0.319,33.7,119.6,3.1,11,2,0.349,40.5,0.043,7,downgrade
0.905,91.2,54.8,1.77,5,4,0.946,96.0,0.056,10,upgrade
0.299,36.3,155.4,3.32,13,8,0.249,45.1,-0.044,8,downgrade
0.195,35.4,124.9,3.34,12,4,0.05,43.7,-0.138,3,downgrade
0.371,44.0,111.4,2.82,10,6,0.391,48.2,-0.018,4,downgrade
0.89,76.5,83.9,2.68,2,7,0.95,86.2,0.108,3,upgrade
0.702,64.9,85.8,3.01,2,7,0.574,74.0,0.032,7,maintain
0.904,68.5,70.6,2.63,1,5,0.722,66.8,-0.102,7,maintain
0.881,77.8,64.2,2.41,0,5,0.948,87.6,0.046,4,upgrade
0.238,28.7,158.8,3.43,15,5,0.097,25.7,-0.112,6,downgrade
0.822,86.0,56.8,2.25,3,3,0.887,93.3,0.103,9,upgrade
0.23,8.4,157.1,4.54,13,5,0.291,10.7,0.072,8,downgrade
0.908,75.4,66.8,2.66,2,7,0.928,76.7,0.028,6,upgrade
0.569,88,64.2,1.83,13,4,0.657,47.8,0.314,7,maintain
1.0,94.0,53.0,1.76,0,3,0.898,90.3,0.159,5,upgrade
0.948,85.6,49.7,2.0,3,1,0.877,92.7,0.079,3,upgrade
0.5,64.4,99.2,2.81,5,5,0.771,70.8,0.121,1,maintain
0.903,77.4,48.3,1.85,1,1,0.974,83.2,-0.027,3,upgrade
0.342,34.4,158.9,3.47,12,8,0.375,30.2,-0.252,3,downgrade
0.759,69.5,98.4,2.7,1,8,0.835,68.3,-0.254,8,maintain
0.555,40.0,85.2,3.05,4,7,0.501,45.8,-0.455,5,downgrade
0.329,30.5,125.6,3.74,10,4,0.515,60.1,0.039,8,downgrade
0.617,68.2,72.3,2.71,5,5,0.621,61.3,-0.007,1,maintain
0.5,56.4,109.7,3.01,10,6,0.717,62.7,0.031,1,maintain
0.345,36.3,131.1,3.58,8,6,0.206,39.0,0.092,5,downgrade
0.577,69.8,111.9,2.57,10,5,0.683,59.6,-0.087,10,maintain
0.278,31.1,145.6,3.42,9,4,0.117,41.1,-0.433,3,downgrade
0.804,53.9,108.7,2.9,1,7,0.779,52.8,0.024,8,maintain
0.787,100,62.5,1.71,3,3,1.0,70.4,0.088,4,upgrade
0.418,10.2,123.9,4.4,9,8,0.419,11.8,-0.133,4,downgrade
0.768,51.0,94.0,2.89,5,4,0.594,56.2,0.159,1,maintain
0.199,35.5,139.2,3.38,12,2,0.237,42.2,0.081,5,downgrade
0.777,50.3,117.6,3.13,0,8,0.548,76.1,0.023,7,maintain
0.526,29.0,134.4,3.2,8,3,0.511,36.2,-0.279,1,downgrade
0.912,97.4,52.1,2.02,2,1,0.922,85.6,0.093,4,upgrade
0.213,18.8,171.3,3.81,17,6,0.234,10.1,-0.299,6,downgrade
0.9,84.8,72.4,2.09,3,4,0.848,93.9,0.014,9,upgrade
0.276,37.5,180,3.52,16,5,0.126,43.5,-0.084,8,downgrade
0.863,90.0,62.1,2.16,2,5,0.858,89.9,0.119,7,upgrade
0.871,70.0,71.4,2.83,3,7,0.965,84.8,0.232,2,maintain
0.836,73.6,92.2,1.99,4,4,0.651,65.2,0.095,2,maintain
0.199,37.2,96.1,3.29,7,3,0.368,41.3,-0.034,3,downgrade
0.343,38.3,110.1,2.81,12,2,0.424,53.4,-0.072,2,downgrade
0.216,18.8,158.7,3.92,18,4,0.21,28.6,0.025,1,downgrade
0.792,77.7,96.8,2.64,6,8,0.504,66.8,-0.15,9,maintain
0.74,63.8,98.1,2.71,3,3,0.594,63.0,0.044,7,maintain
0.921,74.9,64.6,2.27,2,5,0.791,85.8,0.139,3,upgrade
0.946,82.8,54.1,1.79,2,2,0.895,90.9,-0.09,8,upgrade
0.947,94.8,76.9,1.8,6,4,0.964,88.3,-0.006,6,upgrade
0.647,47.8,79.1,2.91,6,3,0.526,61.1,-0.031,1,maintain
0.321,36.2,87.3,3.29,8,4,0.255,39.5,-0.134,8,downgrade
0.283,38.6,150.6,3.45,11,7,0.282,31.2,0.155,3,downgrade
0.853,68.9,100.9,2.64,1,8,0.905,89.5,0.087,2,maintain
0.851,70.9,89.4,2.25,0,6,0.91,92.1,0.063,1,maintain
0.725,86.2,64.0,1.57,5,2,0.935,91.0,-0.256,5,maintain
0.902,81.8,94.4,2.26,3,7,0.945,83.0,-0.015,5,upgrade
0.122,20.0,141.0,3.6,13,2,0.05,43.2,-0.151,6,downgrade
0.866,75.2,71.3,2.36,2,5,0.851,82.6,-0.198,9,maintain
0.266,57.8,100.4,2.39,14,3,0.26,56.9,-0.075,5,downgrade
0.234,36.3,143.0,3.06,14,4,0.179,29.6,-0.033,3,downgrade
0.779,71.7,61.9,2.29,0,1,0.819,59.9,0.128,8,maintain
0.427,15.0,123.3,4.16,13,6,0.36,15.4,-0.13,3,downgrade
0.94,85.8,51.4,2.15,1,2,0.861,92.8,0.094,7,upgrade
0.933,79.6,58.0,2.19,3,3,0.903,84.5,0.022,10,upgrade
0.371,36.3,99.8,3.46,9,4,0.438,43.1,-0.166,5,downgrade
0.27,42.3,145.1,3.59,14,8,0.245,46.6,-0.232,3,downgrade
0.814,87.1,57.6,1.48,1,3,0.905,94.4,-0.034,6,upgrade
0.838,84.2,50.1,1.76,1,2,0.755,93.4,0.162,8,upgrade
0.809,52.2,88.3,3.19,1,8,0.625,75.4,0.083,4,maintain
0.729,69.7,105.6,2.24,9,4,0.917,86.3,-0.306,5,maintain
0.692,62.4,77.7,2.34,5,1,0.703,63.9,-0.134,6,maintain
0.166,23.3,135.2,3.75,8,6,0.104,8.4,-0.057,1,downgrade
0.305,34.9,155.1,3.81,13,8,0.367,55.0,-0.228,4,downgrade
0.687,45,92.9,2.76,0,7,0.583,71.6,0.133,1,maintain
0.784,63.5,53.1,2.47,0,1,0.919,79.8,-0.271,4,maintain
0.92,68.9,86.2,2.46,4,6,0.826,56.5,0.091,6,maintain
0.496,23.1,111.3,3.31,6,3,0.592,27.1,0.066,4,downgrade
0.77,94.8,60.7,1.56,3,7,0.898,91.6,0.068,7,upgrade
0.889,81.3,84.5,2.46,3,5,0.934,80.1,0.095,4,upgrade
0.241,36.2,145.8,3.72,14,7,0.202,69.9,-0.122,3,downgrade
0.44,17.0,169.5,4.06,13,5,0.374,25.2,-0.225,1,downgrade
0.951,75.3,72.1,2.39,0,3,0.943,80.2,0.273,4,upgrade
0.867,81.7,100.5,2.52,0,6,0.895,91.7,0.315,6,upgrade
0.906,87.7,74.8,2.29,4,5,0.818,87.6,-0.024,8,upgrade
0.362,32.0,180,3.16,16,4,0.377,36.2,-0.105,8,downgrade
0.839,80.4,79.6,1.78,6,1,0.938,86.3,-0.046,3,upgrade
0.783,82.9,81.6,2.49,3,6,0.78,93.5,0.169,4,upgrade
0.5,72.9,126.1,2.61,8,8,0.694,49.8,-0.214,9,maintain
0.995,79.3,84.7,2.46,0,6,0.916,75.4,0.176,10,upgrade
0.915,78.4,71.4,2.51,0,2,0.896,81.2,0.048,6,upgrade
0.181,8.3,152.9,3.99,13,3,0.24,15.9,-0.137,1,downgrade
0.178,29.8,121.2,3.4,15,4,0.089,34.7,-0.145,4,downgrade
0.585,35.8,129.0,4.08,12,8,0.452,32.1,-0.159,8,downgrade
0.288,33.8,143.7,3.5,8,8,0.37,48.3,0.215,4,downgrade
0.836,78.0,92.2,2.56,2,7,0.831,91.5,0.173,5,upgrade
0.932,89.8,34.8,1.55,0,2,0.94,93.8,0.08,10,upgrade
0.331,20.9,154.3,3.85,9,6,0.332,24.6,-0.166,7,downgrade
0.901,77.8,90.4,2.34,3,1,0.903,93.3,-0.039,6,upgrade
0.751,73.5,104.2,2.59,5,6,0.889,78.0,-0.259,4,maintain
0.193,43.4,151.2,3.48,13,6,0.05,32.2,-0.014,6,downgrade
0.437,32.8,114.3,3.49,9,4,0.431,48.4,-0.328,6,downgrade
0.192,29.9,172.8,3.77,14,5,0.265,29.1,-0.176,2,downgrade
0.89,64.9,77.8,2.32,2,2,0.887,92.2,-0.251,6,maintain
0.157,36.7,159.7,3.55,7,7,0.05,33.0,0.061,1,downgrade
0.934,89.2,35.3,1.53,0,4,0.938,85.2,0.206,7,upgrade
0.687,81.2,76.7,2.22,6,7,0.541,57.8,-0.008,5,maintain
0.336,29.9,115.3,3.51,9,2,0.302,49.9,0.066,6,downgrade
0.275,52.2,82.0,2.45,9,4,0.319,47.3,-0.441,8,downgrade
0.92,50.9,84.4,3.32,2,7,0.791,74.6,0.129,8,maintain
0.873,87.9,88.7,2.2,1,4,0.864,74.6,0.128,10,upgrade
0.891,84.1,55.3,2.26,0,5,0.962,76.0,-0.005,6,upgrade
0.973,90.5,80.9,1.85,0,8,0.879,84.4,0.336,9,maintain
0.27,36.7,171.0,3.79,15,5,0.259,24.3,-0.131,5,downgrade
0.923,98.4,32.4,1.36,0,2,0.935,85.1,0.089,5,upgrade
0.354,39.9,150.6,3.23,14,8,0.214,58.0,0.095,5,downgrade
0.945,79.6,86.3,2.23,5,2,0.934,83.2,0.13,3,upgrade
0.864,81.1,76.3,2.01,2,6,0.909,83.8,0.059,9,upgrade
0.412,17.0,138.2,3.83,6,3,0.503,52.2,-0.182,5,downgrade
0.367,20.9,122.5,4.04,5,8,0.439,22.8,-0.195,7,downgrade
0.765,64.9,75.2,2.1,7,2,0.944,81.8,0.003,1,maintain
0.758,83.8,67.5,1.91,3,1,0.863,86.8,0.13,4,upgrade
0.5,62.9,96.5,2.65,6,5,0.606,50.1,-0.139,4,maintain
0.5,59.7,113.9,2.92,6,5,0.759,61.4,-0.023,1,maintain
0.572,58.6,118.2,2.99,6,4,0.601,60.4,0.072,8,maintain
0.91,90.3,48.3,1.73,0,4,0.763,90.7,0.112,5,upgrade
0.767,52.2,123.8,3.19,4,5,0.529,76.4,-0.033,1,maintain
0.519,23.6,123.7,3.48,8,3,0.656,34.4,-0.071,1,downgrade
0.995,79.4,62.4,1.83,3,5,0.901,95.2,0.022,8,upgrade
0.752,81.4,77.0,1.86,3,2,0.894,85.0,-0.36,4,maintain
0.755,75.3,94.6,2.63,6,3,0.727,45,0.052,1,maintain
0.987,80.0,93.4,2.47,2,6,0.846,82.8,0.066,9,upgrade
0.791,76.3,76.1,2.15,0,5,0.84,71.3,0.139,1,maintain
0.433,34.0,159.8,3.48,14,4,0.777,38.2,-0.236,2,downgrade
0.849,81.0,76.4,2.03,5,6,0.97,74.3,0.061,7,upgrade
0.976,89.5,64.9,2.1,2,5,0.98,86.5,0.064,7,upgrade
0.921,77.1,38.6,1.3,1,1,0.846,87.2,0.194,5,upgrade
0.658,66.2,114.2,2.6,16,7,0.84,73.2,-0.073,10,maintain
0.233,37.5,118.3,3.2,16,6,0.456,37.8,-0.455,2,downgrade
0.649,72.4,96.0,2.2,11,5,0.84,45,0.084,8,maintain
0.439,43.3,103.5,2.91,8,6,0.618,46.3,-0.294,4,downgrade
0.381,41.0,87.4,2.9,7,2,0.397,47.6,-0.01,2,downgrade
0.248,37.9,135.6,3.09,9,7,0.312,40.4,-0.444,5,downgrade
0.351,28.0,180,3.32,17,5,0.457,30.2,-0.084,5,downgrade
0.807,70.5,88.2,2.05,4,4,0.873,80.3,0.106,10,upgrade
0.743,72.6,70.5,1.87,2,6,1.0,91.3,0.046,5,upgrade
0.402,36.2,153.7,3.58,9,7,0.202,45.0,-0.176,8,downgrade
0.855,72.0,110.0,2.68,0,7,0.834,94.3,-0.087,3,upgrade
0.428,22.1,149.4,3.86,4,4,0.285,12.6,-0.05,4,downgrade
0.531,61.8,85.6,2.69,8,7,0.676,70.7,-0.052,6,maintain
0.782,79.5,61.1,2.07,4,4,0.964,92.1,-0.005,2,maintain
0.315,43.5,90.8,2.84,15,3,0.407,78,-0.246,1,downgrade
0.746,84.1,81.7,2.17,5,7,0.831,89.2,0.194,7,upgrade
0.216,53.5,107.8,2.71,8,2,0.3,44.3,-0.044,3,downgrade
0.895,80.7,79.0,1.93,3,4,0.856,87.9,0.183,5,upgrade
0.859,75.2,74.5,2.36,2,5,0.84,52.6,0.22,6,maintain
0.555,44.3,168.2,3.44,11,8,0.753,59.0,-0.229,7,downgrade
0.888,85.5,71.6,1.8,0,3,0.94,92.9,0.03,8,upgrade
0.191,18.0,162.7,3.79,20,8,0.071,25.9,-0.418,2,downgrade
0.452,28.1,156.5,3.41,12,7,0.568,41.8,-0.222,3,downgrade
0.96,84.9,54.9,1.87,0,3,0.979,91.2,-0.006,10,upgrade
0.612,53.7,111.4,2.63,7,3,0.699,70.5,-0.191,2,maintain
0.866,93.3,59.1,1.62,2,4,0.865,85.1,0.125,10,upgrade
0.165,40.0,145.9,3.4,20,6,0.176,38.7,-0.094,7,downgrade
0.448,27.3,108.5,3.51,5,4,0.403,40.8,0.039,5,downgrade
0.836,72.2,68.0,2.4,2,1,0.873,87.2,0.075,4,upgrade
0.881,73.2,90.6,2.44,6,6,0.829,83.0,0.283,10,upgrade
0.842,87.3,30.9,1.38,1,1,0.923,83.2,0.126,10,upgrade
0.796,56.2,97.2,2.93,4,4,0.798,63.2,0.082,9,maintain
0.5,72.1,135.5,2.65,9,8,0.527,79.9,-0.021,5,maintain
0.727,67.4,54.6,2.26,2,5,0.721,74.0,-0.124,8,maintain
0.419,34.6,103.6,3.56,7,4,0.398,56.4,-0.026,4,downgrade
0.362,24.1,140.1,3.8,7,8,0.403,36.1,0.001,6,downgrade
0.976,92.4,43.6,1.82,0,3,0.947,84.6,-0.085,9,upgrade
0.609,15.4,104.0,3.9,6,4,0.527,31.5,-0.011,2,downgrade
0.442,20.4,103.5,3.37,5,2,0.44,28.1,-0.345,5,downgrade
0.382,16.2,111.8,3.82,9,2,0.422,46.8,-0.343,8,downgrade
0.844,57.3,136.5,2.94,7,7,0.574,56.6,-0.017,8,maintain
0.908,82.0,55.0,2.38,0,5,0.894,84.1,0.139,6,upgrade
0.447,24.4,147.3,3.82,12,6,0.445,7.2,-0.023,7,downgrade
0.886,66.6,103.2,2.85,3,6,0.93,77.5,0.069,5,upgrade
0.778,88.4,75.7,1.94,5,2,0.886,85.7,0.179,4,upgrade
0.383,39.9,180,3.83,13,7,0.268,40.7,-0.211,6,downgrade
0.729,54.0,90.3,2.34,3,1,0.633,47.2,0.023,1,maintain
0.828,47.3,125.5,3.03,2,5,0.777,66.6,-0.228,3,maintain
0.757,78.9,67.4,1.87,6,5,0.964,87.6,-0.073,2,maintain
0.98,91.9,28.3,0.97,0,1,0.968,69.4,0.143,6,upgrade
0.919,83.2,41.3,1.72,2,1,0.896,82.7,0.011,3,upgrade
0.798,59.6,110.4,3.19,5,8,0.838,73.3,0.099,3,maintain
0.965,67.9,66.4,2.08,5,2,0.833,90.3,0.224,10,upgrade
0.95,83.7,65.9,1.72,2,1,0.912,87.0,-0.025,6,upgrade
0.218,32.9,163.9,3.65,16,4,0.153,58.9,-0.27,7,downgrade
0.371,26.4,130.4,3.53,13,4,0.337,28.9,0.25,2,downgrade
0.538,48.7,94.0,3.51,5,7,0.534,55.3,0.107,4,maintain
0.799,76.3,75.9,1.99,3,3,0.686,74.2,0.089,9,maintain
0.888,95.3,68.6,1.79,4,3,0.892,82.0,-0.044,3,upgrade
0.529,28.0,130.9,3.71,5,8,0.525,36.5,-0.078,3,downgrade
0.43,47.1,137.2,3.52,11,8,0.42,27.4,0.102,2,downgrade
0.369,11.9,97.1,3.47,8,4,0.281,22.0,-0.127,2,downgrade
0.327,36.4,143.8,3.05,17,3,0.476,52.0,-0.106,4,downgrade
0.795,54.5,109.6,2.75,1,8,0.84,68.4,-0.071,8,maintain
0.937,93.4,82.2,2.17,0,5,0.856,91.9,0.011,5,upgrade
0.786,77.7,57.5,1.88,2,2,0.915,65,0.043,8,upgrade
0.889,72.9,69.6,2.27,2,4,0.897,92.4,-0.007,7,upgrade
0.65,70.0,76.1,2.11,6,4,0.599,71.1,0.006,4,maintain
0.753,70.3,75.1,2.14,3,6,0.946,80.6,-0.04,2,maintain
0.566,60.8,86.6,2.12,6,2,0.736,67.4,0.263,1,maintain
0.177,44.3,115.4,2.81,14,2,0.152,49.0,0.061,2,downgrade
0.778,88.6,78.9,2.22,2,3,0.785,90.2,0.078,8,upgrade
0.908,78.5,55.1,1.6,0,1,0.95,87.7,0.173,1,maintain
0.173,29.5,147.3,3.61,7,7,0.261,46.7,-0.208,1,downgrade
0.672,75.0,107.9,2.52,3,4,0.675,45,-0.009,2,maintain
0.467,22.5,180,3.65,13,4,0.638,16.1,-0.271,2,downgrade
0.375,18.2,140.5,4.13,11,6,0.393,22.6,-0.269,5,downgrade
0.36,51.0,102.4,2.7,14,2,0.18,73.5,-0.181,8,downgrade
0.5,58.8,130.5,2.81,10,6,0.765,67.5,0.001,5,maintain
0.372,25.4,110.1,3.21,12,2,0.289,20.0,0.032,5,downgrade
0.522,12.1,125.0,4.27,9,3,0.678,17.6,-0.071,7,downgrade
0.912,82.6,61.9,1.61,3,2,0.88,85.4,0.125,8,upgrade
0.735,63.0,79.7,3.15,4,8,0.84,74.3,-0.299,6,maintain
0.789,50.2,118.4,2.92,5,7,0.534,68.6,0.041,2,maintain
0.897,68.4,93.7,2.63,4,7,0.879,78.9,0.016,1,maintain
0.823,45,97.5,3.28,3,5,0.707,79.9,0.06,1,maintain
0.882,89.1,60.6,2.11,2,3,0.803,91.1,0.022,7,upgrade
0.289,15.6,115.6,4.1,9,4,0.358,15.3,-0.069,5,downgrade
0.962,85.1,53.6,1.62,0,1,0.995,81.9,-0.089,5,upgrade
0.294,11.5,136.9,3.65,12,5,0.335,5,-0.134,4,downgrade
0.839,87.9,72.6,1.76,3,3,0.905,93.9,-0.09,6,upgrade
0.867,95.9,70.0,1.69,3,3,0.875,81.4,0.174,6,upgrade
0.988,76.9,80.0,2.29,2,4,0.928,71.5,0.169,5,upgrade
0.945,87.8,44.0,1.64,0,1,0.891,84.5,-0.036,4,upgrade
0.955,91.4,71.4,2.05,0,4,0.75,96.8,0.232,5,upgrade
0.852,53.8,94.5,2.9,0,1,0.555,56.4,0.074,1,maintain
0.869,73.2,91.5,2.22,4,3,0.971,81.0,0.015,4,upgrade
0.334,55.2,113.9,2.7,11,8,0.344,71.9,-0.124,3,downgrade
0.528,23.2,145.4,3.79,7,5,0.765,27.3,-0.198,4,downgrade
0.268,33.6,110.2,3.36,8,2,0.233,16.9,-0.136,1,downgrade
0.722,68.7,91.2,2.5,1,3,0.84,75.7,-0.091,4,maintain
0.92,74.7,101.2,2.52,0,6,0.875,91.4,0.13,2,maintain
0.784,89.4,48.3,1.39,3,1,0.97,92.8,-0.079,8,upgrade
0.901,90.7,24.0,1.19,0,1,0.914,90.3,0.078,5,upgrade
0.884,86.7,40.2,1.52,3,1,0.901,90.8,-0.015,10,upgrade
0.339,35.8,108.5,3.34,12,6,0.521,42.2,0.211,3,downgrade
0.526,27.4,140.4,3.81,4,6,0.557,34.6,-0.059,2,downgrade
0.977,87.2,46.3,1.88,0,2,0.954,78.8,-0.002,8,upgrade
0.906,75.5,46.7,1.85,1,1,0.968,90.2,-0.085,4,upgrade
0.916,86.4,80.8,2.12,0,6,0.771,90.8,-0.084,3,upgrade
0.887,86.8,46.5,1.83,1,1,0.792,83.4,0.282,5,upgrade
0.963,82.8,47.1,1.62,0,2,0.896,85.1,0.184,7,upgrade
0.846,87.6,72.4,2.07,4,3,0.959,85.5,0.224,10,upgrade
0.344,36.4,167.0,3.48,9,5,0.365,33.2,-0.216,8,downgrade
0.875,74.6,76.8,2.06,1,1,0.774,85.5,0.091,7,upgrade
0.755,71.5,66.4,2.67,3,3,0.828,78.9,0.102,10,maintain
0.396,29.1,137.8,3.53,15,6,0.369,23.0,-0.25,6,downgrade
0.256,25.5,145.3,3.44,14,4,0.369,37.9,-0.171,7,downgrade
0.239,41.5,133.6,3.13,7,8,0.426,62.0,-0.204,8,downgrade
0.269,20.8,136.5,4.01,11,8,0.488,28.5,-0.2,2,downgrade
0.966,77.1,62.4,2.27,2,4,0.842,91.3,0.125,8,upgrade
0.307,35.4,135.5,3.13,8,5,0.494,31.0,0.099,1,downgrade
0.832,72.2,73.4,2.39,3,7,0.456,75.9,-0.037,10,maintain
0.374,49.4,131.3,3.39,8,5,0.469,48.2,-0.128,6,downgrade
0.888,92.0,80.3,1.9,1,5,0.871,91.1,0.146,9,upgrade
0.327,26.1,97.1,3.59,7,7,0.429,30.5,-0.17,4,downgrade
0.863,83.4,64.7,1.75,3,2,0.877,84.1,0.182,4,upgrade
0.934,82.9,61.8,2.07,2,3,0.866,88.5,-0.09,10,upgrade
0.514,68.6,95.9,2.4,6,4,0.701,70.3,-0.042,8,maintain
0.472,11.1,148.1,3.83,9,2,0.691,5,0.115,5,downgrade
0.177,39.9,161.6,2.91,19,2,0.191,34.9,-0.04,5,downgrade
0.336,47.4,143.4,2.86,10,5,0.338,59.8,-0.143,6,downgrade
0.847,58.6,107.9,3.12,4,5,0.84,60.1,0.268,5,maintain
0.826,89.5,42.1,1.02,1,2,0.911,71.3,0.118,7,upgrade
0.806,75.7,86.5,2.17,6,7,0.595,63.0,-0.03,2,maintain
0.597,63.0,103.7,2.88,4,5,0.565,67.7,0.049,6,maintain
0.885,78.6,78.7,2.11,1,3,0.9,86.7,0.152,10,upgrade
0.724,85.7,65.8,2.11,5,6,0.949,92.2,0.251,1,maintain
0.256,34.5,144.1,3.56,14,8,0.357,26.1,-0.048,4,downgrade
0.343,36.4,143.7,3.27,14,6,0.416,49.5,-0.067,5,downgrade
0.776,71.6,68.1,2.56,1,6,0.828,84.5,0.005,9,upgrade
0.954,81.3,80.9,2.06,2,5,0.842,91.5,-0.002,6,upgrade
0.864,74.1,67.0,2.07,1,1,0.935,77.0,-0.02,9,upgrade
0.415,43.5,106.3,2.76,6,6,0.459,56.5,-0.051,3,downgrade
0.429,11.0,162.8,4.09,11,7,0.594,11.4,-0.0,5,downgrade
1.0,84.4,81.6,1.99,3,4,0.956,87.1,0.156,6,upgrade
0.647,88,61.5,1.9,3,1,0.566,79.9,0.24,5,maintain
0.739,45,100.0,3.25,2,2,0.84,60.3,0.072,4,maintain
0.657,10.3,101.5,3.94,8,4,0.661,5.6,-0.5,6,downgrade
0.687,56.7,110.1,2.94,5,8,0.654,75.6,0.01,8,maintain
0.775,75.0,108.7,2.92,8,8,0.945,79.3,0.226,1,maintain
0.195,33.4,127.3,3.24,11,2,0.362,32.8,-0.037,5,downgrade
0.751,71.4,98.6,2.19,5,6,0.914,80.6,0.222,1,maintain
0.952,94.8,65.4,1.89,0,2,0.913,91.8,0.012,10,upgrade
0.5,59.5,68.1,2.71,6,2,0.755,54.6,0.124,9,maintain
0.966,92.0,67.9,2.24,0,4,0.8,94.9,0.153,6,upgrade
0.565,53.4,143.5,3.01,6,5,0.742,72.8,-0.067,10,maintain
0.343,23.6,136.0,3.68,9,7,0.486,16.0,-0.5,2,downgrade
0.395,28.7,117.8,3.23,11,3,0.259,39.3,0.124,6,downgrade
0.882,74.3,85.3,2.57,3,7,0.881,78.6,-0.163,7,maintain
0.92,58.2,85.2,2.6,0,3,0.84,66.4,-0.199,2,maintain
0.21,45.9,120.6,3.31,17,5,0.466,44.2,0.059,8,downgrade
0.966,98.0,60.5,1.91,1,7,0.905,96.2,0.151,4,upgrade
0.659,58.0,81.4,1.94,4,3,0.84,61.9,-0.1,9,maintain
0.947,83.5,68.4,1.68,0,5,0.967,86.4,-0.09,9,upgrade
0.9,79.8,67.3,2.2,1,3,0.963,79.9,0.004,8,upgrade
0.882,50.8,133.3,3.34,3,6,0.84,76.6,0.137,8,maintain
0.221,51.3,104.7,2.68,13,3,0.459,78,-0.388,8,downgrade
0.32,25.9,135.4,3.78,9,8,0.58,32.4,-0.177,1,downgrade
0.414,41.4,132.3,2.99,12,3,0.447,39.9,-0.239,2,downgrade
0.261,34.6,161.7,3.48,15,4,0.347,38.3,-0.191,2,downgrade
0.92,50.8,74.2,2.58,3,2,0.724,61.8,0.029,1,maintain
0.87,81.8,76.2,2.08,2,7,0.928,78.3,-0.09,4,upgrade
0.848,69.8,77.4,2.42,5,3,0.679,56.1,0.069,3,maintain
0.946,92.8,60.4,1.95,0,6,0.789,87.9,0.116,3,upgrade
0.806,67.8,76.8,1.86,3,2,0.742,79.9,0.088,4,maintain
0.378,19.9,160.5,4.31,13,8,0.504,29.3,0.067,4,downgrade
0.681,64.5,100.4,2.66,5,3,0.631,46.4,0.087,10,maintain
0.988,93.0,62.4,1.59,0,3,0.849,94.7,0.043,10,upgrade
0.866,63.7,82.6,2.75,4,7,0.764,75.2,0.099,2,maintain
0.852,70.0,43.3,2.03,2,2,0.923,91.4,-0.152,5,maintain
0.622,45,75.7,2.71,7,1,0.652,74.3,-0.182,3,maintain
0.626,54.5,84.1,2.32,5,1,0.703,59.0,-0.169,3,maintain
0.718,67.0,114.9,2.53,8,2,0.462,63.4,0.262,4,maintain
0.744,61.5,69.8,2.53,5,2,0.821,65.7,-0.192,5,maintain
0.248,63.9,151.6,2.68,12,5,0.331,72.4,-0.081,1,downgrade
0.5,54.9,105.7,2.8,8,4,0.661,71.5,-0.23,4,maintain
0.94,71.9,81.3,2.87,0,6,0.932,84.5,0.255,7,upgrade
0.434,12.5,164.4,3.97,15,7,0.249,5,-0.145,5,downgrade
0.576,59.1,92.0,2.68,6,4,0.684,79.9,0.07,5,maintain
0.324,33.3,163.4,3.56,13,8,0.625,46.1,-0.256,3,downgrade
0.757,79.8,86.8,1.96,5,6,0.949,86.7,0.021,1,maintain
0.392,19.6,131.8,3.83,7,6,0.579,5,-0.104,3,downgrade
0.843,71.5,85.0,2.38,5,3,0.907,78.8,-0.063,1,maintain
0.762,73.9,130.7,3.1,6,7,0.568,63.4,-0.04,4,maintain
0.978,87.0,93.1,2.46,1,6,0.873,98.6,0.036,6,upgrade
0.551,58.3,82.9,2.74,2,3,0.782,72.7,0.075,7,maintain
0.672,45,89.5,3.1,4,5,0.657,72.5,0.095,2,maintain
0.318,25.3,169.5,4.26,14,7,0.361,34.4,-0.262,8,downgrade
0.477,37.0,95.8,3.19,8,3,0.532,27.2,-0.198,6,downgrade
0.654,75.6,75.4,2.19,2,2,0.661,79.9,0.32,9,maintain
0.682,71.6,99.5,2.6,5,7,0.666,79.3,0.026,4,maintain
0.822,90.1,64.9,1.64,2,2,0.888,76.5,0.081,5,upgrade
0.876,96.5,52.8,1.57,2,3,0.894,91.2,0.231,8,upgrade
0.891,72.8,100.1,2.56,2,6,0.877,86.4,0.167,9,upgrade
0.295,55.7,147.3,2.99,13,3,0.259,71.0,-0.181,1,downgrade
0.923,88.8,80.3,2.1,1,6,0.963,65.6,0.21,8,upgrade
0.923,79.8,70.9,2.4,2,6,0.932,75.3,0.079,4,upgrade
0.891,94.4,63.4,1.56,2,5,0.887,94.5,0.197,3,upgrade
0.888,84.5,79.4,2.27,1,5,0.832,86.9,0.008,6,upgrade
0.864,77.3,50.0,2.07,2,5,0.901,94.8,0.015,7,upgrade
0.728,55.1,105.3,2.87,6,4,0.664,61.9,0.115,2,maintain
0.977,89.8,98.8,2.38,1,7,0.922,84.5,0.009,8,upgrade
0.938,65.6,85.4,3.01,1,4,0.859,92.3,-0.018,2,maintain
0.902,73.7,78.4,2.97,2,6,0.719,79.9,-0.166,10,maintain
0.962,74.9,49.6,2.23,0,5,0.976,84.8,0.157,10,upgrade
0.877,84.2,39.3,1.63,1,2,0.945,79.4,0.159,6,upgrade
0.936,88.2,47.9,1.76,0,5,0.944,84.0,0.169,9,upgrade
0.881,99.7,41.9,1.22,2,1,0.863,86.5,0.033,6,upgrade
0.617,69.4,58.6,2.0,7,1,0.786,64.9,-0.174,1,maintain
0.538,31.2,101.5,3.13,6,3,0.53,34.6,0.14,6,downgrade
0.35,20.4,167.3,4.4,6,7,0.448,43.3,-0.353,2,downgrade
0.454,23.1,159.9,3.84,7,8,0.549,8.6,-0.284,2,downgrade
0.716,78.0,83.6,1.88,5,3,0.794,52.3,0.078,5,maintain
0.859,73.2,55.6,2.18,3,1,0.867,90.0,0.143,7,upgrade
0.79,83.6,107.5,2.33,6,7,0.921,87.0,-0.022,2,maintain
0.825,81.0,56.9,1.97,2,2,0.863,82.7,0.083,10,upgrade
0.911,90.5,60.6,1.68,2,2,0.927,91.2,0.161,6,upgrade
0.77,63.2,84.4,2.38,7,3,0.968,88.8,-0.402,5,maintain
0.563,64.5,104.5,2.8,8,7,0.735,55.6,-0.13,9,maintain
0.509,29.3,103.9,3.31,13,3,0.733,14.2,0.067,1,downgrade
0.157,55.4,154.5,2.68,14,6,0.2,45.3,-0.143,2,downgrade
0.952,92.5,52.2,1.8,0,2,0.94,82.1,0.076,9,upgrade
0.413,22.3,112.8,3.59,11,4,0.376,35.9,-0.257,8,downgrade
0.403,53.5,163.0,3.57,8,7,0.564,78,-0.337,1,downgrade
0.375,36.1,121.9,3.31,15,2,0.397,36.8,0.026,5,downgrade
0.478,28.6,111.2,3.62,8,3,0.531,19.2,0.234,6,downgrade
0.5,71.1,61.2,2.17,10,2,0.69,79.9,0.039,4,maintain
0.584,60.1,65.4,2.48,5,3,0.791,52.6,-0.072,5,maintain
0.251,26.8,128.1,3.76,11,6,0.447,27.5,-0.092,6,downgrade
0.401,13.8,178.9,4.07,12,8,0.48,18.2,-0.181,2,downgrade
0.595,63.8,117.9,2.75,10,5,0.84,70.0,0.089,5,maintain
0.58,52.9,143.9,3.24,7,7,0.45,54.7,0.136,6,maintain
0.923,95.6,81.9,2.02,0,6,0.846,91.6,0.185,8,upgrade
0.794,51.2,120.6,3.4,1,8,0.84,75.7,-0.008,2,maintain
0.92,84.0,52.1,1.8,0,1,0.88,90.9,0.032,9,upgrade
0.755,81.9,150.7,2.75,8,8,0.855,84.4,0.284,1,maintain
0.506,61.0,109.9,2.55,7,2,0.708,69.2,0.067,7,maintain
0.933,85.5,78.7,1.74,2,8,0.979,88.6,0.089,8,maintain
0.683,55.3,58.4,2.49,4,1,0.762,78.5,-0.098,4,maintain
0.17,56.7,101.3,2.6,8,3,0.192,70.9,-0.033,6,downgrade
0.484,32.6,130.8,3.62,5,7,0.35,46.7,0.163,2,downgrade
0.184,39.9,142.2,3.11,20,2,0.2,48.9,-0.431,1,downgrade
0.857,73.5,86.8,2.44,6,5,0.906,89.9,-0.314,7,maintain
0.897,70.2,48.0,1.92,0,2,0.75,86.1,0.031,3,upgrade
0.157,45.8,160.4,3.14,18,5,0.283,48.4,-0.211,2,downgrade
0.645,54.7,100.2,3.06,4,7,0.711,63.9,-0.053,8,maintain
0.45,35.8,147.9,3.34,14,2,0.541,55.8,0.009,1,downgrade
0.243,30.8,112.1,3.02,16,8,0.23,32.3,-0.127,3,downgrade
0.253,34.7,180,3.94,13,6,0.403,12.1,-0.151,4,downgrade
0.275,17.1,151.8,4.34,14,8,0.16,38.9,-0.09,4,downgrade
0.86,91.4,63.4,1.87,0,6,0.898,85.6,0.04,9,upgrade
0.878,90.6,54.2,1.99,0,5,0.929,85.7,0.129,7,upgrade
0.748,73.5,99.4,2.65,2,6,0.615,68.7,0.298,9,maintain
0.5,49.6,120.7,2.79,10,1,0.45,61.0,-0.068,5,maintain
1.0,84.8,50.5,1.97,0,1,0.798,87.1,-0.09,4,upgrade
0.359,34.4,144.8,3.64,10,7,0.443,30.2,-0.358,5,downgrade
0.511,71.1,137.0,2.29,13,7,0.645,79.6,0.124,4,maintain
0.999,83.4,82.1,2.45,0,8,0.874,85.0,0.31,4,maintain
0.944,76.1,105.0,2.44,2,6,0.927,81.3,-0.09,7,upgrade
0.5,60.3,94.6,2.63,8,6,0.69,78.2,0.021,10,maintain
0.877,76.4,91.2,2.16,2,4,0.962,83.0,0.154,4,upgrade
0.222,55.1,180,2.88,20,2,0.353,43.5,0.031,6,downgrade
0.9,75.0,63.3,1.79,3,1,0.878,83.1,0.099,7,upgrade
0.397,34.4,80.8,3.3,5,6,0.624,40.9,-0.125,5,downgrade
0.707,77.0,63.8,2.02,5,1,0.615,61.6,-0.06,8,maintain
0.867,77.7,40.1,1.58,4,1,0.832,83.6,0.011,10,upgrade
0.429,41.3,145.7,3.12,10,8,0.514,37.3,-0.112,7,downgrade
0.836,100,74.6,2.12,0,5,0.903,89.0,0.029,9,upgrade
0.934,100,46.4,1.34,0,7,0.964,86.6,0.236,4,upgrade
0.636,69.4,71.6,2.36,6,5,0.793,67.9,-0.175,4,maintain
0.887,81.5,52.8,1.96,4,1,0.894,86.1,0.119,6,upgrade
0.866,74.9,64.3,1.91,0,2,0.998,81.6,0.127,3,upgrade
0.84,78.9,88.5,1.97,6,2,0.916,76.2,0.119,4,upgrade
0.844,75.8,72.5,2.19,2,7,0.873,94.6,0.001,3,upgrade
0.48,15.8,122.7,3.44,8,1,0.623,63.1,-0.219,1,maintain
0.892,100,97.3,1.89,4,7,0.932,90.7,-0.09,6,upgrade
0.672,69.6,119.3,2.7,8,2,0.612,58.3,-0.048,5,maintain
0.548,57.5,96.9,2.65,8,7,0.606,69.4,-0.084,2,maintain
0.414,59.7,119.0,2.52,10,6,0.204,47.2,-0.025,8,downgrade
0.625,73.7,57.3,2.13,2,6,0.571,79.5,-0.18,2,maintain
0.351,36.2,109.7,3.3,7,4,0.42,31.7,-0.209,7,downgrade
0.275,21.5,121.2,3.39,11,3,0.335,13.0,-0.131,5,downgrade
0.243,39.2,114.5,3.3,16,5,0.305,27.9,0.055,6,downgrade
0.784,84.3,82.1,2.16,5,4,0.912,79.1,0.06,9,upgrade
0.669,76.8,96.6,2.47,3,5,0.734,79.9,-0.182,7,maintain
0.87,86.5,63.1,2.19,1,5,0.916,92.0,0.141,4,upgrade
0.689,62.4,88.6,2.9,7,5,0.732,57.5,-0.02,9,maintain
0.331,47.6,122.9,3.08,13,3,0.427,47.0,-0.169,2,downgrade
0.136,44.7,138.0,3.1,20,4,0.361,58.3,-0.123,5,downgrade
0.936,75.1,83.1,2.69,1,8,0.919,84.4,-0.01,2,maintain
0.891,93.2,79.8,2.22,4,6,0.894,76.1,0.134,3,upgrade
0.3,50.5,109.6,3.03,10,4,0.509,54.0,0.088,3,downgrade
0.458,36.2,146.2,3.52,11,6,0.499,56.6,-0.084,3,downgrade
0.928,73.0,75.6,2.75,0,6,0.855,85.0,0.22,9,upgrade
0.389,17.6,145.3,3.93,13,4,0.38,5,-0.267,6,downgrade
0.723,52.0,117.7,3.06,1,7,0.625,76.0,0.032,9,maintain
0.195,18.9,162.6,3.91,9,7,0.218,5,-0.275,7,downgrade
0.9,81.9,71.1,2.37,0,8,0.65,52.9,-0.04,7,maintain
0.889,100,34.7,1.41,0,1,0.808,88.3,0.023,5,upgrade
0.272,33.0,108.2,3.1,13,3,0.17,65.1,-0.012,8,downgrade
0.992,80.2,70.1,1.43,4,2,0.897,86.5,0.143,7,upgrade
0.323,32.6,99.8,3.7,7,5,0.351,51.8,-0.233,2,downgrade
0.987,92.5,43.1,1.82,0,3,0.854,92.2,-0.09,4,upgrade
0.856,82.9,48.1,2.24,0,4,0.945,93.5,0.053,4,upgrade
0.187,40.5,93.0,2.84,11,4,0.461,52.7,-0.098,2,downgrade
0.251,28.0,121.0,3.34,10,3,0.257,38.2,-0.086,5,downgrade
0.714,56.1,88.0,2.69,5,3,0.652,77.7,0.171,10,maintain
0.342,15.8,116.8,3.72,9,5,0.366,14.0,-0.127,5,downgrade
0.897,76.3,63.1,2.21,1,2,0.857,80.6,-0.024,1,maintain
0.309,30.0,116.3,3.52,13,2,0.239,38.1,-0.085,1,downgrade
0.599,61.4,86.8,2.22,7,1,0.761,46.7,0.063,10,maintain
0.592,58.7,68.8,2.49,3,3,0.688,68.9,0.164,1,maintain
0.899,86.5,70.7,1.93,0,7,0.914,71.4,0.231,4,upgrade
0.87,83.8,39.7,1.56,0,1,0.895,86.8,-0.065,4,upgrade
0.207,45.6,156.0,3.29,20,6,0.193,50.5,-0.301,1,downgrade
0.444,31.7,180,3.67,16,7,0.541,35.4,-0.123,1,downgrade
0.206,51.8,120.0,2.92,12,3,0.296,54.2,0.079,8,downgrade
0.879,59.5,99.4,2.9,4,4,0.647,54.7,0.018,9,maintain
0.868,75.7,63.1,2.4,4,3,0.91,86.2,0.175,6,upgrade
0.306,31.3,89.5,3.48,9,2,0.346,34.2,-0.113,5,downgrade
0.926,69.1,73.5,2.17,2,3,0.956,83.3,-0.09,3,upgrade
0.406,32.6,88.5,3.68,5,3,0.483,33.0,-0.289,6,downgrade
0.886,83.3,53.4,2.11,1,6,0.918,82.6,0.051,5,upgrade
0.625,56.4,85.3,2.72,6,2,0.84,79.9,-0.066,8,maintain
0.793,56.8,90.9,2.8,3,8,0.562,47.2,-0.05,10,maintain
0.769,74.5,74.3,2.17,2,1,0.904,86.1,0.173,3,upgrade
0.885,84.1,55.1,1.97,0,6,0.869,88.5,0.031,8,upgrade
0.332,28.6,123.9,3.64,12,5,0.302,23.2,-0.131,4,downgrade
0.916,84.0,56.0,1.78,1,5,0.932,83.5,0.167,3,upgrade
0.129,63.9,121.3,2.76,19,2,0.299,76.7,-0.165,4,downgrade
0.861,80.4,96.6,2.99,2,5,0.968,81.2,0.19,3,upgrade
0.29,39.5,98.8,2.73,13,4,0.399,57.5,0.004,3,downgrade
0.584,52.0,111.5,2.6,6,4,0.557,75.0,-0.022,4,maintain
0.838,100,83.9,1.85,3,5,0.879,81.5,0.172,9,upgrade
0.854,56.4,78.8,2.86,1,4,0.58,79.9,-0.045,10,maintain
0.34,36.2,174.0,3.35,13,7,0.342,34.2,-0.004,4,downgrade
0.951,79.2,45.9,1.81,1,3,0.829,86.1,0.185,7,upgrade
0.987,85.6,81.2,2.19,0,2,0.974,89.5,0.204,5,upgrade
1.0,73.7,73.2,2.1,2,2,1.0,93.4,0.041,6,upgrade
0.886,87.9,69.8,2.24,3,7,0.886,84.3,-0.09,5,upgrade
0.843,83.7,87.4,2.04,4,2,0.904,79.0,0.03,8,upgrade
0.216,50.1,147.6,2.81,14,5,0.24,50.8,-0.079,2,downgrade
0.29,54.2,79.2,2.13,15,4,0.21,45.0,-0.014,1,downgrade
0.707,77.0,79.7,2.27,2,5,0.84,76.4,0.155,6,maintain
0.85,66.4,64.3,2.32,2,7,0.927,87.5,0.281,1,maintain
0.277,46.9,120.9,3.43,14,7,0.386,33.9,-0.175,4,downgrade
0.628,45,134.2,3.61,11,8,0.458,68.1,-0.11,10,maintain
0.25,15.2,106.4,3.71,9,5,0.385,7.7,-0.155,5,downgrade
0.503,22.1,108.1,3.81,5,8,0.549,44.5,0.143,5,downgrade
0.377,37.7,157.9,3.56,12,2,0.359,48.4,-0.09,5,downgrade
0.17,25.2,135.0,3.77,20,5,0.147,33.8,-0.223,1,downgrade
0.421,20.0,125.9,3.46,14,2,0.441,29.5,-0.058,2,downgrade
0.846,69.1,89.2,2.23,2,3,0.917,81.6,0.153,7,upgrade
0.345,32.9,147.3,3.65,5,5,0.25,25.7,-0.046,4,downgrade
0.2,16.6,180,3.76,18,6,0.364,18.9,-0.286,2,downgrade
0.219,51.7,126.4,3.24,12,8,0.211,48.9,0.051,1,downgrade
0.863,72.4,64.5,1.94,0,4,0.594,70.5,-0.042,7,maintain
0.314,43.9,130.1,3.17,16,6,0.358,43.9,-0.305,4,downgrade
0.374,46.6,119.6,3.4,6,7,0.292,45.4,-0.096,1,downgrade
0.883,92.5,57.6,1.89,0,2,0.811,91.7,0.239,3,upgrade
0.949,86.6,51.2,1.68,1,6,0.931,92.3,-0.447,4,maintain
0.864,68.8,71.2,2.5,3,4,0.702,74.3,0.003,7,maintain
0.903,89.8,61.5,1.86,1,4,0.974,77.9,0.222,4,upgrade
0.161,49.7,92.9,2.78,12,2,0.138,67.9,-0.3,1,downgrade
1.0,78.3,51.3,1.59,0,1,0.9,91.2,0.046,6,upgrade
0.859,46.1,90.9,2.8,1,4,0.721,59.0,-0.063,3,maintain
0.96,89.7,80.8,1.8,1,7,0.918,82.4,0.086,3,upgrade
0.657,55.6,92.1,3.39,6,7,0.84,65.8,0.093,5,maintain
0.357,33.2,153.4,3.61,9,6,0.107,24.2,-0.098,3,downgrade
0.402,25.8,129.0,3.89,6,7,0.489,30.5,-0.166,8,downgrade
0.216,13.5,98.7,3.63,9,2,0.351,5,-0.042,6,downgrade
0.188,44.2,145.5,3.37,14,7,0.075,65.5,-0.213,5,downgrade
0.9,85.5,74.1,2.32,0,5,0.943,66.5,0.086,8,upgrade
0.502,52.5,89.1,2.52,7,5,0.759,63.1,0.003,5,maintain
0.94,77.0,56.1,1.81,0,1,0.932,78.4,-0.008,10,upgrade
0.788,76.7,89.1,1.94,6,1,0.92,88.4,-0.07,1,maintain
0.182,42.7,134.1,2.78,20,2,0.418,37.7,-0.233,3,downgrade
0.753,83.9,83.1,1.99,5,2,0.538,68.6,-0.103,9,maintain
0.308,26.7,130.4,3.47,12,3,0.513,20.0,-0.2,8,downgrade
0.839,78.0,59.7,1.93,0,1,0.859,78.2,0.152,7,upgrade
0.52,12.8,178.1,4.29,8,7,0.373,38.3,-0.273,2,downgrade
0.188,48.6,96.8,2.73,11,4,0.225,46.3,-0.193,4,downgrade
0.924,85.4,48.4,2.01,0,3,1.0,90.3,0.158,10,upgrade
0.601,69.7,49.9,1.91,0,1,0.836,69.9,-0.118,6,maintain
0.849,60.2,77.9,2.57,3,4,0.548,55.0,-0.082,10,maintain
0.889,80.8,92.0,2.23,0,7,0.839,84.6,0.191,5,upgrade
1.0,86.3,46.1,1.89,3,2,0.839,89.0,0.232,7,upgrade
0.979,89.8,54.4,1.54,0,3,0.95,87.7,-0.09,7,upgrade
0.341,25.0,140.6,3.81,14,6,0.428,47.8,-0.27,6,downgrade
0.332,22.4,151.3,3.14,13,3,0.5,8.0,-0.37,4,downgrade
0.9,71.1,67.7,2.66,0,5,0.879,85.7,0.057,3,upgrade
0.886,78.5,83.3,2.43,4,2,0.829,89.1,-0.03,6,upgrade
0.81,79.4,93.1,2.07,4,3,0.939,96.0,0.157,6,upgrade
0.195,61.9,149.3,3.47,13,8,0.372,60.5,-0.394,4,downgrade
0.878,80.0,71.4,1.87,4,2,0.868,86.6,-0.015,4,upgrade
0.491,24.9,161.4,4.04,6,5,0.536,19.0,-0.113,8,downgrade
0.592,67.6,61.9,2.22,7,5,0.707,56.4,0.153,6,maintain
0.385,34.7,106.6,3.1,12,4,0.625,50.2,-0.042,7,downgrade
0.308,25.2,105.4,3.48,7,5,0.243,17.6,-0.169,8,downgrade
0.798,83.7,85.4,2.06,2,6,0.927,89.2,0.168,7,upgrade
0.894,76.4,63.3,2.18,0,4,0.84,82.8,0.094,4,upgrade
0.834,70.1,81.0,2.12,3,1,0.835,85.6,0.123,6,upgrade
0.852,79.7,61.4,2.19,1,4,0.895,94.5,0.102,3,upgrade
1.0,75.6,82.3,2.22,2,4,0.976,95.7,0.1,10,upgrade
0.981,68.6,112.0,2.53,2,6,0.962,74.5,-0.043,9,upgrade
0.889,88.4,34.5,1.77,1,1,0.897,65.9,0.174,9,upgrade
0.386,54.7,154.7,3.07,13,8,0.567,56.1,-0.033,7,downgrade
0.24,35.5,165.5,3.49,15,1,0.814,66.4,-0.087,4,maintain
0.854,83.2,65.8,2.05,1,5,0.945,84.1,0.182,3,upgrade
0.458,39.8,124.8,3.11,8,4,0.575,40.7,-0.115,2,downgrade
0.5,77.2,53.4,1.86,4,2,0.689,45.1,-0.124,5,maintain
0.26,28.4,163.2,3.22,17,2,0.231,39.1,-0.013,1,downgrade
0.454,36.1,180,3.46,14,7,0.329,46.2,-0.087,7,downgrade
0.412,13.8,145.8,3.97,12,4,0.529,24.1,-0.014,6,downgrade
0.303,17.9,155.4,3.28,11,3,0.197,5,-0.006,7,downgrade
0.72,70.8,66.3,2.57,0,5,0.575,61.0,0.01,2,maintain
0.603,62.9,103.7,2.49,10,2,0.632,76.9,-0.216,4,maintain
0.916,96.5,96.0,2.14,5,7,0.928,95.4,0.135,3,upgrade
0.921,71.5,109.3,2.66,1,7,0.905,85.4,-0.072,2,maintain
0.899,91.2,43.0,1.57,2,2,0.86,85.1,0.148,7,upgrade
0.666,75.8,97.9,2.53,7,6,0.677,74.6,-0.151,6,maintain
0.393,43.3,123.0,2.92,14,6,0.401,39.9,0.013,5,downgrade
0.838,78.4,77.3,2.41,1,7,0.817,83.8,0.061,7,upgrade
0.522,60.1,132.0,3.01,6,8,0.76,49.1,0.187,7,maintain
0.255,42.3,147.2,2.97,13,7,0.218,31.8,0.051,3,downgrade
0.272,21.4,171.1,4.07,9,8,0.162,31.8,-0.217,2,downgrade
0.77,87.8,66.8,1.66,4,3,0.8,88.2,0.051,6,upgrade
0.943,91.9,88.1,2.16,4,7,0.978,83.8,-0.071,8,upgrade
0.943,96.3,88.4,2.25,0,7,0.834,83.2,-0.002,8,upgrade
0.932,80.8,95.9,2.24,3,6,0.847,83.8,0.053,8,upgrade
0.707,87.9,61.4,1.63,2,2,0.742,60.3,-0.015,2,maintain
0.908,70.7,48.9,2.18,1,5,0.952,76.2,0.151,4,upgrade
0.673,60.0,98.0,2.66,2,5,0.84,65.0,-0.066,7,maintain
0.811,84.8,54.7,1.63,2,1,1.0,74.0,0.033,3,upgrade
0.597,49.2,128.2,3.32,7,8,0.618,56.5,-0.043,9,maintain
0.633,51.9,119.0,3.4,5,7,0.779,62.6,-0.172,3,maintain
0.449,37.0,145.0,3.15,12,5,0.587,49.3,0.148,3,downgrade
0.957,100,59.1,1.62,3,5,0.952,91.4,0.072,10,upgrade
0.926,83.7,84.9,2.36,0,7,0.871,85.8,0.09,2,maintain
0.795,71.8,70.4,2.26,0,4,0.862,78.8,-0.388,6,maintain
0.91,90.6,62.4,1.99,0,6,0.895,84.0,0.182,8,upgrade
0.823,45,122.2,3.04,2,8,0.67,75.8,-0.061,1,maintain
0.548,21.1,108.6,3.72,9,4,0.662,5,0.017,2,downgrade
0.326,25.8,89.7,2.97,6,2,0.312,39.1,-0.023,1,downgrade
0.191,41.4,170.4,3.51,20,6,0.275,46.8,0.056,8,downgrade
0.278,56.3,140.7,3.19,10,8,0.398,40.3,0.02,8,downgrade
0.61,88,62.3,1.49,3,1,0.822,79.9,0.23,2,maintain
0.76,68.7,70.5,2.39,2,2,0.591,66.2,0.052,2,maintain
0.382,10.7,125.1,3.51,11,2,0.598,5,-0.34,5,downgrade
0.893,85.4,90.1,2.07,2,4,0.833,88.1,0.14,5,upgrade
0.932,80.2,64.7,1.87,1,4,0.928,96.2,0.054,10,upgrade
0.949,83.3,46.9,1.9,1,3,0.789,91.5,-0.025,9,upgrade
0.937,74.8,66.5,2.61,0,7,0.94,82.6,-0.19,10,maintain
0.906,86.6,75.2,2.06,0,6,1.0,86.1,0.055,6,upgrade
0.571,56.8,98.4,3.04,3,4,0.699,60.4,-0.211,6,maintain
0.67,69.7,92.7,2.36,8,8,0.601,61.0,0.05,6,maintain
0.922,81.1,66.2,2.35,4,3,0.861,92.3,0.076,6,upgrade
0.867,85.9,64.2,1.44,5,1,0.878,90.2,-0.06,5,upgrade
0.373,39.3,135.7,3.14,14,5,0.548,33.0,-0.194,7,downgrade
0.568,53.2,90.7,2.97,4,6,0.733,64.2,0.036,9,maintain
0.809,45,135.4,3.35,3,8,0.762,62.5,0.05,3,maintain
0.218,34.4,110.7,2.92,13,2,0.242,29.7,0.185,7,downgrade
0.265,20.6,142.1,3.53,13,2,0.08,37.9,0.192,1,downgrade
0.667,58.4,113.9,2.98,9,8,0.84,55.7,-0.271,7,maintain
0.171,39.3,146.1,3.0,14,7,0.33,39.6,-0.154,3,downgrade
0.88,87.0,51.4,1.93,1,2,0.968,71.0,0.015,5,upgrade
0.93,74.4,92.2,2.41,1,7,0.878,89.4,-0.09,3,upgrade
0.579,47.8,97.6,2.98,10,3,0.719,50.1,0.242,6,maintain
0.295,20.5,151.4,3.91,18,8,0.167,24.7,-0.325,1,downgrade
0.731,49.3,90.4,2.71,5,7,0.531,67.3,0.023,2,maintain
0.171,30.1,120.8,2.98,9,2,0.05,38.1,-0.004,5,downgrade
0.276,39.7,112.1,3.46,8,4,0.383,33.2,-0.048,5,downgrade
0.157,42.3,133.9,3.21,16,8,0.315,50.3,0.004,4,downgrade
0.783,74.1,84.9,2.75,8,7,0.865,92.6,0.074,1,maintain
0.159,44.8,145.0,2.77,14,7,0.468,53.9,-0.012,8,downgrade
0.738,45,73.3,3.19,4,3,0.501,70.3,-0.133,10,maintain
1.0,90.3,80.6,2.14,0,7,0.911,88.5,0.161,9,upgrade
0.886,87.3,43.6,1.08,2,5,0.887,80.1,-0.023,6,upgrade
0.614,18.4,105.6,3.53,6,2,0.673,33.6,0.138,8,downgrade
0.908,93.1,63.9,1.9,3,5,0.91,82.2,0.111,7,upgrade
0.91,89.3,56.1,2.1,0,1,0.842,99.4,0.243,8,upgrade
0.647,56.2,103.1,2.85,6,3,0.784,71.8,-0.127,8,maintain
0.873,82.6,78.8,2.2,1,3,0.857,89.8,0.248,9,upgrade
0.981,100,52.9,2.24,0,7,0.932,68.3,-0.09,8,upgrade
0.707,63.8,69.2,2.82,3,3,0.621,47.0,0.159,7,maintain
0.946,85.1,48.6,2.21,0,6,0.902,90.1,0.197,9,upgrade
0.885,96.4,73.8,1.77,3,2,0.947,87.1,0.069,4,upgrade
0.248,38.4,163.7,3.42,14,3,0.337,57.7,0.063,7,downgrade
0.618,48.4,87.5,2.68,10,1,0.45,66.4,-0.272,6,maintain
0.92,62.3,118.5,2.89,4,6,0.84,65.7,0.315,10,maintain
0.719,84.8,72.3,2.03,3,2,0.648,79.8,0.065,9,maintain
0.908,73.7,51.3,2.45,0,1,0.857,65,0.131,6,upgrade
0.981,89.0,51.9,1.95,0,1,0.87,87.3,0.112,6,upgrade
0.909,89.5,43.9,1.72,0,2,0.96,93.6,0.047,7,upgrade
0.859,51.2,85.7,2.72,3,5,0.582,78.6,-0.09,7,maintain
1.0,87.8,65.2,2.04,1,6,0.82,94.1,0.176,3,upgrade
0.259,60.1,105.3,2.54,11,7,0.324,55.3,-0.36,6,downgrade
0.748,59.1,111.5,2.6,6,2,0.692,67.2,0.032,4,maintain
0.835,88.6,44.7,1.06,2,1,0.865,88.5,0.022,5,upgrade
0.41,26.7,157.0,3.91,8,5,0.371,11.2,-0.246,8,downgrade
0.288,32.3,137.7,2.99,11,4,0.341,31.0,-0.09,4,downgrade
0.269,15.1,180,4.0,12,7,0.232,33.3,-0.332,5,downgrade
0.824,52.7,81.0,3.03,3,4,0.82,62.2,-0.012,1,maintain
0.787,67.3,82.5,2.32,3,5,0.618,69.2,-0.042,6,maintain
0.749,64.7,80.1,2.32,4,4,0.534,53.2,0.044,4,maintain
0.695,74.2,100.8,2.54,4,3,0.734,55.2,-0.174,4,maintain
0.754,54.3,122.4,3.06,3,4,0.643,72.5,0.154,10,maintain
0.841,86.3,70.4,1.55,8,1,0.89,92.2,0.029,4,upgrade
0.824,76.9,75.1,2.04,0,7,0.941,88.8,-0.09,8,upgrade
0.44,29.8,145.6,3.26,13,7,0.606,8.2,-0.173,6,downgrade
0.717,69.1,66.1,2.58,7,4,0.84,67.2,0.057,7,maintain
1.0,88.9,50.7,1.9,0,1,0.832,86.5,-0.036,5,upgrade
0.924,66.1,76.4,2.65,1,6,0.854,79.7,-0.045,1,maintain
0.221,29.4,161.3,3.44,14,8,0.493,32.2,-0.028,4,downgrade
0.541,82.8,60.7,1.8,7,2,0.777,72.2,-0.038,10,maintain
0.832,98.3,38.4,0.96,4,2,1.0,85.3,0.119,5,upgrade
0.911,77.1,64.6,2.47,0,6,0.86,87.5,0.005,10,upgrade
0.908,89.4,68.8,2.16,1,7,0.896,88.9,0.056,6,upgrade
0.924,86.7,71.8,2.3,5,6,0.96,92.4,0.09,4,upgrade
0.283,36.5,159.6,3.17,19,2,0.342,36.3,-0.045,8,downgrade
0.313,59.3,150.3,3.52,14,8,0.189,78,-0.109,7,downgrade
1.0,72.6,78.4,2.54,0,7,0.832,94.3,0.014,7,upgrade
0.938,89.0,51.3,1.29,3,1,0.932,89.4,0.206,4,upgrade
0.5,72.0,90.6,2.82,6,8,0.794,54.3,0.078,4,maintain
0.92,45,77.0,2.97,1,4,0.715,45,-0.147,6,maintain
0.212,27.8,146.4,3.39,10,5,0.31,26.5,-0.303,7,downgrade
0.244,14.4,116.9,4.02,10,7,0.12,38.6,0.017,7,downgrade
0.585,23.1,100.1,3.7,5,5,0.6,44.1,-0.036,3,downgrade
0.9,85.5,79.0,1.9,3,6,0.9,85.6,-0.066,7,upgrade
0.636,55.6,92.3,2.42,6,1,0.748,79.9,-0.074,1,maintain
0.752,53.9,98.1,2.59,7,5,0.556,71.7,-0.14,3,maintain
0.193,32.5,149.1,3.92,11,8,0.32,65.5,-0.23,7,downgrade
0.92,58.6,85.8,2.83,3,5,0.791,77.0,0.063,8,maintain
0.858,71.0,98.7,2.87,4,6,0.852,80.2,-0.329,4,maintain
0.269,24.9,106.4,3.34,11,4,0.261,35.5,-0.147,4,downgrade
0.188,26.9,141.2,3.99,10,8,0.261,28.7,0.139,5,downgrade
0.322,46.8,125.4,2.65,11,4,0.185,64.7,0.069,1,downgrade
0.599,56.1,113.1,2.93,6,4,0.525,55.5,-0.079,6,maintain
0.87,51.0,108.6,2.74,3,6,0.711,79.9,-0.143,9,maintain
0.383,29.9,163.5,4.01,7,7,0.348,5,-0.198,1,downgrade
0.336,42.6,146.9,3.31,8,3,0.288,47.6,0.181,6,downgrade
0.796,70.2,63.5,2.09,0,1,0.562,73.7,0.153,4,maintain
0.904,88.8,65.7,1.89,1,3,0.893,77.2,0.155,4,upgrade
0.223,17.8,144.9,3.72,13,4,0.295,27.2,-0.175,1,downgrade
0.913,100,44.7,1.58,0,6,0.868,83.4,0.037,3,upgrade
0.837,69.2,62.0,2.11,1,4,0.893,76.3,0.021,6,upgrade
0.92,69.5,46.3,2.24,1,1,0.711,62.9,-0.003,3,maintain
0.689,51.0,106.0,2.57,8,4,0.825,51.2,-0.058,3,maintain
0.839,75.2,70.9,2.37,4,3,0.922,90.7,-0.376,9,maintain
0.827,57.2,107.7,2.59,6,5,0.771,76.4,0.123,6,maintain
0.5,19.5,122.0,3.69,8,4,0.498,8.5,-0.5,3,downgrade
0.697,75.7,92.1,2.64,4,6,0.84,65.4,-0.13,3,maintain
0.313,29.0,132.2,3.34,16,5,0.606,37.8,-0.176,7,downgrade
0.604,32.2,148.1,3.96,12,7,0.773,46.1,-0.086,8,downgrade
0.992,76.7,50.5,1.99,1,1,0.882,90.7,0.128,8,upgrade
0.754,85.9,103.6,2.11,4,7,0.795,76.2,0.223,10,maintain
0.92,78.2,57.1,2.2,3,2,0.562,49.4,-0.081,9,maintain
0.856,80.5,71.9,2.46,2,7,0.881,79.8,0.084,4,upgrade
0.212,26.0,157.9,4.07,19,7,0.244,29.5,-0.411,1,downgrade
0.464,29.1,145.7,3.59,11,6,0.542,36.9,-0.251,2,downgrade
0.976,77.3,63.8,2.68,0,7,0.911,93.7,0.12,3,upgrade
0.909,93.4,39.2,1.42,3,1,0.84,90.2,0.101,8,upgrade
0.232,53.0,145.4,3.1,10,4,0.373,57.1,-0.097,1,downgrade
0.933,87.3,54.8,1.8,4,5,0.793,99.5,0.196,6,upgrade
0.728,55.9,73.8,2.19,6,2,0.564,60.3,0.178,5,maintain
0.864,79.9,51.5,1.77,2,2,0.933,84.6,0.284,5,upgrade
0.951,77.3,61.9,2.36,2,2,0.89,88.5,0.005,9,upgrade
0.808,81.7,79.6,2.15,6,2,0.735,79.9,-0.049,2,maintain
0.5,27.7,119.7,3.44,13,4,0.618,34.9,0.156,3,downgrade
0.992,100.0,53.5,1.84,0,3,0.887,89.4,0.067,10,upgrade
0.803,100,47.4,1.2,5,2,0.899,78.9,0.242,8,upgrade
0.915,89.3,73.7,1.96,3,5,0.905,82.5,0.217,10,upgrade
0.711,78.0,70.3,2.13,6,3,0.685,53.5,0.007,2,maintain
0.774,91.8,79.0,1.67,5,2,0.8,90.1,0.143,10,upgrade
0.292,32.5,111.4,3.7,12,3,0.476,51.3,-0.004,1,downgrade
0.845,50.4,80.0,3.07,2,1,0.705,63.3,0.032,5,maintain
0.372,31.9,155.6,3.81,11,7,0.29,22.7,-0.153,4,downgrade
0.859,85.3,54.6,2.02,1,4,0.956,80.3,-0.014,5,upgrade
0.276,18.6,180,3.75,16,5,0.27,29.0,-0.209,7,downgrade
0.822,61.3,125.8,2.59,9,6,0.84,51.1,0.057,6,maintain
0.721,49.3,100.2,3.39,8,4,0.503,65.1,-0.016,4,maintain
0.854,72.1,71.6,2.64,2,8,0.858,85.1,-0.448,3,maintain
0.181,33.2,142.5,3.05,17,2,0.227,32.7,-0.108,7,downgrade
0.575,46.3,131.8,3.16,7,4,0.611,55.1,0.215,9,maintain
0.782,78.0,69.6,1.91,3,4,0.71,45.5,-0.11,2,maintain
0.966,86.1,53.2,2.04,0,1,0.891,86.2,0.012,5,upgrade
0.89,80.7,91.5,1.83,4,6,0.86,84.3,-0.024,7,upgrade
0.804,50.1,91.5,2.96,4,4,0.732,55.4,-0.067,6,maintain
0.701,45,107.3,3.43,8,6,0.485,68.1,-0.041,5,maintain
0.386,18.8,146.2,3.86,13,4,0.366,15.3,-0.105,6,downgrade
0.308,58.3,137.3,2.43,14,5,0.478,60.4,-0.271,7,downgrade
0.872,83.8,47.9,1.96,3,4,0.958,74.0,0.171,8,upgrade
0.863,86.4,51.9,1.93,1,3,0.859,87.7,0.066,8,upgrade
0.338,39.4,120.7,2.87,12,2,0.364,51.8,-0.142,6,downgrade
0.921,86.0,61.0,2.0,2,6,0.889,87.9,-0.09,7,upgrade
0.904,73.6,70.4,2.44,1,5,0.866,80.1,0.299,2,maintain
0.527,69.5,75.7,2.35,9,4,0.629,62.3,-0.192,9,maintain
0.855,84.0,65.7,1.93,4,4,0.95,84.8,-0.052,7,upgrade
0.157,38.4,158.0,3.22,17,7,0.155,43.4,-0.054,4,downgrade
0.158,21.7,132.6,3.68,11,2,0.05,35.3,0.001,3,downgrade
0.397,34.4,108.1,2.9,14,6,0.296,41.8,-0.032,3,downgrade
0.649,45,104.5,3.39,4,4,0.691,76.6,-0.244,4,maintain
0.218,38.1,132.9,3.22,15,5,0.121,10.8,0.036,5,downgrade
0.836,93.4,55.9,1.4,4,3,0.944,78.1,0.158,4,upgrade
0.916,78.6,54.6,2.49,0,4,0.822,88.0,0.113,4,upgrade
0.866,87.4,55.9,1.51,4,3,0.989,77.2,0.061,8,upgrade
0.846,75.6,113.0,2.38,4,7,0.87,87.2,0.218,9,upgrade
0.401,22.5,177.4,4.24,5,8,0.337,13.7,-0.018,4,downgrade
0.603,61.5,108.4,2.83,12,2,0.47,79.9,0.094,10,maintain
0.882,45,78.9,3.29,3,1,0.809,71.7,0.131,8,maintain
0.23,25.4,139.1,3.41,10,3,0.351,33.7,-0.063,1,downgrade
0.882,82.8,105.7,2.41,6,2,0.857,88.2,-0.072,5,upgrade
0.509,17.6,126.7,3.49,7,2,0.583,32.1,-0.19,3,downgrade
0.663,63.2,108.1,2.68,5,6,0.84,75.6,-0.056,9,maintain
0.412,19.4,134.0,3.83,12,2,0.643,8.0,-0.289,4,downgrade
0.879,100,70.4,1.79,4,5,0.872,83.6,0.047,3,upgrade
0.883,67.8,94.9,2.87,4,7,0.935,79.3,-0.225,7,maintain
0.152,33.3,134.7,3.16,12,4,0.05,31.2,-0.066,8,downgrade
0.757,80.1,74.2,2.43,5,2,0.914,87.7,0.296,1,maintain
0.938,75.2,65.1,2.16,1,2,0.87,78.2,-0.328,8,maintain
0.314,40.7,138.1,2.96,12,4,0.298,43.8,-0.084,8,downgrade
0.594,52.7,93.9,2.98,4,5,0.655,66.4,0.054,9,maintain
0.345,37.8,115.4,3.34,9,3,0.392,37.2,0.08,1,downgrade
0.92,45,76.0,2.74,2,2,0.769,61.1,0.005,8,maintain
0.415,37.1,126.3,2.83,14,5,0.748,43.5,-0.141,3,downgrade
0.878,84.6,56.6,2.16,4,7,0.907,95.9,-0.02,7,upgrade
0.394,41.2,125.3,2.85,6,3,0.617,52.2,-0.233,8,downgrade
0.817,94.3,82.3,2.21,1,5,0.845,89.8,0.047,6,upgrade
0.821,92.1,62.4,1.82,2,2,0.88,75.9,0.098,7,upgrade
0.267,51.8,115.2,2.67,10,3,0.408,55.3,0.089,2,downgrade
0.87,67.6,91.5,2.4,3,3,0.905,75.8,0.219,4,upgrade
0.912,85.7,71.4,1.95,4,1,0.764,96.3,0.102,9,upgrade
0.868,86.8,57.4,1.92,4,5,0.857,92.5,0.003,6,upgrade
0.342,24.4,105.9,3.95,7,4,0.535,9.3,0.003,1,downgrade
0.629,52.4,84.2,2.3,1,1,0.745,72.7,-0.028,1,maintain
0.936,74.9,63.1,2.42,2,4,0.894,81.0,0.186,3,upgrade
0.88,79.1,70.8,2.06,1,2,0.944,91.0,0.136,10,upgrade
0.742,56.4,95.0,2.35,4,1,0.78,67.1,-0.013,3,maintain
0.569,45,126.3,3.52,9,8,0.685,51.7,0.004,3,maintain
0.918,75.6,84.9,2.18,2,2,0.89,82.2,-0.016,10,upgrade
0.648,67.5,93.7,2.54,6,2,0.609,54.0,-0.218,6,maintain
0.89,86.5,71.1,1.5,5,2,0.883,92.5,-0.024,6,upgrade
0.739,64.8,122.1,2.86,8,4,0.84,78.8,0.121,9,maintain
0.309,50.4,123.7,3.21,15,5,0.426,77.2,0.037,1,downgrade
0.657,66.2,60.6,1.79,8,4,0.742,68.3,0.037,4,maintain
0.825,87.0,51.2,1.18,1,6,0.969,87.2,0.067,1,maintain
0.641,66.7,111.6,2.49,10,5,0.786,53.3,0.018,6,maintain
0.148,50.8,88.2,2.83,9,4,0.265,53.9,0.043,6,downgrade
0.287,47.5,142.3,3.24,12,2,0.302,45.8,-0.181,2,downgrade
0.854,70.9,77.7,2.41,7,5,0.944,77.7,0.045,9,upgrade
0.707,55.3,119.7,3.2,4,8,0.84,69.7,-0.025,10,maintain
0.958,79.1,105.6,2.24,3,7,0.876,93.5,0.207,3,upgrade
0.471,48.8,117.0,3.23,15,6,0.544,38.5,-0.021,1,downgrade
0.882,79.1,83.3,2.3,0,7,0.915,86.1,0.005,2,maintain
0.889,85.0,71.8,1.77,2,5,0.857,79.0,-0.383,3,maintain
0.847,86.1,99.5,2.03,3,7,0.855,86.1,-0.059,7,upgrade
0.562,45,149.2,3.08,8,8,0.766,79.9,0.085,3,maintain
1.0,85.5,44.0,1.7,0,6,0.829,87.1,0.048,3,upgrade
0.346,7.8,133.1,4.23,6,6,0.501,28.3,-0.084,3,downgrade
0.5,69.2,88.0,2.1,11,2,0.51,52.5,0.15,6,maintain
0.742,63.6,97.3,2.64,5,6,0.639,59.8,-0.014,2,maintain
0.191,35.8,140.6,3.22,18,2,0.243,29.9,0.054,7,downgrade
0.839,96.5,48.9,1.71,2,3,0.824,91.9,0.112,9,upgrade
0.647,23.3,109.4,3.85,6,6,0.478,27.7,-0.073,5,downgrade
0.593,58.8,93.5,2.48,8,4,0.684,79.9,-0.118,4,maintain
0.743,18.5,133.8,3.66,10,5,0.752,50.3,0.049,3,downgrade
0.397,44.8,134.6,3.15,8,5,0.63,67.2,0.035,7,downgrade
0.575,67.1,99.0,3.11,6,7,0.599,68.4,-0.126,3,maintain
0.33,33.5,98.9,3.6,10,7,0.416,21.0,-0.365,6,downgrade
0.868,94.8,62.8,1.77,3,3,0.928,88.5,0.209,4,upgrade
0.872,80.0,84.9,2.3,1,7,0.979,80.5,0.292,8,upgrade
0.207,65.4,100.4,2.21,12,2,0.059,78,-0.133,2,downgrade
0.282,44.5,160.6,3.43,16,6,0.431,36.2,0.122,4,downgrade
0.83,81.2,56.5,1.85,0,2,0.838,84.5,0.09,8,upgrade
0.851,76.6,86.5,2.45,3,7,0.942,86.7,-0.008,10,upgrade
0.91,69.8,61.0,1.7,1,3,0.897,84.3,-0.06,2,maintain
0.5,74.5,98.6,2.03,9,5,0.748,79.9,0.221,2,maintain
0.258,38.1,159.0,3.29,16,8,0.328,26.1,-0.046,6,downgrade
0.511,45,91.5,3.07,5,3,0.732,70.4,0.047,7,maintain
0.385,16.8,104.1,2.9,16,3,0.274,32.1,-0.5,6,downgrade
0.994,85.8,70.1,1.65,2,5,0.902,86.6,-0.031,9,upgrade
0.5,82.5,79.6,2.32,7,6,0.733,46.5,-0.059,8,maintain
0.907,90.6,61.3,2.04,0,3,0.804,83.5,0.131,3,upgrade
0.896,92.3,75.6,2.04,5,6,0.888,92.2,-0.039,8,upgrade
0.5,71.2,87.2,2.06,6,1,0.689,77.1,0.092,8,maintain
0.62,61.9,110.6,2.3,9,3,0.506,62.3,0.107,3,maintain
0.238,43.4,112.8,3.03,12,3,0.27,51.8,-0.098,3,downgrade
0.866,72.4,75.3,2.32,3,5,0.795,90.2,0.059,9,upgrade
0.885,88.4,74.3,2.04,5,3,0.952,83.0,0.066,10,upgrade
0.842,86.0,60.4,1.69,4,1,0.833,85.7,0.081,5,upgrade
0.162,15.2,160.8,3.66,15,2,0.088,19.3,-0.348,2,downgrade
0.944,82.0,43.9,1.68,1,1,0.805,81.2,-0.013,5,upgrade
0.172,55.4,105.2,2.85,11,6,0.209,50.9,-0.358,3,downgrade
0.769,53.7,104.6,2.61,3,3,0.7,74.4,0.121,9,maintain
0.987,92.0,54.8,1.39,2,5,0.955,87.3,0.116,5,upgrade
0.359,36.2,123.0,3.2,11,2,0.42,46.3,-0.124,4,downgrade
0.925,98.4,50.6,1.79,2,6,0.873,92.0,-0.09,5,upgrade
0.805,87.4,39.1,1.42,4,1,0.968,89.7,0.049,4,upgrade
0.28,38.9,141.7,3.54,13,8,0.205,45.3,-0.221,8,downgrade
0.703,24.0,93.6,3.56,2,3,0.85,33.2,0.028,5,downgrade
0.906,83.7,71.7,2.23,2,4,0.878,84.5,-0.022,7,upgrade
0.945,89.7,56.5,2.15,1,6,0.902,100,0.304,4,upgrade
0.8,88.3,74.3,1.79,7,2,0.83,93.7,0.103,4,upgrade
0.609,45,105.1,3.1,9,8,0.614,61.5,-0.078,3,maintain
0.661,67.9,121.6,2.91,3,7,0.652,56.2,0.03,6,maintain
0.896,77.1,82.3,2.96,1,5,0.915,95.9,0.117,7,upgrade
0.317,33.5,106.2,3.35,10,7,0.635,14.4,-0.218,2,downgrade
0.304,34.3,162.8,3.71,16,8,0.363,44.1,-0.164,5,downgrade
0.869,89.9,37.7,1.48,1,3,0.968,79.1,0.216,5,upgrade
0.616,70.5,76.3,2.78,6,2,0.674,62.5,0.114,5,maintain
0.444,38.5,112.8,3.55,6,8,0.548,54.2,-0.297,4,downgrade
0.972,90.2,51.2,1.52,3,4,0.885,93.2,0.031,6,upgrade
0.797,81.3,43.8,2.0,2,4,0.782,92.9,0.115,5,upgrade
0.952,86.4,38.4,1.49,0,1,0.89,83.8,0.045,9,upgrade
0.218,24.3,180,4.24,10,8,0.283,52.1,-0.363,4,downgrade
0.84,76.2,68.0,2.21,1,6,0.895,95.7,0.134,7,upgrade
0.995,81.9,77.9,2.09,2,5,0.874,80.6,0.148,5,upgrade
0.411,35.0,105.4,3.4,7,3,0.609,19.3,-0.111,7,downgrade
0.942,78.0,69.0,2.22,1,5,0.986,76.6,-0.09,7,upgrade
0.764,80.4,61.9,1.95,5,4,0.87,95.1,0.046,4,upgrade
0.541,70.2,99.2,2.43,8,4,0.662,79.9,-0.063,4,maintain
0.988,89.2,72.9,2.04,0,7,0.9,90.1,0.133,10,upgrade
0.867,51.9,78.4,2.76,0,8,0.656,50.1,-0.026,2,maintain
0.89,92.6,48.0,1.96,2,2,0.85,85.5,0.281,8,upgrade
0.565,24.5,117.2,3.59,3,6,0.598,36.8,0.03,5,downgrade
0.346,51.9,103.7,3.02,11,6,0.427,57.1,-0.047,2,downgrade
0.724,72.9,104.5,2.49,8,5,0.51,62.1,-0.062,6,maintain
0.838,83.7,88.7,1.91,6,7,0.91,95.4,0.149,10,upgrade
0.343,21.4,167.2,3.5,9,6,0.236,13.4,-0.01,4,downgrade
0.151,46.2,123.7,3.09,12,2,0.286,63.9,-0.316,3,downgrade
0.916,98.2,50.0,1.37,3,2,0.918,78.3,0.163,4,upgrade
0.829,84.5,85.5,2.07,6,3,0.785,79.9,-0.091,10,maintain
0.683,55.4,93.1,2.43,6,1,0.625,72.1,-0.065,9,maintain
0.5,72.3,136.1,2.91,10,8,0.677,50.3,-0.072,5,maintain
0.705,70.3,81.9,2.91,4,8,0.783,79.9,0.246,4,maintain
0.207,40.6,97.4,3.03,19,5,0.31,52.3,-0.113,2,downgrade
0.776,73.2,132.7,2.9,6,5,0.833,61.6,-0.094,2,maintain
0.756,68.7,101.9,2.34,6,2,0.649,72.1,0.167,6,maintain
0.236,34.4,115.3,3.15,19,3,0.176,39.6,-0.133,5,downgrade
0.775,72.3,90.1,2.37,6,6,0.854,91.7,-0.019,7,upgrade
0.578,75.0,97.9,2.38,9,6,0.706,79.9,-0.146,8,maintain
0.788,62.4,131.0,2.64,5,7,0.634,55.3,0.292,9,maintain
1.0,97.8,49.8,1.37,0,1,0.954,77.6,-0.09,8,upgrade
0.341,51.7,114.1,2.72,11,5,0.617,56.5,-0.339,4,downgrade
0.478,17.1,133.5,3.71,7,7,0.334,25.2,0.213,6,downgrade
1.0,97.2,48.1,1.99,1,5,0.9,88.3,0.036,4,upgrade
0.589,58.5,126.5,2.97,8,2,0.84,66.2,0.093,3,maintain
0.761,61.3,114.1,2.59,5,5,0.809,79.9,-0.083,6,maintain
0.157,40.8,132.5,3.86,10,6,0.331,37.0,0.131,4,downgrade
0.59,29.5,136.7,3.9,7,7,0.392,30.1,0.112,4,downgrade
0.779,75.1,90.4,2.5,2,6,0.84,59.2,-0.069,9,maintain
0.35,47.0,142.0,3.66,11,8,0.425,53.5,-0.193,5,downgrade
0.76,91.1,73.4,1.95,5,5,0.912,86.6,0.143,7,upgrade
0.962,82.8,65.9,2.36,1,6,0.893,72.9,0.082,4,upgrade
0.43,20.3,122.8,3.47,8,3,0.467,30.4,-0.181,7,downgrade
0.271,33.1,79.4,3.21,7,2,0.196,34.3,0.161,8,downgrade
0.95,64.3,57.2,2.49,0,1,0.957,83.9,0.01,6,upgrade
0.908,75.0,86.0,2.62,4,7,0.905,95.3,0.127,10,upgrade
0.684,63.2,123.1,2.63,9,6,0.737,77.1,-0.221,3,maintain
0.601,23.7,98.7,3.35,6,6,0.583,29.6,0.036,5,downgrade
0.288,12.9,164.9,3.27,14,6,0.467,15.0,-0.394,7,downgrade
0.5,63.5,114.6,2.82,8,5,0.471,72.1,-0.141,4,maintain
0.894,77.7,76.4,1.9,2,3,0.983,76.6,0.006,7,upgrade
0.924,88.2,85.0,2.14,4,6,0.86,82.3,0.009,5,upgrade
0.5,62.3,102.7,2.67,11,2,0.685,70.7,-0.004,8,maintain
0.895,79.7,70.9,2.04,2,3,0.925,73.7,0.081,3,upgrade
0.5,85.8,121.3,2.29,5,8,0.633,45,-0.244,10,maintain
0.961,74.9,55.2,1.96,2,3,0.923,90.8,-0.09,6,upgrade
0.215,12.4,127.3,3.75,10,5,0.309,27.2,0.11,1,downgrade
0.872,89.3,57.9,1.71,1,6,0.879,95.5,0.038,7,upgrade
0.5,68.8,96.7,2.59,9,1,0.602,67.5,0.087,8,maintain
0.331,51.6,114.4,3.25,10,3,0.38,59.9,-0.089,8,downgrade
0.958,83.9,72.6,2.06,0,4,0.955,82.4,0.013,8,upgrade
0.909,89.5,66.4,2.26,3,7,0.89,89.1,0.238,7,upgrade
0.646,62.3,48.8,2.25,0,3,0.631,65.4,-0.05,5,maintain
0.861,80.4,79.3,1.85,4,4,0.951,94.6,0.099,3,upgrade
0.152,52.8,111.5,3.08,10,5,0.296,69.8,-0.025,4,downgrade
0.533,56.0,82.6,2.49,9,4,0.694,46.9,-0.141,3,maintain
0.757,96.0,61.2,1.92,7,4,0.899,94.4,0.04,4,upgrade
0.888,47.5,151.7,3.39,5,8,0.616,56.7,-0.13,1,maintain
0.724,62.4,118.3,3.04,4,4,0.963,78.7,0.188,2,maintain
0.701,88,85.4,2.31,3,8,0.76,63.4,-0.011,5,maintain
0.814,74.6,96.6,2.44,0,5,0.941,78.0,0.046,1,maintain
0.48,18.1,119.0,4.04,13,6,0.532,28.3,-0.012,2,downgrade
0.99,79.8,48.3,2.01,0,1,0.977,82.7,0.139,3,upgrade
0.92,82.3,64.9,2.13,1,5,0.936,82.6,-0.161,9,maintain
0.746,73.7,76.9,2.67,2,7,0.762,64.6,0.137,7,maintain
0.868,93.3,39.8,1.47,3,1,0.92,82.1,0.294,3,upgrade
0.845,89.9,54.4,1.81,0,7,0.966,73.4,-0.009,5,upgrade
0.656,55.1,106.5,3.01,9,3,0.784,68.9,0.234,7,maintain
0.971,85.1,74.0,1.81,2,3,0.923,97.7,-0.09,5,upgrade
0.936,75.9,54.8,2.02,0,2,0.913,85.4,0.229,9,upgrade
0.858,86.4,69.0,2.23,4,3,0.863,86.2,-0.437,4,maintain
0.37,38.7,116.3,3.78,12,4,0.264,42.8,0.25,2,downgrade
0.832,67.0,91.3,2.74,4,6,0.904,82.4,0.116,4,upgrade
0.515,50.9,100.6,3.31,8,7,0.756,71.2,0.056,5,maintain
0.465,16.3,146.1,4.15,9,4,0.484,28.4,-0.081,4,downgrade
0.842,93.5,82.8,1.93,3,7,0.888,95.5,-0.04,6,upgrade
0.774,60.2,122.0,3.09,3,8,0.648,57.8,0.062,6,maintain
0.73,52.6,72.4,2.43,4,1,0.836,54.8,-0.013,1,maintain
0.159,46.2,101.6,2.91,13,2,0.421,51.7,-0.378,1,downgrade
0.223,49.9,122.4,3.08,10,6,0.278,55.4,-0.012,3,downgrade
0.46,10.6,155.2,3.96,6,3,0.587,8.6,-0.24,3,downgrade
0.932,82.0,80.2,1.94,2,3,0.862,78.6,0.027,10,upgrade
0.535,30.5,116.5,3.16,13,2,0.561,48.1,-0.078,2,downgrade
0.966,86.7,87.7,1.92,3,7,0.853,82.6,0.14,3,upgrade
0.945,84.5,54.8,1.59,3,2,0.935,80.6,-0.09,6,upgrade
0.887,100,62.6,2.04,0,7,0.925,85.0,0.076,7,upgrade
0.996,70.9,65.0,2.41,0,5,1.0,87.8,0.126,8,upgrade
0.954,88.1,51.5,2.06,0,3,0.872,92.7,0.189,4,upgrade
0.974,79.9,79.3,2.22,1,1,0.918,81.9,-0.09,7,upgrade
0.931,91.9,57.2,1.51,4,4,0.905,95.7,0.034,8,upgrade
0.279,46.4,134.8,3.33,9,6,0.252,42.0,-0.237,4,downgrade
0.93,93.1,53.6,1.5,2,2,0.921,77.0,0.214,5,upgrade
0.662,59.6,79.9,2.35,3,4,0.666,71.3,0.16,5,maintain
0.445,24.3,135.1,3.38,13,5,0.425,23.9,-0.105,8,downgrade
0.787,54.9,102.6,3.23,1,8,0.621,62.9,0.012,10,maintain
0.775,62.8,82.4,2.3,3,4,0.899,84.8,0.236,1,maintain
0.773,72.5,140.7,2.53,9,8,0.675,79.9,-0.046,2,maintain
0.786,66.4,109.4,2.55,4,4,0.939,80.8,-0.402,4,maintain
0.5,83.0,70.1,2.42,6,8,0.686,79.9,-0.056,6,maintain
0.129,22.4,165.4,3.79,18,7,0.111,43.7,-0.048,1,downgrade
0.211,39.4,132.5,4.09,8,8,0.173,37.8,-0.188,3,downgrade
0.758,81.1,92.1,1.7,6,4,0.874,88.0,0.13,1,maintain
0.913,87.6,64.9,2.29,1,8,0.938,81.1,-0.351,5,maintain
0.794,75.3,72.3,2.08,5,3,0.935,83.9,0.029,3,upgrade
1.0,92.8,69.3,2.08,1,6,0.888,88.0,0.224,3,upgrade
0.92,77.3,60.6,1.76,0,3,0.738,68.7,-0.083,7,maintain
0.247,40.8,108.9,2.77,10,2,0.426,49.9,-0.123,4,downgrade
0.485,70,92.1,2.58,9,5,0.302,61.5,0.19,5,downgrade
0.349,44.0,108.9,3.27,9,8,0.318,71.7,-0.111,6,downgrade
0.727,74.4,85.1,2.39,4,4,0.615,56.5,-0.204,1,maintain
0.895,78.3,68.2,2.45,3,6,0.955,78.4,0.114,1,maintain
0.797,84.5,74.2,2.15,2,8,0.823,76.4,0.287,2,maintain
0.774,76.7,55.5,2.23,4,6,0.872,84.1,-0.017,1,maintain
0.295,26.2,90.9,3.36,5,2,0.316,47.0,-0.149,7,downgrade
0.804,73.0,83.1,2.54,1,5,0.959,84.9,-0.131,5,maintain
0.702,58.4,93.2,2.31,6,3,0.84,56.4,0.285,2,maintain
0.756,73.6,93.5,2.05,4,6,0.933,87.9,0.051,2,maintain
0.812,100,46.5,1.18,4,1,0.844,94.9,0.014,9,upgrade
0.917,68.8,98.4,2.48,0,7,0.689,66.0,-0.068,7,maintain
0.958,73.2,108.2,2.34,2,7,0.885,85.8,0.172,6,upgrade
0.541,65.6,92.0,2.4,7,4,0.568,70.2,-0.09,1,maintain
0.75,72.4,47.7,2.17,2,2,0.894,84.3,0.063,2,maintain
0.198,69.0,105.6,2.75,12,8,0.086,71.2,-0.398,4,downgrade
0.891,94.5,41.8,1.2,3,1,0.929,87.2,0.06,3,upgrade
0.977,75.3,65.7,2.16,0,2,0.977,90.3,-0.09,6,upgrade
0.611,80.9,87.8,2.11,10,3,0.729,74.5,-0.225,4,maintain
0.696,45.3,150.7,3.55,7,8,0.732,72.7,-0.035,10,maintain
0.85,88.4,58.1,1.53,2,1,0.928,83.9,0.069,3,upgrade
1.0,92.8,77.5,1.93,0,3,0.874,88.6,0.02,8,upgrade
0.624,82.4,95.0,1.73,7,6,0.692,70.1,0.064,1,maintain
0.684,67.3,135.9,3.29,3,7,0.685,63.0,-0.016,9,maintain
0.317,37.2,165.5,3.59,13,6,0.091,33.5,-0.019,2,downgrade
0.95,89.3,52.5,1.46,3,2,0.929,82.3,0.199,7,upgrade
0.339,26.7,171.7,4.17,5,8,0.36,23.0,-0.288,7,downgrade
0.819,86.4,79.0,1.74,4,7,0.861,82.9,0.079,1,maintain
0.925,83.3,46.9,1.67,2,3,0.888,79.5,-0.27,5,maintain
0.819,52.3,79.7,2.72,2,7,0.84,58.3,0.19,2,maintain
0.948,86.6,71.8,2.04,3,3,0.865,88.1,-0.031,9,upgrade
0.11,20.2,180,4.25,10,8,0.05,32.8,-0.054,6,downgrade
0.334,41.7,88.8,2.4,8,2,0.232,46.3,-0.025,5,downgrade
0.889,79.1,82.0,2.22,3,4,0.874,86.9,0.139,10,upgrade
0.812,70.2,73.3,2.56,5,1,0.961,80.0,-0.419,3,maintain
0.965,74.3,84.2,2.3,0,4,0.911,97.6,-0.088,6,upgrade
0.906,92.5,47.1,1.36,2,2,0.868,87.7,0.344,10,upgrade
0.823,97.9,70.8,1.67,7,5,0.903,88.2,0.115,3,upgrade
0.204,19.8,139.2,3.25,16,1,0.623,68.2,-0.207,7,maintain
0.92,79.2,58.6,1.88,0,2,0.599,54.0,-0.028,10,maintain
0.467,26.6,123.7,3.65,7,3,0.652,29.3,-0.27,8,downgrade
0.63,67.1,114.9,2.87,3,6,0.662,55.1,-0.067,9,maintain
0.835,78.6,75.2,2.03,4,7,0.886,80.8,0.119,8,upgrade
0.791,85.7,96.1,2.05,7,6,0.892,92.5,0.134,7,upgrade
0.316,46.6,131.7,3.68,14,8,0.551,22.4,-0.396,2,downgrade
0.67,73.6,66.6,2.37,5,6,0.84,65.0,-0.114,5,maintain
0.76,80.2,88.7,2.38,6,6,0.84,62.0,-0.026,4,maintain
0.866,100,37.3,1.46,3,1,0.879,71.6,0.239,10,upgrade
0.29,41.3,113.6,3.4,14,8,0.491,50.5,-0.256,3,downgrade
0.769,48.9,117.4,3.29,7,8,0.696,71.9,-0.088,6,maintain
0.736,78.6,118.4,2.77,4,8,0.854,92.4,-0.117,9,maintain
0.9,93.5,83.6,1.82,6,7,0.903,82.9,0.023,5,upgrade
0.852,69.3,67.9,2.45,1,5,0.467,75.5,0.165,3,maintain
0.906,83.8,58.4,1.95,2,3,0.901,70.4,0.169,4,upgrade
0.58,62.8,111.0,3.26,8,7,0.774,79.9,0.113,10,maintain
0.669,68.1,99.1,2.44,9,8,0.474,67.1,-0.074,7,maintain
0.591,57.2,144.6,2.89,9,5,0.698,68.2,0.207,9,maintain
0.928,96.4,57.4,1.56,0,4,0.931,91.5,-0.084,5,upgrade
0.694,56.9,116.6,2.91,8,7,0.673,74.8,-0.032,2,maintain
0.536,50.3,81.2,2.88,5,2,0.545,45,-0.11,7,maintain
0.379,64.1,96.8,2.46,5,3,0.558,71.6,-0.243,5,downgrade
0.907,88.4,67.5,1.92,0,6,0.935,69.8,0.07,5,upgrade
0.44,33.0,94.3,3.2,8,4,0.37,57.7,-0.096,6,downgrade
0.329,14.8,180,3.86,9,7,0.246,28.4,0.047,4,downgrade
0.915,81.4,66.2,2.13,0,4,0.863,88.7,0.11,4,upgrade
0.5,74.5,92.2,2.49,2,5,0.84,68.2,0.031,2,maintain
0.246,28.3,158.7,3.69,20,6,0.412,22.1,-0.037,6,downgrade
0.882,82.9,76.7,2.16,0,6,0.848,87.0,0.049,7,upgrade
0.469,8.0,145.5,4.21,12,7,0.495,19.8,-0.285,5,downgrade
0.62,68.6,82.5,2.24,8,5,0.693,56.6,-0.295,3,maintain
0.533,85.6,95.1,1.92,7,2,0.799,64.8,0.076,10,maintain
0.394,19.6,143.7,3.65,14,3,0.447,22.6,-0.277,2,downgrade
0.956,98.1,64.9,1.58,0,7,0.84,94.0,0.015,3,upgrade
0.87,71.5,64.9,1.88,0,2,0.904,92.1,-0.077,4,upgrade
0.461,22.4,139.8,4.14,11,8,0.407,44.8,-0.081,8,downgrade
0.507,13.9,155.4,3.96,8,7,0.589,5,0.125,5,downgrade
0.922,63.1,79.8,2.35,3,4,0.891,92.0,0.001,2,maintain
0.891,85.8,95.5,2.27,3,7,0.884,89.8,0.074,4,upgrade
0.25,19.1,180,3.87,13,8,0.26,15.7,-0.5,5,downgrade
0.745,63.4,88.0,3.0,6,8,0.68,45,-0.072,9,maintain
0.953,94.5,58.6,1.86,2,6,0.925,92.4,0.067,9,upgrade
0.899,87.2,61.3,1.96,4,7,0.914,83.7,0.15,7,upgrade
0.903,88,107.7,2.59,4,7,0.757,57.2,0.054,8,maintain
0.989,99.6,70.0,2.02,0,8,0.943,88.9,0.023,9,maintain
0.412,39.3,105.0,3.13,9,7,0.402,38.8,0.006,5,downgrade
0.442,39.5,124.4,3.26,3,8,0.586,49.0,-0.0,8,downgrade
0.843,82.6,83.8,2.1,3,6,0.958,78.2,0.014,4,upgrade
0.729,81.1,90.9,2.26,3,5,0.913,83.1,-0.028,6,upgrade
0.311,37.2,141.2,3.61,14,7,0.41,31.1,0.038,5,downgrade
0.259,41.7,145.3,3.31,15,4,0.379,36.9,-0.115,6,downgrade
0.934,100,35.3,1.15,0,3,0.916,81.5,0.194,10,upgrade
0.934,84.2,59.7,2.29,0,6,0.979,84.7,-0.09,3,upgrade
0.302,55.6,93.1,2.55,20,5,0.211,40.1,-0.059,5,downgrade
0.842,66.3,75.7,2.53,3,7,0.696,79.0,0.199,10,maintain
0.244,44.0,121.0,3.59,16,6,0.156,48.9,-0.5,1,downgrade
0.762,85.6,91.9,2.23,3,7,0.95,84.9,0.196,2,maintain
0.8,48.2,110.4,3.07,2,1,0.489,67.4,0.051,5,maintain
0.3,47.3,101.4,3.04,11,4,0.369,46.1,-0.221,5,downgrade
0.5,82.1,87.0,2.39,8,6,0.785,61.7,0.261,4,maintain
0.547,55.6,112.3,2.99,9,7,0.767,69.4,-0.103,6,maintain
0.735,61.2,73.2,2.94,2,6,0.834,79.9,0.142,1,maintain
0.526,73.4,75.8,1.86,13,1,0.75,79.6,-0.112,4,maintain
0.942,89.3,63.0,2.03,0,6,0.884,82.2,0.034,4,upgrade
0.342,41.6,122.5,3.09,6,6,0.333,44.0,-0.027,5,downgrade
0.92,45,127.0,3.08,0,6,0.575,79.9,0.007,6,maintain
0.301,29.8,123.7,3.74,12,7,0.146,33.1,-0.117,5,downgrade
0.478,52.5,108.3,2.78,6,4,0.464,46.2,-0.197,5,downgrade
0.921,73.2,90.6,2.23,1,6,0.964,94.7,-0.011,10,upgrade
0.533,79.8,64.4,1.86,10,4,0.583,72.9,0.066,5,maintain
0.279,50.7,165.6,3.05,16,7,0.388,56.6,-0.162,4,downgrade
0.804,71.9,95.2,2.55,3,6,0.961,92.9,-0.2,5,maintain
0.419,36.6,165.7,3.22,18,3,0.469,34.5,0.25,6,downgrade
0.683,65.9,87.8,2.14,4,2,0.796,62.1,-0.201,8,maintain
0.337,44.2,111.2,2.78,11,3,0.436,68.5,-0.017,4,downgrade
0.752,68.9,59.6,2.4,2,4,0.88,95.7,0.088,10,upgrade
0.547,54.7,92.4,2.61,7,6,0.816,71.3,-0.058,3,maintain
0.417,32.8,140.1,3.48,13,8,0.655,37.2,0.194,7,downgrade
0.8,68.2,62.1,2.31,5,3,0.458,48.7,-0.073,7,maintain
0.32,24.6,133.2,3.63,8,6,0.273,60.7,-0.084,8,downgrade
0.741,67.0,93.4,2.53,4,3,0.646,67.5,-0.06,3,maintain
0.969,100,51.7,1.44,2,1,0.972,74.9,-0.09,6,upgrade
0.818,89.4,88.9,1.9,3,6,0.886,85.9,0.125,10,upgrade
0.859,96.2,52.3,2.08,2,4,0.895,79.7,0.167,9,upgrade
0.493,25.0,155.2,3.65,10,7,0.571,26.3,-0.172,2,downgrade
0.827,79.0,69.0,1.86,4,3,0.976,83.3,0.075,4,upgrade
0.897,75.7,81.1,2.39,0,7,0.922,82.7,-0.09,3,upgrade
0.826,95.1,61.8,2.01,4,5,0.92,80.9,0.205,4,upgrade
0.822,74.1,73.0,2.59,4,7,0.907,86.4,-0.09,10,upgrade
0.41,38.1,143.5,2.84,12,2,0.369,64.3,-0.373,7,downgrade
0.229,56.7,108.9,2.94,10,4,0.102,78,-0.391,5,downgrade
1.0,80.8,87.9,2.33,0,6,0.833,95.7,0.111,9,upgrade
0.596,77.8,88.0,2.23,6,2,0.695,61.4,-0.078,7,maintain
0.734,88,60.4,1.8,3,4,0.735,59.5,-0.135,8,maintain
0.565,53.1,125.6,2.59,11,4,0.74,67.7,-0.138,7,maintain
0.899,77.7,96.1,2.53,1,7,0.912,93.2,0.151,8,upgrade
0.968,97.6,51.5,1.82,0,4,0.872,95.3,-0.086,3,upgrade
0.797,90.8,56.5,1.73,5,1,0.936,73.6,0.135,8,upgrade
0.846,85.6,63.8,1.98,2,6,0.845,95.8,0.026,6,upgrade
0.993,100,33.5,1.02,0,2,0.936,86.6,0.107,9,upgrade
0.815,83.1,51.5,2.19,0,7,0.812,87.1,0.008,8,upgrade
0.227,36.3,139.7,3.3,8,3,0.136,47.9,0.069,4,downgrade
0.332,44.8,117.1,3.35,11,8,0.326,41.5,-0.17,1,downgrade
0.586,67.8,101.8,2.72,4,1,0.637,79.9,-0.03,7,maintain
0.408,49.1,117.7,3.22,15,5,0.391,67.7,0.086,7,downgrade
0.817,86.9,75.3,2.35,0,7,0.938,88.9,-0.3,4,maintain
0.279,23.7,98.8,3.61,5,3,0.329,22.5,-0.075,1,downgrade
0.67,65.2,85.9,2.15,6,2,0.84,63.6,0.151,6,maintain
0.727,67.5,121.6,3.06,3,8,0.879,91.3,-0.215,3,maintain
0.887,78.2,95.7,2.43,3,5,0.921,93.8,0.142,5,upgrade
0.223,39.1,122.8,3.29,15,8,0.231,33.9,-0.015,4,downgrade
0.662,61.7,89.2,2.71,5,3,0.617,55.2,-0.11,10,maintain
0.639,45.2,103.3,2.77,4,2,0.717,70.1,-0.044,10,maintain
0.399,36.7,98.8,3.03,14,3,0.423,54.5,0.052,4,downgrade
0.534,55.1,121.5,3.3,2,8,0.826,77.0,0.072,1,maintain
0.31,34.4,81.6,2.58,14,2,0.176,36.7,-0.04,7,downgrade
0.808,86.9,72.2,2.34,2,8,0.85,78.9,-0.194,4,maintain
0.542,60.8,123.7,2.78,8,6,0.532,78.2,0.213,5,maintain
0.903,82.2,33.6,1.47,0,2,0.872,87.1,0.132,6,upgrade
0.579,57.7,72.3,2.56,9,1,0.638,52.3,0.092,3,maintain
0.669,58.2,89.7,3.27,2,8,0.84,53.9,0.046,9,maintain
0.411,28.0,110.5,3.26,13,5,0.536,30.5,-0.183,6,downgrade
0.685,58.1,85.1,2.39,9,7,0.813,64.5,-0.27,3,maintain
0.847,84.0,73.9,2.41,2,5,0.94,74.1,0.209,9,upgrade
0.934,90.5,51.8,1.89,0,1,0.886,79.8,0.101,8,upgrade
0.293,24.1,151.0,3.53,13,8,0.34,27.8,-0.019,7,downgrade
0.759,60.4,64.3,2.55,3,6,0.84,61.8,-0.134,6,maintain
0.643,76.3,71.1,1.92,6,2,0.723,75.5,0.181,4,maintain
0.951,89.7,59.9,2.16,2,6,0.907,88.1,0.137,3,upgrade
0.662,26.8,127.6,3.28,5,3,0.603,29.4,-0.36,4,downgrade
0.5,60.8,86.1,2.59,4,4,0.691,73.2,-0.052,5,maintain
0.217,31.8,147.6,3.54,14,5,0.35,32.3,-0.053,6,downgrade
0.706,60.0,87.7,2.18,9,2,0.564,65.3,-0.143,4,maintain
0.463,28.8,160.0,3.59,5,6,0.342,49.0,0.011,6,downgrade
0.829,88.9,42.8,1.55,1,3,0.967,82.8,0.272,7,upgrade
0.87,69.1,81.2,2.26,3,1,0.868,87.4,-0.31,10,maintain
0.784,81.2,91.9,1.98,5,5,0.948,91.5,-0.339,3,maintain
0.325,46.8,129.7,3.07,11,5,0.326,43.8,-0.041,7,downgrade
0.376,43.4,119.7,2.84,7,6,0.206,30.7,-0.102,7,downgrade
0.981,88.4,62.8,2.05,1,8,0.92,85.0,0.201,5,maintain
0.479,26.5,127.5,3.82,5,8,0.348,36.8,-0.429,7,downgrade
0.952,83.5,97.8,2.36,1,7,0.96,89.8,0.065,6,upgrade
0.394,21.2,143.6,4.45,13,8,0.384,13.1,-0.271,6,downgrade
0.795,79.8,88.5,1.86,4,6,0.902,87.3,0.143,8,upgrade
0.775,63.1,69.5,2.22,4,1,0.92,88.3,0.082,2,maintain
0.615,22.2,161.4,3.61,6,4,0.799,36.9,-0.209,4,downgrade
1.0,83.0,35.9,1.69,0,2,0.873,86.3,0.231,4,upgrade
0.593,45,144.5,3.5,10,7,0.704,49.8,-0.068,7,maintain
0.352,37.5,105.7,3.12,9,3,0.245,39.0,-0.225,3,downgrade
0.216,32.8,130.7,2.85,12,2,0.146,35.9,0.028,7,downgrade
0.666,65.4,94.6,2.29,6,3,0.619,45,-0.131,4,maintain
0.785,71.5,120.7,2.43,9,7,0.493,51.2,-0.027,1,maintain
0.853,84.7,70.9,2.44,4,6,0.858,87.6,0.046,4,upgrade
0.963,74.5,58.8,2.02,4,5,0.873,93.8,0.161,10,upgrade
0.93,90.5,54.6,1.69,0,3,0.896,95.4,0.021,4,upgrade
0.231,34.8,135.0,3.14,18,2,0.158,38.9,-0.115,6,downgrade
0.751,68.9,74.3,2.3,6,2,0.937,81.7,-0.238,4,maintain
0.346,26.7,135.7,3.65,14,6,0.355,27.6,-0.207,2,downgrade
0.177,23.4,142.4,4.01,9,7,0.05,17.4,0.076,6,downgrade
0.388,40.5,106.4,3.31,14,8,0.519,60.6,-0.252,7,downgrade
0.833,84.7,53.7,1.59,1,5,0.88,88.6,0.067,3,upgrade
0.899,83.4,72.4,2.16,3,4,0.879,94.5,0.037,4,upgrade
0.687,77.3,79.7,2.12,3,2,0.678,61.6,-0.096,8,maintain
0.798,90.6,70.4,1.59,7,2,0.919,93.3,0.096,6,upgrade
0.299,29.2,122.4,3.9,11,3,0.442,28.5,-0.035,3,downgrade
0.45,32.0,138.7,3.69,7,6,0.728,17.5,-0.127,7,downgrade
0.814,92.4,38.0,1.17,1,1,0.898,91.7,-0.018,5,upgrade
0.586,32.4,110.1,3.55,7,7,0.563,43.5,-0.184,4,downgrade
0.461,40.7,161.7,3.31,10,8,0.324,37.4,0.088,1,downgrade
0.94,79.9,75.7,2.06,0,4,0.89,97.3,0.29,5,upgrade
0.517,81.1,89.1,2.0,11,3,0.812,45,0.075,3,maintain
0.893,93.9,56.7,1.81,2,2,0.844,90.1,0.061,5,upgrade
0.289,35.1,119.4,3.16,9,6,0.401,38.9,-0.284,4,downgrade
0.944,78.0,58.3,1.91,1,3,0.891,86.8,0.144,8,upgrade
0.662,51.3,128.8,3.18,10,2,0.687,67.1,0.062,1,maintain
0.816,65.5,77.9,2.57,4,2,0.944,91.5,-0.254,7,maintain
0.849,88.2,44.0,1.71,0,2,0.866,85.2,0.143,4,upgrade
0.219,37.4,123.4,3.58,17,6,0.191,58.5,0.116,8,downgrade
0.863,98.6,46.1,1.42,3,4,0.914,87.6,0.008,3,upgrade
0.91,87.8,81.9,1.64,5,7,0.903,87.8,0.163,1,maintain
0.287,46.7,144.5,3.13,11,8,0.448,45.7,-0.099,6,downgrade
0.257,36.1,133.9,3.2,8,4,0.264,26.2,0.066,6,downgrade
0.693,72.6,73.9,2.43,7,5,0.84,79.9,0.147,10,maintain
0.405,52.4,111.6,2.53,9,3,0.374,50.1,-0.2,6,downgrade
0.87,68.3,73.1,2.48,0,4,0.759,70.0,-0.015,1,maintain
0.688,64.8,81.3,2.37,3,3,0.66,57.3,-0.094,4,maintain
0.9,97.1,62.1,1.92,1,4,0.951,90.9,0.037,9,upgrade
0.861,87.6,98.2,2.39,5,4,0.853,90.1,0.15,10,upgrade
0.288,34.7,120.7,3.52,11,5,0.284,40.5,-0.163,3,downgrade
0.648,63.3,81.3,2.27,3,2,0.626,71.9,0.074,2,maintain
0.609,69.0,92.0,2.26,7,5,0.492,75.6,0.069,6,maintain
0.952,89.3,44.7,1.82,1,4,0.885,89.3,0.118,10,upgrade
0.918,65.8,91.1,2.75,0,4,0.939,84.5,0.154,3,upgrade
0.878,79.5,83.2,2.01,2,7,0.97,94.4,0.095,7,upgrade
0.171,44.9,158.0,3.71,19,6,0.05,43.0,-0.012,5,downgrade
0.83,45,87.4,2.85,8,3,0.506,68.6,-0.09,3,maintain
0.396,37.5,103.8,3.4,10,3,0.296,43.0,-0.198,4,downgrade
0.53,84.3,95.8,1.91,13,6,0.664,64.1,-0.173,2,maintain
0.292,50.6,121.1,3.05,15,2,0.348,55.6,0.11,3,downgrade
0.794,62.0,80.4,2.42,3,3,0.772,51.6,-0.161,2,maintain
0.875,91.8,47.7,1.73,2,2,0.95,74.4,0.13,8,upgrade
0.901,76.2,84.5,2.62,0,4,0.878,89.8,0.148,4,upgrade
0.625,52.4,103.4,2.77,5,1,0.752,65.3,-0.025,5,maintain
0.302,15.5,140.0,3.48,8,1,0.84,57.0,-0.116,10,maintain
0.189,54.9,146.6,2.64,18,7,0.206,61.2,-0.209,4,downgrade
0.321,24.8,102.6,3.55,7,5,0.144,5,-0.102,4,downgrade
0.568,26.4,112.2,3.18,10,3,0.496,37.8,-0.205,8,downgrade
0.558,45,97.3,3.14,4,3,0.759,77.0,-0.081,7,maintain
0.719,54.2,138.1,3.04,6,6,0.696,65.6,0.201,7,maintain
0.266,21.8,131.2,4.02,14,8,0.46,43.0,-0.13,3,downgrade
0.16,47.9,158.1,3.68,17,8,0.268,74.7,-0.074,7,downgrade
0.645,59.4,109.7,2.92,9,5,0.763,64.0,-0.13,7,maintain
0.898,65.7,93.4,2.43,3,1,0.977,78.8,0.285,6,upgrade
0.822,88.1,64.8,2.05,2,4,0.868,92.2,0.044,9,upgrade
0.332,32.3,149.2,3.09,13,5,0.23,42.4,-0.009,4,downgrade
0.713,69.0,72.6,2.51,3,5,0.706,66.6,-0.122,2,maintain
0.326,43.9,110.0,3.17,6,8,0.285,23.7,-0.221,8,downgrade
0.569,60.0,126.4,2.75,11,7,0.723,76.1,-0.251,6,maintain
0.234,52.0,126.3,2.95,17,2,0.373,57.4,0.19,2,downgrade
0.186,24.5,167.0,4.09,12,8,0.133,19.8,-0.188,3,downgrade
0.619,75.2,87.4,2.16,7,3,0.583,71.4,0.109,9,maintain
0.266,30.6,152.1,3.47,9,7,0.49,41.7,0.045,8,downgrade
0.704,57.6,102.6,2.92,4,7,0.565,54.3,0.162,2,maintain
0.88,74.4,93.2,2.68,2,5,0.9,87.1,0.161,5,upgrade
0.75,84.9,75.0,2.08,7,4,0.89,79.5,-0.009,1,maintain
0.879,81.3,61.7,2.01,0,3,0.893,89.3,0.056,4,upgrade
0.943,93.1,64.1,1.63,3,6,0.916,81.7,0.073,5,upgrade
0.722,81.6,97.3,2.56,8,8,0.86,90.7,0.163,2,maintain
0.56,61.9,88.0,2.64,8,4,0.8,68.3,-0.088,5,maintain
0.768,51.7,85.8,3.09,5,2,0.771,79.9,-0.197,6,maintain
0.829,75.7,80.1,2.93,4,6,0.894,88.7,0.076,9,upgrade
0.49,43.7,147.2,3.41,9,7,0.478,77.9,-0.057,6,downgrade
0.649,65.0,79.8,2.41,9,7,0.763,79.9,0.098,3,maintain
0.5,73.6,99.0,1.81,12,1,0.556,58.2,-0.123,8,maintain
0.54,54.3,82.5,2.36,7,6,0.667,77.7,0.01,8,maintain
0.367,30.8,158.2,3.43,15,8,0.518,35.8,-0.146,3,downgrade
0.332,13.4,94.3,3.93,7,3,0.348,23.2,-0.307,2,downgrade
0.877,87.3,63.2,1.7,2,4,0.863,85.1,0.218,2,maintain
0.327,19.0,112.2,3.48,11,3,0.389,23.8,-0.301,1,downgrade
0.28,57.6,103.6,2.74,11,2,0.331,53.8,-0.026,1,downgrade
0.932,75.2,57.9,1.89,0,3,0.859,91.8,0.066,5,upgrade
0.643,80.8,72.7,2.17,5,4,0.723,76.0,-0.188,2,maintain
0.655,88,78.4,1.86,4,4,0.71,60.1,-0.107,3,maintain
0.617,69.5,111.3,2.49,5,5,0.822,79.9,-0.004,9,maintain
0.203,25.4,144.6,3.59,15,4,0.319,22.7,-0.189,6,downgrade
0.901,74.8,71.0,2.45,0,2,0.928,90.6,-0.005,7,upgrade
0.938,77.2,46.9,2.23,0,4,0.916,87.0,0.132,10,upgrade
0.933,82.1,80.1,2.52,2,8,0.942,90.9,-0.054,2,maintain
0.545,66.2,104.2,2.54,9,6,0.726,70.8,0.231,7,maintain
0.979,88.5,70.0,1.8,0,4,0.894,76.4,0.04,6,upgrade
0.599,55.4,120.4,2.9,3,7,0.697,74.7,-0.073,4,maintain
0.58,71.9,75.3,2.38,6,2,0.766,51.8,0.032,1,maintain
0.51,45,91.4,3.04,7,5,0.648,63.1,0.061,3,maintain
0.749,49.8,122.2,3.26,6,8,0.84,78.3,-0.057,9,maintain
0.26,48.6,88.1,2.92,8,2,0.433,67.3,-0.146,8,downgrade
0.442,42.2,122.1,3.97,14,7,0.697,49.0,-0.12,1,downgrade
0.132,10.1,180,4.36,10,6,0.17,20.3,-0.01,4,downgrade
0.853,82.6,85.9,1.86,3,5,0.883,87.5,0.077,3,upgrade
0.267,31.3,147.6,3.93,18,6,0.376,34.1,-0.128,7,downgrade
0.245,42.2,109.1,3.14,11,7,0.202,54.3,-0.171,2,downgrade
0.457,32.5,160.0,3.7,6,6,0.641,16.8,-0.19,1,downgrade
0.549,58.7,94.0,2.39,13,4,0.509,59.4,-0.024,3,maintain
0.548,81.3,96.1,1.79,13,2,0.627,55.6,0.18,4,maintain
0.994,82.8,54.5,1.97,1,4,0.84,83.7,0.17,4,upgrade
0.27,22.2,82.3,3.12,9,3,0.201,22.0,-0.25,2,downgrade
0.489,36.3,114.4,2.96,9,2,0.678,39.3,-0.044,5,downgrade
0.739,79.3,111.4,2.3,5,8,0.84,55.0,0.078,8,maintain
0.241,29.3,131.9,2.88,15,1,0.791,64.8,-0.039,3,maintain
0.91,67.6,77.2,2.62,0,3,0.95,79.9,0.229,5,upgrade
0.831,59.1,84.3,2.91,4,7,0.838,65.5,-0.03,4,maintain
0.315,41.6,116.7,2.99,10,4,0.292,62.5,-0.068,7,downgrade
0.9,83.4,90.1,2.07,2,7,0.884,89.8,0.123,10,upgrade
0.197,53.5,135.2,2.94,17,8,0.127,67.8,-0.001,6,downgrade
0.274,43.3,153.2,3.17,20,7,0.184,60.0,-0.199,6,downgrade
0.901,100,39.2,1.38,1,1,0.968,80.7,0.006,5,upgrade
0.738,61.8,89.6,2.79,2,4,0.755,49.6,0.03,7,maintain
0.515,32.0,133.7,3.86,11,6,0.655,43.2,-0.07,6,downgrade
0.314,36.7,130.1,3.45,8,6,0.288,46.2,-0.216,6,downgrade
0.798,53.2,87.2,2.55,3,3,0.792,67.6,0.108,1,maintain
0.379,43.7,144.1,3.5,14,5,0.341,52.3,-0.061,4,downgrade
0.766,71.9,83.9,2.3,4,2,0.61,65.2,-0.211,2,maintain
0.685,55.6,103.0,2.89,9,6,0.718,73.4,0.338,4,maintain
0.265,59.8,132.7,2.78,18,4,0.16,60.7,-0.238,3,downgrade
0.942,94.1,77.0,2.11,5,4,0.893,88.6,0.107,8,upgrade
0.469,50.2,152.8,3.27,8,7,0.508,36.2,-0.092,3,downgrade
0.734,82.0,54.4,1.78,6,2,0.84,67.0,-0.113,2,maintain
0.741,65.4,84.8,2.39,2,4,0.595,68.9,0.176,4,maintain
0.874,95.7,59.8,1.25,5,2,0.891,84.4,0.023,6,upgrade
0.92,79.9,77.0,2.25,1,5,0.622,71.2,-0.106,8,maintain
0.5,63.6,107.6,2.2,8,6,0.792,63.7,-0.128,10,maintain
0.568,63.4,64.5,2.35,4,2,0.657,66.2,-0.026,5,maintain
0.5,67.1,76.5,2.32,12,2,0.583,48.7,0.105,4,maintain
0.285,30.1,102.0,2.96,7,2,0.448,33.7,-0.2,3,downgrade
0.845,81.7,97.1,2.28,0,7,0.955,79.1,0.082,8,upgrade
0.398,40.7,159.7,3.69,15,7,0.381,30.1,-0.115,5,downgrade
0.161,44.4,153.7,3.0,15,5,0.259,50.1,0.069,3,downgrade
0.501,75.7,65.2,2.1,4,4,0.605,50.9,-0.23,4,maintain
0.93,88.5,83.0,2.15,3,6,0.865,85.0,-0.053,6,upgrade
0.612,64.6,74.4,2.47,5,2,0.669,58.4,-0.031,9,maintain
0.578,61.5,91.2,2.78,6,7,0.785,67.9,-0.108,9,maintain
0.825,93.4,71.9,1.56,1,5,0.929,81.6,0.152,10,upgrade
0.745,69.2,87.2,2.37,9,4,0.92,91.0,-0.117,6,maintain
1.0,93.3,61.6,1.62,0,3,0.948,91.9,0.049,4,upgrade
0.38,30.6,148.3,3.6,8,5,0.346,30.1,-0.165,8,downgrade
0.92,56.4,76.1,3.02,3,6,0.84,73.6,0.175,4,maintain
0.701,83.2,82.7,2.08,5,5,0.608,56.7,-0.119,3,maintain
0.854,67.7,87.4,2.68,2,7,0.942,80.0,0.03,1,maintain
0.241,39.8,99.5,3.37,7,5,0.355,50.7,-0.145,6,downgrade
0.325,22.7,131.8,3.9,8,8,0.324,21.2,0.11,4,downgrade
0.852,66.4,93.4,2.53,0,7,0.934,82.2,0.29,2,maintain
0.546,58.8,103.4,2.16,11,1,0.632,62.5,0.021,5,maintain
0.821,76.9,66.5,1.59,3,1,0.936,82.7,0.033,4,upgrade
0.749,88,115.9,2.44,8,8,0.765,60.8,-0.089,8,maintain
0.678,70.3,90.3,2.79,5,8,0.81,51.7,0.015,2,maintain
0.679,51.0,80.2,2.65,2,7,0.736,79.9,0.032,8,maintain
0.383,21.9,125.3,3.89,8,7,0.317,20.2,0.04,3,downgrade
0.801,72.1,81.2,2.31,1,3,0.947,76.9,0.025,8,upgrade
0.915,71.0,66.3,1.82,4,1,0.946,74.3,-0.05,3,upgrade
0.683,62.9,113.2,2.77,4,5,0.77,70.3,0.031,2,maintain
0.266,46.8,132.0,2.63,14,2,0.318,53.5,0.02,2,downgrade
0.846,77.0,75.1,2.73,5,8,0.907,80.5,-0.164,8,maintain
0.682,61.4,91.5,2.76,4,8,0.84,55.7,0.014,10,maintain
0.821,78.7,110.3,2.71,3,7,0.922,82.3,0.111,4,upgrade
0.206,43.2,157.6,2.95,18,2,0.05,39.0,-0.208,5,downgrade
0.679,59.8,61.0,2.68,2,6,0.644,64.7,-0.201,1,maintain
0.96,86.0,65.5,1.71,0,3,0.91,91.5,0.076,5,upgrade
0.812,63.0,77.8,2.55,4,7,0.453,61.1,-0.169,5,maintain
0.3,29.8,100.3,3.66,7,7,0.238,41.8,-0.188,6,downgrade
0.946,89.6,52.2,2.35,1,7,0.883,92.6,0.112,9,upgrade
0.194,42.4,140.7,2.74,16,3,0.191,49.9,-0.252,6,downgrade
0.39,35.7,157.2,3.51,11,6,0.452,49.3,0.072,3,downgrade
0.827,72.6,60.4,2.42,2,4,0.922,91.2,-0.206,3,maintain
0.563,61.4,99.1,2.1,7,2,0.84,63.9,-0.112,1,maintain
1.0,82.0,75.4,2.06,0,7,0.919,81.4,0.099,10,upgrade
0.51,73.6,96.9,2.29,10,4,0.589,61.1,-0.186,6,maintain
0.647,78.2,85.7,2.25,8,3,0.672,59.9,0.073,5,maintain
0.842,86.6,83.9,2.14,0,7,0.979,76.3,0.048,4,upgrade
0.744,61.2,102.1,2.67,2,8,0.695,62.5,0.162,6,maintain
0.261,39.3,180,3.24,18,7,0.44,52.4,-0.122,3,downgrade
0.44,26.8,146.9,4.16,4,8,0.338,34.6,-0.123,5,downgrade
0.386,42.0,90.6,2.84,6,6,0.475,58.5,-0.3,3,downgrade
0.595,47.2,136.6,3.21,4,7,0.755,73.9,-0.197,10,maintain
0.306,44.6,145.6,3.37,15,6,0.351,57.2,-0.148,1,downgrade
0.761,51.3,97.5,2.81,6,1,0.675,60.8,0.072,7,maintain
0.928,83.4,81.0,1.93,4,3,1.0,86.9,0.034,10,upgrade
0.387,31.9,88.1,3.36,4,5,0.246,35.7,-0.312,2,downgrade
0.272,42.6,113.5,3.1,15,5,0.387,45.9,-0.274,4,downgrade
0.694,63.9,116.0,2.89,2,6,0.694,45.5,-0.306,10,maintain
0.806,73.0,69.5,1.85,6,2,0.853,88.7,-0.162,3,maintain
0.78,60.9,77.2,2.69,6,3,0.84,79.9,-0.055,10,maintain
0.93,93.2,76.2,1.78,3,1,0.864,81.8,0.053,3,upgrade
0.666,49.5,104.8,2.89,3,4,0.827,78.3,0.105,1,maintain
0.522,67.2,101.3,2.6,10,2,0.596,52.9,0.295,7,maintain
0.737,80.2,67.5,2.06,4,7,0.677,61.9,0.134,7,maintain
0.862,83.8,79.4,1.74,5,3,0.876,83.4,-0.427,6,maintain
0.598,45,96.5,3.34,6,7,0.702,45,-0.234,2,maintain
0.33,54.8,154.7,3.43,9,8,0.342,69.0,-0.08,6,downgrade
0.596,48.1,108.0,2.98,2,3,0.73,54.0,-0.076,8,maintain
0.621,78.2,95.4,2.42,7,1,0.64,45,-0.24,6,maintain
0.833,79.2,76.1,2.11,0,2,0.83,93.3,0.135,6,upgrade
0.409,27.8,113.9,3.41,12,3,0.491,56.1,-0.084,4,downgrade
0.66,45,88.4,2.68,4,2,0.467,71.8,0.059,4,maintain
0.446,33.9,147.5,3.69,16,4,0.44,39.7,-0.136,5,downgrade
0.897,76.2,67.8,2.06,0,7,0.871,82.9,-0.074,10,upgrade
0.858,98.4,53.0,1.32,2,5,0.936,78.6,0.087,9,upgrade
0.953,91.8,78.3,1.9,5,6,0.913,82.4,0.063,6,upgrade
0.722,78.6,59.7,2.17,6,3,0.628,74.4,-0.059,2,maintain
0.357,11.7,141.6,3.73,7,6,0.386,10.7,-0.096,7,downgrade
0.829,77.9,71.9,2.04,0,2,0.969,85.1,0.039,5,upgrade
0.26,40.2,173.5,3.29,15,3,0.44,46.7,-0.161,8,downgrade
0.39,27.3,153.1,3.76,7,5,0.202,28.8,-0.186,3,downgrade
0.285,36.8,135.4,3.38,16,5,0.309,29.1,-0.028,5,downgrade
0.576,75.3,103.3,2.29,6,2,0.771,66.8,-0.081,7,maintain
0.895,93.8,65.6,1.55,4,1,0.971,78.1,0.254,5,upgrade
0.832,83.9,57.9,1.81,5,2,0.908,83.6,0.29,2,maintain
0.183,21.5,157.1,3.48,10,4,0.155,19.2,-0.292,2,downgrade
0.735,55.5,113.3,2.73,5,4,0.664,71.3,0.077,3,maintain
0.658,31.0,145.9,3.12,10,3,0.519,44.3,-0.207,1,downgrade
0.175,19.7,180,3.79,14,6,0.158,26.9,0.121,2,downgrade
0.246,29.0,139.4,3.55,15,5,0.31,11.1,-0.131,7,downgrade
0.85,52.4,114.4,3.0,2,5,0.827,62.3,0.205,4,maintain
0.905,79.4,74.7,2.3,2,2,0.977,69.3,0.013,5,upgrade
0.735,87.7,75.0,1.71,8,5,0.859,91.4,-0.033,1,maintain
0.629,80.9,76.7,2.58,5,5,0.764,61.8,-0.095,1,maintain
0.831,92.3,60.2,1.6,0,4,0.82,81.0,0.396,3,upgrade
0.426,39.2,154.2,3.17,14,6,0.319,47.2,-0.067,4,downgrade
0.529,28.3,169.0,3.62,11,7,0.605,47.8,-0.164,1,downgrade
0.216,42.3,137.0,2.93,15,7,0.076,58.9,-0.217,6,downgrade
0.878,86.7,97.9,2.21,4,7,0.868,80.2,-0.056,2,maintain
0.307,46.7,105.1,3.19,13,6,0.207,35.7,-0.088,5,downgrade
0.355,54.0,148.5,2.9,17,6,0.095,78,-0.083,6,downgrade
0.266,51.6,120.1,2.99,13,4,0.16,58.5,0.082,7,downgrade
0.254,22.6,121.2,4.13,8,8,0.252,35.5,-0.163,3,downgrade
0.779,84.0,67.9,1.98,1,5,0.84,62.9,-0.054,4,maintain
0.918,87.5,75.8,1.81,2,3,0.834,88.8,0.025,9,upgrade
0.946,100,71.7,1.91,0,7,0.947,99.9,0.109,10,upgrade
0.528,47.8,110.5,3.33,5,8,0.478,72.3,-0.132,10,maintain
0.973,89.0,62.0,1.63,1,3,0.814,81.1,0.002,5,upgrade
0.818,45,158.7,3.77,3,8,0.811,72.0,-0.084,4,maintain
0.926,81.7,80.2,2.02,2,4,0.944,87.7,0.038,4,upgrade
0.881,97.2,45.4,1.25,1,1,0.852,83.0,0.257,3,upgrade
0.968,88.3,51.3,2.04,1,6,0.896,80.8,-0.015,7,upgrade
0.28,31.7,123.1,3.34,7,2,0.428,23.5,-0.251,4,downgrade
0.254,32.2,77.8,2.89,9,2,0.266,44.5,0.075,8,downgrade
0.904,88.5,48.0,1.57,5,2,0.88,75.5,0.048,10,upgrade
0.992,72.1,62.9,2.57,0,6,0.936,90.4,0.041,3,upgrade
0.334,23.8,108.5,3.52,10,4,0.667,34.4,-0.306,3,downgrade
0.519,15.1,151.7,3.94,8,4,0.36,20.5,-0.163,7,downgrade
0.906,77.8,39.6,1.77,1,1,0.853,87.0,0.043,6,upgrade
0.714,70.5,100.6,2.59,4,7,0.611,79.9,0.077,6,maintain
0.391,24.8,121.3,3.68,4,5,0.225,29.9,0.081,2,downgrade
0.345,44.7,137.6,3.63,9,4,0.332,75.5,0.109,3,downgrade
0.417,21.0,180,3.84,15,8,0.494,45.2,-0.032,5,downgrade
0.809,90.4,84.4,2.31,3,6,0.883,91.4,0.016,4,upgrade
0.309,14.7,118.5,4.29,7,6,0.181,18.0,0.088,1,downgrade
0.077,37.9,92.5,2.65,14,3,0.05,53.7,-0.092,1,downgrade
0.265,37.9,118.5,2.92,11,3,0.231,28.8,-0.022,8,downgrade
0.809,93.4,57.2,1.21,4,3,0.91,89.0,0.029,6,upgrade
0.866,93.1,63.5,2.11,0,2,0.923,85.6,0.242,10,upgrade
0.321,28.8,150.8,3.67,16,8,0.5,14.6,-0.316,2,downgrade
0.337,47.9,180,3.63,14,8,0.345,41.7,-0.308,2,downgrade
0.932,80.3,64.3,1.91,0,1,0.866,86.4,0.097,8,upgrade
0.961,88.3,85.3,2.34,1,7,0.918,72.7,-0.039,7,upgrade
1.0,89.9,61.3,1.9,2,4,0.903,83.1,0.091,9,upgrade
0.826,50.6,106.4,3.0,5,4,0.829,73.6,0.111,8,maintain
0.943,78.5,73.7,1.83,4,7,0.914,86.9,-0.335,10,maintain
0.826,98.1,42.8,1.4,2,1,0.966,70.0,0.046,6,upgrade
0.367,15.6,172.5,4.28,10,7,0.348,33.9,-0.14,5,downgrade
0.946,84.3,71.3,2.3,4,7,0.878,87.9,0.327,6,upgrade
0.971,79.6,46.2,1.8,0,3,0.862,87.5,0.184,7,upgrade
0.849,81.0,69.0,2.49,0,5,0.931,87.8,0.318,9,upgrade
0.79,68.5,72.2,2.23,3,3,0.74,71.7,0.078,1,maintain
0.38,38.9,134.4,2.8,13,5,0.532,31.7,-0.276,5,downgrade
0.92,68.4,64.8,2.43,1,2,0.579,63.9,-0.019,1,maintain
0.701,76.1,73.0,2.09,4,1,0.84,75.3,-0.033,3,maintain
0.752,77.4,79.9,2.24,5,8,0.827,45,0.071,8,maintain
0.314,44.0,84.7,2.79,12,4,0.425,45.8,-0.238,3,downgrade
0.86,74.6,78.3,2.18,4,1,0.89,95.9,0.066,5,upgrade
0.968,82.3,81.5,2.27,0,4,0.845,100,0.125,5,upgrade
0.352,50.9,79.3,2.45,9,2,0.15,52.6,0.139,7,downgrade
0.29,24.7,137.3,3.03,16,2,0.377,22.6,-0.044,4,downgrade
0.5,61.7,79.3,2.37,8,4,0.614,53.6,0.07,6,maintain
0.835,97.0,60.6,2.17,0,5,0.882,97.2,-0.09,5,upgrade
0.353,38.7,83.6,2.56,9,2,0.492,52.7,-0.119,6,downgrade
0.815,88,64.4,2.24,3,7,0.553,63.2,0.039,2,maintain
0.215,33.8,174.2,4.17,17,5,0.05,53.4,-0.04,7,downgrade
0.415,43.9,112.6,3.43,10,7,0.554,44.4,-0.283,6,downgrade
0.964,84.1,72.4,1.86,3,1,0.858,86.7,0.108,10,upgrade
0.886,72.6,86.0,2.43,4,4,0.773,92.2,0.199,4,upgrade
0.272,12.6,155.1,3.98,11,7,0.233,8.2,-0.195,2,downgrade
0.279,18.6,139.2,4.01,12,8,0.285,27.2,-0.106,4,downgrade
0.202,37.3,107.3,2.92,10,2,0.131,64.0,-0.129,2,downgrade
0.336,31.2,94.7,3.6,7,3,0.24,44.9,0.088,4,downgrade
0.642,68.9,80.3,2.75,5,5,0.754,70.8,-0.017,7,maintain
0.957,100,55.3,1.62,3,2,0.857,88.2,0.047,7,upgrade
0.331,11.0,126.7,3.64,12,4,0.446,24.1,-0.14,4,downgrade
0.737,69.0,122.3,2.63,10,6,0.95,90.2,-0.265,10,maintain
0.858,66.8,116.8,2.84,1,6,0.931,81.5,0.287,2,maintain
0.295,37.3,153.7,3.19,13,8,0.175,52.1,0.016,1,downgrade
0.225,24.4,130.7,3.29,14,3,0.445,39.3,-0.05,6,downgrade
0.317,42.5,149.0,3.4,14,6,0.366,52.2,-0.171,8,downgrade
0.939,67.9,87.3,2.77,0,7,0.882,86.4,-0.317,9,maintain
0.663,72.6,116.6,2.52,6,8,0.661,59.4,-0.057,2,maintain
0.894,88.1,54.8,1.62,1,2,0.972,85.5,0.134,4,upgrade
0.918,91.8,64.4,2.12,0,5,0.901,86.2,-0.017,5,upgrade
0.831,93.1,44.0,1.04,4,2,0.964,83.2,0.045,10,upgrade
0.731,81.0,59.9,2.18,1,3,0.529,52.3,-0.031,8,maintain
0.781,84.5,79.8,1.94,2,7,0.892,82.0,0.276,6,upgrade
0.219,43.1,114.2,3.2,8,5,0.314,28.3,-0.29,4,downgrade
0.336,40.3,87.7,3.0,6,2,0.413,41.1,-0.191,8,downgrade
0.734,79.0,59.5,1.58,5,1,0.961,88.3,-0.09,9,upgrade
0.793,82.3,75.1,2.12,3,6,0.908,83.4,0.063,4,upgrade
0.761,57.4,83.7,3.03,3,5,0.587,67.7,0.063,4,maintain
0.338,61.5,98.1,2.76,8,2,0.249,70.7,-0.093,2,downgrade
0.815,66.1,96.0,2.45,7,7,0.796,64.9,0.079,6,maintain
0.969,92.7,57.7,1.67,1,3,0.824,94.2,-0.016,9,upgrade
0.132,46.2,140.9,2.65,19,3,0.05,57.6,-0.18,6,downgrade
0.919,84.8,63.9,1.65,4,2,0.947,80.1,0.048,9,upgrade
0.847,59.6,80.8,2.26,6,2,0.84,58.4,-0.132,8,maintain
0.577,33.3,85.1,3.22,9,4,0.766,51.2,0.004,2,downgrade
0.944,87.2,75.7,1.96,0,6,0.878,75.7,0.005,6,upgrade
0.299,35.9,117.8,3.39,10,5,0.101,57.6,0.049,8,downgrade
0.888,73.7,93.0,2.36,5,6,0.903,82.5,0.004,5,upgrade
0.171,36.2,148.4,3.28,9,8,0.101,34.8,-0.131,7,downgrade
0.333,49.6,117.4,2.75,6,3,0.414,45.1,0.016,2,downgrade
0.76,63.8,90.2,2.56,5,4,0.624,72.6,0.097,1,maintain
0.356,15.6,180,4.1,15,6,0.334,10.3,0.25,5,downgrade
0.82,72.5,65.5,1.93,1,2,0.878,81.8,-0.366,6,maintain
0.853,86.1,52.7,1.66,0,1,0.79,91.6,0.127,3,upgrade
1.0,84.6,66.2,1.87,2,2,0.917,75.9,0.024,9,upgrade
0.327,34.6,123.7,2.93,12,2,0.606,33.3,-0.059,3,downgrade
0.884,69.7,61.0,2.53,1,5,0.947,80.5,-0.291,7,maintain
0.922,71.5,83.9,2.66,2,6,0.9,80.1,0.014,7,upgrade
0.413,54.5,148.4,3.19,12,7,0.264,49.3,-0.152,4,downgrade
0.982,77.6,85.2,2.34,0,5,0.884,95.7,0.16,3,upgrade
0.708,80.3,91.9,1.78,8,2,0.803,71.6,0.061,7,maintain
0.744,59.6,118.9,2.91,8,8,0.719,79.9,-0.02,4,maintain
1.0,77.1,55.9,2.0,0,2,0.917,95.4,0.066,9,upgrade
0.892,74.5,55.1,2.04,2,3,0.944,79.4,-0.025,6,upgrade
0.374,30.9,123.0,3.51,12,3,0.34,44.6,-0.223,2,downgrade
1.0,100,65.1,2.01,0,6,0.857,95.3,-0.024,5,upgrade
0.77,45,91.9,2.73,1,2,0.761,79.9,0.145,6,maintain
0.776,77.8,101.8,2.44,4,5,0.899,81.9,-0.2,4,maintain
0.391,27.5,142.1,3.17,16,4,0.324,22.0,-0.116,3,downgrade
0.889,86.3,75.7,2.03,2,3,0.936,91.1,0.233,3,upgrade
0.302,27.4,108.6,3.45,9,3,0.295,23.4,-0.051,5,downgrade
0.477,35.4,122.8,3.56,10,8,0.509,31.8,-0.012,1,downgrade
0.322,18.4,136.3,4.34,13,8,0.319,20.7,-0.222,2,downgrade
0.757,84.9,68.8,1.69,3,3,0.807,79.9,0.24,1,maintain
0.897,91.5,54.2,1.43,1,2,0.9,85.6,-0.058,8,upgrade
0.877,90.6,57.3,2.11,0,7,0.841,88.6,0.137,9,upgrade
0.372,19.5,106.8,3.73,13,5,0.333,23.6,-0.246,8,downgrade
0.398,26.0,104.7,3.75,9,5,0.456,32.7,-0.151,5,downgrade
0.74,56.7,134.1,3.16,6,8,0.818,52.6,0.22,6,maintain
0.891,87.8,64.0,1.98,3,2,0.859,91.6,0.182,3,upgrade
0.731,66.4,95.8,2.55,6,7,0.938,85.3,0.206,1,maintain
1.0,84.6,92.0,2.61,1,2,0.902,95.7,0.132,9,upgrade
0.796,79.6,75.4,2.44,1,7,0.823,87.9,0.035,6,upgrade
0.896,81.6,59.4,1.71,2,1,0.892,94.4,0.177,7,upgrade
0.256,36.5,99.5,2.93,9,2,0.305,40.7,-0.063,2,downgrade
0.95,87.6,52.3,1.71,0,1,0.964,93.7,0.126,9,upgrade
0.231,47.7,153.0,2.96,17,3,0.45,59.3,0.136,3,downgrade
0.702,87.7,69.1,2.04,5,5,0.704,54.1,-0.201,1,maintain
0.796,74.3,60.2,1.81,3,2,0.949,78.0,0.162,1,maintain
0.273,12.2,143.0,4.37,9,7,0.354,26.4,-0.364,4,downgrade
0.185,38.0,158.3,3.54,12,4,0.157,49.2,0.029,3,downgrade
0.895,51.4,64.8,2.53,1,4,0.627,66.7,0.062,8,maintain
0.096,35.4,131.4,3.09,16,7,0.05,34.9,-0.128,1,downgrade
0.577,24.3,157.2,3.62,8,5,0.476,20.9,0.034,1,downgrade
0.246,32.9,180,4.02,17,8,0.407,49.0,-0.131,4,downgrade
0.861,70.0,85.9,2.4,3,6,0.892,88.1,0.246,1,maintain
0.5,16.8,112.9,3.82,4,8,0.438,41.1,-0.196,1,downgrade
0.558,83.7,109.9,2.27,5,8,0.812,61.7,-0.034,10,maintain
0.664,61.9,75.0,2.47,5,2,0.776,56.4,-0.052,1,maintain
0.987,83.7,48.2,2.12,0,2,0.9,71.7,0.113,10,upgrade
0.864,72.9,76.6,1.82,3,1,0.943,89.2,0.167,2,maintain
0.245,14.7,180,4.5,19,7,0.442,6.0,-0.103,6,downgrade
0.908,95.6,66.3,1.8,2,5,0.96,87.6,0.327,9,upgrade
0.766,82.3,92.1,2.14,3,7,0.865,89.9,0.117,10,upgrade
0.185,25.5,127.9,3.28,17,4,0.145,38.5,0.002,3,downgrade
0.836,65.6,78.2,2.08,4,2,0.913,78.2,-0.433,5,maintain
0.324,32.6,122.6,3.46,14,4,0.445,37.3,-0.222,5,downgrade
0.826,87.3,64.1,2.16,0,5,0.824,88.9,0.001,5,upgrade
0.889,74.2,62.8,2.01,0,2,0.892,90.0,0.043,5,upgrade
0.774,54.5,111.2,2.83,6,8,0.791,79.9,0.138,6,maintain
0.818,92.7,70.3,1.88,2,3,0.923,75.3,-0.04,8,upgrade
0.897,93.8,56.8,1.96,3,2,0.833,91.3,0.029,7,upgrade
0.795,63.9,88.4,2.46,6,1,0.611,61.6,-0.284,3,maintain
0.896,60.8,76.1,2.73,3,6,0.802,53.3,0.24,6,maintain
0.888,94.9,41.1,1.73,0,7,0.93,86.2,0.123,4,upgrade
0.725,80.3,74.9,1.74,2,4,0.924,85.9,-0.434,8,maintain
0.869,97.5,68.1,1.67,5,3,0.97,88.0,0.174,3,upgrade
0.185,60.7,140.1,2.77,11,6,0.202,78,-0.049,4,downgrade
0.919,83.3,66.8,2.4,0,6,0.936,71.7,0.226,4,upgrade
0.653,69.0,99.1,2.42,7,6,0.804,56.1,-0.407,8,maintain
0.839,67.3,97.0,2.91,3,8,0.62,62.0,0.097,2,maintain
0.902,88.9,61.6,1.85,2,7,0.962,85.1,0.128,5,upgrade
1.0,89.3,50.0,1.64,1,2,0.909,90.6,-0.006,6,upgrade
0.973,76.1,83.5,2.26,0,7,0.926,94.2,0.048,7,upgrade
0.761,73.5,55.3,2.22,2,3,0.47,73.4,0.021,7,maintain
0.943,87.8,71.2,1.87,0,5,0.912,91.6,0.261,7,upgrade
0.309,19.4,180,4.02,13,7,0.273,38.7,-0.145,2,downgrade
0.237,57.5,129.0,2.64,14,4,0.355,78,-0.094,8,downgrade
0.919,84.6,61.1,1.82,0,1,0.891,84.2,-0.028,6,upgrade
0.929,76.8,86.6,2.35,5,5,0.909,77.3,0.16,5,upgrade
0.766,70.0,107.6,2.58,4,8,0.59,49.7,-0.064,4,maintain
0.649,80.0,83.3,2.28,8,3,0.76,79.1,-0.051,1,maintain
0.722,69.5,93.0,2.25,5,1,0.878,92.8,-0.04,2,maintain
0.823,98.2,89.4,1.8,3,7,0.955,94.0,0.217,8,upgrade
0.487,10.6,126.3,3.99,12,7,0.607,21.8,0.249,7,downgrade
0.894,66.8,60.0,2.45,0,5,0.681,74.4,0.024,8,maintain
0.66,77.8,77.4,2.6,2,5,0.565,63.1,-0.055,8,maintain
0.236,6.0,124.4,3.8,14,4,0.252,5,-0.213,2,downgrade
0.824,84.7,73.2,1.96,6,4,0.811,87.6,0.133,10,upgrade
0.228,37.5,92.5,3.31,13,4,0.22,65.0,-0.194,1,downgrade
0.808,71.4,101.7,2.68,4,6,0.726,63.7,-0.126,4,maintain
0.858,61.5,93.4,2.31,2,5,0.595,51.3,-0.017,1,maintain
0.635,63.6,92.5,2.36,5,3,0.718,67.6,-0.234,6,maintain
0.84,78.5,63.3,2.19,2,6,0.906,91.4,0.184,4,upgrade
0.822,82.4,51.7,1.83,3,1,1.0,90.6,0.145,10,upgrade
0.916,80.1,72.5,2.12,4,4,0.931,96.2,0.172,9,upgrade
0.303,33.9,180,3.64,17,7,0.202,30.9,-0.003,7,downgrade
0.832,67.8,80.3,2.87,5,7,0.936,79.5,0.013,4,upgrade
0.78,73.1,67.0,2.34,0,7,0.963,92.5,0.003,2,maintain
0.859,79.0,68.9,2.01,3,6,0.915,87.6,0.267,4,upgrade
0.685,65.9,94.7,2.97,4,8,0.814,73.5,0.04,5,maintain
0.544,25.7,123.8,3.75,10,3,0.428,25.4,0.057,7,downgrade
0.293,47.0,144.4,3.41,17,7,0.177,74.9,-0.004,8,downgrade
0.964,100,63.0,1.68,1,7,0.919,88.2,0.084,4,upgrade
0.925,69.1,44.3,1.91,1,4,0.927,79.4,-0.13,9,maintain
0.316,20.5,170.5,4.02,13,6,0.405,27.7,0.009,3,downgrade
0.657,80.1,80.5,2.12,4,6,0.685,48.0,0.154,1,maintain
0.911,45,122.5,3.07,4,6,0.84,73.9,-0.075,3,maintain
0.34,10.5,141.3,3.9,6,6,0.416,9.7,-0.041,2,downgrade
0.795,77.4,81.1,2.08,4,3,0.851,81.9,-0.137,5,maintain
0.871,91.9,41.6,1.7,2,2,0.889,89.5,0.028,9,upgrade
0.974,85.7,41.9,1.58,1,2,0.919,76.1,0.183,4,upgrade
0.83,92.4,55.7,1.48,0,5,0.922,79.0,-0.053,7,upgrade
0.915,71.3,85.3,2.67,0,2,0.842,94.2,0.114,6,upgrade
0.957,88.4,88.2,2.25,2,7,0.837,93.3,0.06,10,upgrade
0.18,37.6,118.1,3.42,10,8,0.237,52.7,-0.405,8,downgrade
0.839,70.3,98.3,2.63,3,3,0.862,95.5,0.204,10,upgrade
0.734,67.4,75.8,2.37,4,3,0.709,57.1,-0.202,9,maintain
0.291,58.7,150.6,3.3,10,8,0.399,59.5,-0.232,6,downgrade
0.213,46.4,141.3,3.34,12,2,0.264,51.5,-0.08,2,downgrade
0.237,33.1,163.0,3.3,14,6,0.417,65.1,-0.109,8,downgrade
0.636,71.3,61.1,2.37,1,2,0.823,69.5,0.12,5,maintain
0.922,88.9,56.8,2.03,0,4,0.867,91.1,0.265,5,upgrade
0.588,30.0,97.6,3.51,6,3,0.612,41.7,-0.155,6,downgrade
0.704,64.8,105.2,2.38,7,5,0.755,79.9,0.087,6,maintain
0.32,26.4,161.0,3.44,16,3,0.166,50.5,-0.213,4,downgrade
0.842,81.5,68.7,2.12,4,3,0.894,88.9,0.313,5,upgrade
0.696,45.5,117.7,3.0,6,3,0.746,79.9,0.037,9,maintain
0.794,71.3,44.6,1.96,2,1,0.899,85.4,-0.242,6,maintain
0.372,34.7,108.7,2.68,13,3,0.366,31.1,-0.073,8,downgrade
0.712,65.2,84.1,2.38,4,1,0.611,45,-0.274,9,maintain
0.156,53.4,101.7,2.87,10,3,0.141,44.6,-0.055,7,downgrade
0.512,35.5,156.9,3.02,15,2,0.587,52.6,-0.201,2,downgrade
0.924,72.7,66.4,2.16,0,7,0.98,92.8,0.105,4,upgrade
0.568,64.4,94.7,2.85,4,7,0.677,70.6,0.104,6,maintain
0.814,81.4,96.8,2.44,3,5,0.871,87.7,0.04,6,upgrade
0.34,13.2,150.7,3.83,10,4,0.405,29.1,-0.099,4,downgrade
0.638,67.3,94.9,2.5,6,1,0.687,73.8,-0.17,5,maintain
0.941,87.0,73.8,1.95,0,8,0.866,92.7,0.075,1,maintain
0.925,95.2,68.4,1.74,0,4,0.935,94.7,0.136,9,upgrade
0.911,86.5,81.1,2.27,4,7,0.888,89.1,0.208,7,upgrade
0.16,53.4,104.0,2.99,11,8,0.174,57.2,-0.39,8,downgrade
0.891,88.4,90.2,2.3,0,7,0.877,88.1,-0.032,7,upgrade
0.889,68.3,114.0,2.84,0,8,0.921,90.6,0.045,1,maintain
0.938,81.9,31.1,1.51,1,1,0.932,91.0,0.161,4,upgrade
0.276,40.5,140.2,2.74,16,2,0.275,45.9,-0.469,4,downgrade
0.893,75.4,70.6,2.06,5,4,0.929,92.0,-0.008,1,maintain
0.787,52.4,98.9,2.58,6,1,0.84,49.1,0.139,6,maintain
0.918,85.5,62.8,2.27,0,1,0.911,86.1,0.243,5,upgrade
0.967,88.7,54.3,2.29,2,5,0.877,85.9,0.269,9,upgrade
0.565,14.5,118.0,4.15,7,5,0.616,26.5,-0.111,7,downgrade
0.233,30.1,166.3,3.81,10,6,0.456,38.4,-0.283,8,downgrade
0.863,87.7,43.4,1.68,0,3,0.943,79.4,-0.09,4,upgrade
0.622,72.9,101.1,2.18,9,6,0.686,72.3,0.097,7,maintain
0.93,94.0,88.8,2.11,4,8,0.994,89.1,0.332,5,maintain
0.401,32.0,140.7,3.37,11,5,0.557,36.7,-0.036,3,downgrade
0.529,66.5,136.3,2.58,9,6,0.791,79.9,0.138,2,maintain
0.874,78.6,73.9,2.2,5,7,0.887,80.2,0.09,10,upgrade
0.273,51.5,120.6,3.33,7,8,0.154,68.1,-0.255,7,downgrade
0.351,39.4,128.7,3.03,10,3,0.262,38.4,-0.22,3,downgrade
0.819,70.3,39.3,1.56,0,1,0.622,53.0,-0.09,7,maintain
0.216,35.2,178.7,3.77,19,8,0.322,27.2,-0.228,4,downgrade
0.606,45,97.1,3.45,7,8,0.81,53.0,0.182,2,maintain
0.29,28.5,139.4,2.99,15,5,0.324,35.9,-0.108,3,downgrade
0.298,40.2,114.1,3.09,15,5,0.387,37.3,-0.031,5,downgrade
0.897,99.0,81.9,1.49,6,3,0.917,75.8,0.014,8,upgrade
0.936,75.0,70.9,1.75,2,3,0.964,86.7,0.117,1,maintain
0.5,82.6,114.3,2.33,6,6,0.634,79.9,-0.132,9,maintain
0.559,20.6,148.1,3.57,5,5,0.476,16.8,-0.188,3,downgrade
0.412,37.8,121.8,3.22,11,6,0.347,36.2,-0.321,3,downgrade
0.263,28.4,141.0,3.72,14,7,0.39,14.7,-0.024,1,downgrade
0.878,83.5,75.4,2.22,2,6,0.879,93.1,0.272,8,upgrade
0.594,50.5,112.7,3.37,5,8,0.77,64.4,0.092,3,maintain
0.895,82.1,39.9,1.88,1,1,0.968,81.7,0.113,8,upgrade
0.233,52.8,122.3,3.1,15,7,0.17,47.5,-0.14,4,downgrade
0.244,47.5,130.8,2.92,13,6,0.23,49.2,0.016,5,downgrade
0.859,93.8,86.7,1.74,3,6,0.872,94.8,0.002,7,upgrade
0.69,45,104.9,3.01,5,2,0.689,74.4,-0.027,6,maintain
0.831,90.8,60.9,1.58,4,3,0.817,91.7,0.179,8,upgrade
0.92,56.2,100.8,3.43,3,7,0.784,62.3,0.111,6,maintain
0.555,26.0,165.6,3.76,7,6,0.661,16.8,-0.286,4,downgrade
0.743,70.7,88.8,1.82,6,2,0.64,47.8,0.143,6,maintain
0.836,82.3,63.6,1.79,2,2,0.879,82.9,0.297,2,maintain
0.789,87.9,58.2,1.83,2,4,0.923,88.3,0.058,1,maintain
0.994,80.5,49.6,1.73,0,1,0.883,96.0,0.124,7,upgrade
0.858,91.6,54.4,1.89,1,2,0.872,94.1,0.075,3,upgrade
0.429,62.6,98.7,2.44,10,4,0.32,62.3,0.173,8,downgrade
0.953,77.8,77.4,2.52,0,6,0.901,81.1,0.004,7,upgrade
0.673,72.8,112.7,2.31,11,6,0.803,77.2,0.252,5,maintain
0.906,100,59.7,1.45,1,5,0.856,91.1,0.239,10,upgrade
0.237,48.3,167.4,3.14,16,8,0.29,41.2,0.218,4,downgrade
0.261,33.7,128.9,2.99,15,4,0.314,50.0,-0.083,5,downgrade
0.345,5,133.9,4.09,8,6,0.441,5,-0.293,1,downgrade
0.206,11.2,180,4.54,18,7,0.15,5,-0.02,6,downgrade
0.888,66.9,127.6,3.02,1,8,0.558,56.3,-0.158,9,maintain
0.911,76.3,76.1,2.4,2,1,0.885,78.0,0.249,2,maintain
0.748,64.0,120.4,2.89,3,8,0.957,78.9,-0.387,7,maintain
0.5,64.5,77.2,2.36,9,5,0.803,78.3,0.189,5,maintain
0.577,36.5,129.2,3.68,7,7,0.746,35.3,-0.186,4,downgrade
0.565,65.2,126.6,2.73,8,8,0.647,45,-0.31,7,maintain
0.762,84.4,86.4,2.41,2,5,0.969,88.3,0.292,2,maintain
0.878,93.7,25.5,1.26,0,1,0.915,90.0,0.214,5,upgrade
0.193,46.4,90.6,2.51,12,4,0.141,41.3,-0.037,8,downgrade
0.883,96.9,58.3,1.53,2,2,0.808,90.6,0.095,8,upgrade
0.529,88,69.2,1.96,7,7,0.644,59.7,-0.137,8,maintain
0.885,89.7,75.5,2.05,7,3,0.931,76.2,0.161,5,upgrade
0.233,47.4,96.1,3.01,13,2,0.363,41.6,-0.166,5,downgrade
0.834,85.1,79.8,1.78,5,3,0.919,81.7,0.174,7,upgrade
0.187,28.6,133.1,3.65,11,3,0.256,49.0,0.015,4,downgrade
0.938,76.1,40.8,1.82,2,3,0.897,87.8,0.036,9,upgrade
0.997,79.4,64.1,2.19,0,4,0.982,82.7,0.154,4,upgrade
0.306,16.5,114.6,3.83,17,4,0.31,25.5,-0.026,6,downgrade
0.759,78.6,49.4,1.72,5,1,0.549,79.7,0.144,9,maintain
0.761,91.8,67.8,1.93,6,5,0.937,85.0,-0.002,8,upgrade
0.655,72.3,95.7,2.41,6,4,0.57,53.2,0.051,10,maintain
0.757,79.7,69.3,1.89,3,4,0.963,86.9,0.149,1,maintain
0.499,29.8,131.7,3.32,7,5,0.588,39.4,-0.014,2,downgrade
0.997,96.6,72.5,1.77,3,4,0.968,83.5,0.128,7,upgrade
0.41,31.0,123.4,2.95,9,6,0.414,36.2,-0.174,4,downgrade
0.746,67.9,64.6,2.15,5,2,0.558,77.5,0.038,9,maintain
0.359,30.0,135.5,3.5,9,8,0.409,39.8,-0.234,5,downgrade
0.889,72.8,115.8,2.81,3,5,0.87,82.3,0.154,5,upgrade
0.86,88.8,56.1,1.49,2,5,0.926,95.6,0.068,3,upgrade
0.634,70.7,64.9,2.15,8,2,0.518,52.0,0.207,6,maintain
0.332,16.2,112.9,3.39,10,7,0.181,24.7,-0.02,2,downgrade
0.841,69.0,69.2,2.52,4,2,0.945,89.6,0.193,2,maintain
0.581,58.5,133.0,3.19,5,6,0.499,68.3,-0.146,3,maintain
0.26,46.3,119.9,3.6,13,8,0.077,50.8,-0.001,6,downgrade
0.812,58.3,89.4,2.49,5,3,0.794,68.0,-0.254,6,maintain
0.397,31.5,124.0,3.83,12,3,0.451,55.6,-0.255,4,downgrade
0.893,71.1,121.7,2.91,4,7,0.901,77.0,0.055,5,upgrade
0.744,52.4,78.8,2.62,7,3,0.615,68.3,0.122,7,maintain
0.774,59.7,68.9,2.79,3,4,0.711,69.4,0.044,6,maintain
0.5,68.9,66.0,1.78,9,4,0.65,79.9,-0.029,4,maintain
0.998,86.9,55.2,1.71,5,1,0.863,93.9,0.005,7,upgrade
0.91,83.6,56.5,2.03,0,6,0.848,93.5,0.207,5,upgrade
0.835,70.9,76.7,2.04,3,3,0.936,85.8,0.138,4,upgrade
0.467,38.1,142.2,3.42,12,8,0.475,32.4,-0.23,7,downgrade
0.28,44.7,159.8,3.31,14,8,0.473,29.1,-0.08,6,downgrade
0.926,91.2,79.8,2.08,0,8,0.868,99.3,0.143,5,maintain
0.784,81.0,86.5,2.19,5,4,0.647,63.2,-0.134,2,maintain
0.925,92.3,59.8,1.7,2,7,0.905,90.3,-0.013,5,upgrade
0.377,15.5,139.1,3.73,16,3,0.41,8.9,0.013,5,downgrade
0.751,76.8,48.1,1.64,6,1,0.859,90.7,-0.012,1,maintain
0.809,78.4,65.9,1.86,5,1,0.581,71.7,-0.002,3,maintain
0.909,63.1,64.7,2.53,0,6,0.946,79.0,-0.09,10,upgrade
0.921,87.3,80.0,2.09,3,1,0.848,96.0,0.095,7,upgrade
0.89,80.2,76.8,2.2,1,4,0.9,77.3,0.133,8,upgrade
1.0,80.9,49.7,1.76,0,3,0.891,92.5,0.092,3,upgrade
0.446,12.4,177.0,4.22,11,7,0.424,32.9,-0.063,7,downgrade
0.245,19.4,116.0,3.79,16,5,0.356,7.6,-0.004,7,downgrade
0.179,49.2,103.6,3.19,8,8,0.153,52.1,-0.152,8,downgrade
0.655,71.5,101.5,2.34,7,5,0.576,61.6,0.008,1,maintain
0.883,67.2,62.5,2.26,2,2,0.84,61.0,-0.262,10,maintain
0.77,45.2,70.9,2.67,4,1,0.744,77.0,-0.062,4,maintain
0.844,83.6,78.6,2.02,4,5,0.954,76.8,-0.017,5,upgrade
0.5,62.0,87.3,2.69,4,7,0.692,54.9,-0.084,2,maintain
0.795,85.3,74.0,2.29,4,6,0.962,81.9,-0.274,8,maintain
0.761,95.4,68.6,1.66,3,3,0.897,86.6,0.006,5,upgrade
0.17,34.5,140.5,3.03,20,8,0.24,63.9,-0.193,6,downgrade
0.967,83.2,87.2,2.35,1,7,0.863,87.2,0.202,3,upgrade
0.972,90.7,53.2,1.63,0,3,0.895,88.5,-0.04,5,upgrade
0.795,91.0,72.2,1.77,3,5,0.869,92.1,0.065,4,upgrade
0.486,31.7,131.4,3.38,11,4,0.385,38.7,-0.054,2,downgrade
0.877,69.8,70.9,2.3,1,3,0.97,84.6,0.039,4,upgrade
0.937,85.6,46.4,1.34,2,1,0.914,84.5,0.13,8,upgrade
0.345,12.5,143.5,4.13,9,4,0.562,21.7,-0.042,3,downgrade
0.578,62.7,112.9,2.99,7,8,0.674,45,0.227,4,maintain
0.513,60.5,117.3,2.93,6,8,0.45,75.3,-0.185,9,maintain
0.937,100,44.0,2.02,0,5,0.939,96.3,0.149,10,upgrade
0.789,90.7,100.3,2.23,3,7,0.967,93.6,0.168,5,upgrade
0.579,55.1,118.8,3.21,10,7,0.596,56.7,0.191,7,maintain
0.963,91.6,79.2,2.55,0,8,0.986,86.0,0.342,4,maintain
0.444,12.6,175.1,3.88,9,7,0.286,28.8,-0.051,1,downgrade
0.385,43.5,128.6,3.52,13,8,0.511,41.2,-0.092,8,downgrade
0.849,91.0,71.9,2.36,3,5,0.907,80.8,0.018,3,upgrade
0.302,23.9,119.3,3.61,5,7,0.205,46.2,-0.153,1,downgrade
0.402,16.0,146.2,4.67,6,4,0.409,5,-0.178,3,downgrade
0.837,79.6,71.4,2.16,5,2,0.96,83.0,0.082,3,upgrade
0.888,70.6,82.5,2.36,3,7,0.869,81.9,0.232,1,maintain
0.266,29.0,132.8,3.51,7,2,0.229,30.1,-0.119,2,downgrade
0.832,81.2,54.0,2.15,3,1,0.898,89.6,-0.09,5,upgrade
0.969,89.1,56.7,2.38,0,7,0.887,85.9,0.058,5,upgrade
0.84,68.4,98.4,2.37,4,3,0.821,79.9,-0.034,9,maintain
0.661,58.8,99.6,3.06,7,3,0.656,48.6,0.264,10,maintain
0.773,62.6,78.3,2.41,4,3,0.798,57.1,-0.012,2,maintain
0.955,62.4,68.9,2.68,0,6,0.869,94.6,0.351,6,upgrade
0.906,83.8,58.0,1.74,2,1,0.943,65,0.058,6,upgrade
0.748,55.1,83.9,2.63,3,7,0.632,64.7,0.178,4,maintain
0.317,42.4,149.7,3.75,12,8,0.168,49.0,-0.221,6,downgrade
0.17,29.1,157.5,3.17,11,4,0.316,38.1,-0.026,2,downgrade
0.193,43.2,163.2,2.92,16,2,0.319,71.3,-0.15,1,downgrade
0.908,80.6,69.6,2.23,3,1,0.958,84.0,0.188,9,upgrade
0.654,62.4,111.9,3.14,9,6,0.84,72.0,0.036,8,maintain
0.401,17.1,178.3,3.73,12,8,0.471,14.0,0.139,5,downgrade
0.937,75.8,85.1,2.06,0,6,0.953,81.0,0.166,8,upgrade
0.853,63.9,93.0,2.55,6,6,0.909,91.9,-0.379,3,maintain
0.728,70.7,100.1,2.33,6,8,0.719,60.5,-0.164,7,maintain
0.913,100,62.8,1.86,0,6,0.826,88.3,0.185,6,upgrade
0.815,87.5,97.0,1.93,5,7,0.914,85.1,0.415,8,upgrade
0.941,88.3,63.0,1.87,0,3,0.858,84.0,0.132,4,upgrade
0.921,74.0,94.7,2.66,3,3,0.891,88.4,0.063,6,upgrade
0.713,51.8,105.3,2.64,5,1,0.658,64.9,0.017,4,maintain
0.313,31.4,112.1,3.65,9,5,0.342,34.6,0.1,7,downgrade
0.871,87.0,58.2,1.56,4,2,0.866,83.3,0.259,6,upgrade
0.636,45,92.3,2.72,8,3,0.84,53.7,0.025,6,maintain
0.326,52.0,103.7,3.38,10,7,0.219,54.6,0.037,6,downgrade
0.523,61.4,69.7,2.24,6,4,0.767,63.1,-0.001,9,maintain
0.6,58.2,116.7,2.69,7,6,0.714,66.0,0.088,3,maintain
0.867,82.9,74.0,2.23,1,7,0.967,79.7,0.036,1,maintain
0.817,83.8,79.5,1.91,5,1,0.863,87.9,-0.041,7,upgrade
0.557,59.4,111.0,2.43,10,4,0.71,74.3,-0.173,4,maintain
0.726,46.4,92.4,3.18,6,3,0.84,72.1,-0.048,3,maintain
0.187,41.7,112.4,3.73,8,6,0.153,67.5,0.08,4,downgrade
0.5,60.3,111.0,2.93,3,5,0.737,64.2,0.163,6,maintain
0.805,65.1,121.8,2.72,6,5,0.857,88.9,0.233,2,maintain
0.811,62.1,107.6,3.03,5,8,0.522,58.1,-0.057,2,maintain
0.676,83.5,79.7,2.19,6,2,0.742,65.9,-0.006,3,maintain
0.645,45,107.9,2.56,9,4,0.666,68.1,0.145,8,maintain
0.731,85.5,76.4,2.14,4,8,0.966,88.4,0.193,1,maintain
0.809,88.1,51.8,1.63,1,4,0.897,88.4,0.142,3,upgrade
0.534,68.1,78.9,2.63,7,7,0.84,51.7,-0.07,1,maintain
0.747,52.2,122.1,2.8,4,4,0.724,73.0,0.013,6,maintain
0.345,60.0,135.9,2.61,12,5,0.244,49.9,-0.154,6,downgrade
0.871,81.7,45.1,1.91,0,3,0.859,92.3,0.217,5,upgrade
0.802,85.2,62.3,2.04,2,5,0.865,92.9,-0.011,4,upgrade
0.954,76.0,80.4,2.23,0,5,0.869,96.1,-0.041,6,upgrade
0.941,67.3,72.5,2.5,5,4,0.851,84.4,-0.03,2,maintain
0.67,69.0,99.5,2.99,6,8,0.587,54.4,-0.0,7,maintain
0.181,45.6,149.3,2.85,15,5,0.188,44.3,-0.352,5,downgrade
0.314,45.5,82.6,3.05,10,2,0.068,52.7,-0.395,8,downgrade
0.939,90.2,53.8,2.19,1,6,0.886,88.2,0.214,4,upgrade
0.308,54.1,130.3,2.67,15,5,0.251,67.3,-0.004,8,downgrade
0.373,19.4,138.8,3.23,11,1,0.79,79.5,-0.034,5,maintain
0.89,99.0,67.5,1.72,2,5,0.911,79.1,0.26,4,upgrade
0.715,58.6,123.5,2.84,4,8,0.634,79.9,-0.017,5,maintain
0.937,86.4,43.4,1.58,0,2,0.893,85.9,0.241,9,upgrade
0.977,83.2,67.8,2.04,2,7,0.9,95.2,0.046,10,upgrade
0.818,83.0,78.8,2.33,5,2,0.954,78.5,0.129,2,maintain
0.907,88.1,52.9,1.61,1,2,0.857,88.1,0.119,8,upgrade
0.928,84.7,63.4,1.5,2,6,0.86,85.4,0.062,10,upgrade
0.901,89.1,85.2,2.03,3,5,0.88,95.3,0.283,8,upgrade
0.558,69.8,75.3,2.75,2,6,0.505,62.1,0.065,9,maintain
0.195,31.6,135.0,3.78,12,7,0.228,33.6,-0.211,1,downgrade
0.874,88.0,55.6,1.79,0,5,0.908,90.6,0.028,7,upgrade
0.798,71.9,79.7,2.01,4,2,0.946,91.3,-0.003,10,upgrade
0.52,71.2,84.9,2.02,7,4,0.84,73.1,-0.064,9,maintain
0.5,68.4,106.6,2.66,10,8,0.743,75.8,0.152,6,maintain
0.818,91.4,79.7,2.0,3,6,0.874,95.1,-0.02,8,upgrade
0.268,35.1,99.7,3.31,8,3,0.286,36.6,-0.196,6,downgrade
0.886,76.1,71.6,2.11,3,1,0.844,88.6,0.24,9,upgrade
0.917,83.0,57.0,1.84,4,2,0.974,89.8,0.276,7,upgrade
0.807,52.5,134.0,3.15,8,7,0.593,53.7,-0.137,7,maintain
0.868,78.4,62.9,2.14,5,3,0.884,81.2,0.103,4,upgrade
0.584,27.0,170.1,4.06,9,7,0.454,42.5,-0.22,3,downgrade
0.923,88.7,61.5,1.42,7,2,0.874,81.3,0.225,10,upgrade
0.32,31.7,104.0,3.88,7,6,0.309,33.6,0.017,4,downgrade
0.904,98.3,50.2,1.54,1,2,0.862,85.0,0.169,4,upgrade
0.92,60.4,43.8,2.33,0,1,0.743,69.3,-0.004,5,maintain
0.253,14.7,149.4,4.29,19,8,0.348,29.4,-0.034,1,downgrade
0.69,88,102.5,2.07,3,8,0.734,61.8,0.023,2,maintain
0.844,79.1,119.0,2.61,2,7,0.893,81.7,0.072,2,maintain
0.855,85.2,91.0,1.91,6,2,0.843,91.0,0.083,10,upgrade
0.152,65.3,144.8,2.73,14,8,0.05,63.5,-0.004,7,downgrade
0.853,83.1,69.4,1.62,3,7,0.806,91.9,0.018,5,upgrade
0.953,83.7,44.3,1.71,1,1,0.857,94.1,0.168,8,upgrade
0.57,45,72.8,2.8,3,3,0.84,45,0.061,2,maintain
1.0,83.7,78.2,2.14,0,4,0.941,69.7,0.145,4,upgrade
0.889,95.6,62.2,2.0,0,7,0.874,91.5,-0.088,10,upgrade
0.845,80.0,40.4,1.97,0,2,0.891,93.2,-0.09,6,upgrade
0.583,64.6,87.4,2.32,4,6,0.661,67.8,0.065,8,maintain
0.767,50.2,121.4,3.31,5,5,0.748,45,0.006,8,maintain
0.316,22.7,96.4,3.3,4,4,0.338,13.0,0.02,6,downgrade
0.787,72.1,83.1,2.21,5,5,0.941,80.5,-0.31,7,maintain
0.221,49.4,110.7,2.77,15,3,0.293,71.4,0.096,2,downgrade
0.5,54.2,93.3,2.67,9,1,0.538,79.9,0.051,4,maintain
0.164,18.9,124.2,3.91,10,8,0.315,44.6,-0.204,5,downgrade
0.92,88,65.5,2.13,1,4,0.785,56.6,-0.183,3,maintain
0.55,9.2,170.5,4.36,7,7,0.617,9.2,0.093,5,downgrade
0.947,70.1,93.5,2.72,0,3,0.893,78.2,0.006,8,upgrade
0.901,99.1,41.9,1.48,0,1,0.905,87.8,0.233,7,upgrade
0.843,92.7,75.5,2.2,8,3,0.952,91.1,0.119,8,upgrade
0.802,78.8,86.7,2.12,5,2,0.869,87.2,0.02,1,maintain
0.989,96.3,46.9,1.69,2,1,0.919,77.1,0.041,7,upgrade
0.405,32.1,120.1,3.83,7,7,0.336,23.1,-0.028,7,downgrade
0.76,64.0,67.7,2.26,1,1,0.808,66.7,-0.11,7,maintain
0.238,60.0,123.4,2.3,11,2,0.237,73.4,-0.196,4,downgrade
0.329,42.9,179.5,2.92,19,3,0.355,39.6,-0.254,2,downgrade
0.245,17.8,152.4,3.91,12,4,0.404,28.0,-0.5,5,downgrade
0.915,75.6,69.5,1.94,2,4,0.946,87.1,0.223,3,upgrade
0.882,99.5,68.7,2.19,1,8,0.904,98.0,0.154,7,maintain
0.424,12.7,135.7,4.26,12,5,0.508,9.4,0.007,4,downgrade
0.87,88.6,64.4,2.12,2,6,0.896,88.3,-0.02,4,upgrade
0.335,33.6,137.0,3.63,10,6,0.369,54.1,-0.26,6,downgrade
0.853,82.8,57.3,1.95,1,4,0.864,83.7,0.064,1,maintain
0.964,91.2,43.2,1.47,0,5,0.932,93.3,0.257,5,upgrade
0.757,94.4,59.8,0.91,7,2,0.987,76.6,0.249,5,upgrade
0.245,24.3,180,3.87,15,7,0.202,43.3,-0.249,8,downgrade
0.415,22.7,131.8,4.12,10,7,0.294,17.2,-0.245,7,downgrade
0.927,84.4,83.8,2.47,0,7,0.921,83.7,0.194,8,upgrade
0.293,26.4,152.9,3.52,16,8,0.408,45.6,-0.112,3,downgrade
0.352,47.5,131.3,3.43,9,3,0.229,58.5,-0.181,6,downgrade
0.905,84.8,82.2,2.35,0,7,0.9,83.7,0.002,5,upgrade
0.5,55.8,113.9,2.88,9,4,0.721,67.3,-0.141,2,maintain
0.523,25.4,129.2,4.04,11,8,0.527,21.9,-0.144,2,downgrade
0.779,70.8,89.6,2.36,3,4,0.903,78.3,0.205,1,maintain
0.166,63.6,90.9,3.16,9,5,0.207,66.0,-0.036,3,downgrade
0.977,99.6,62.9,1.68,2,6,0.912,83.6,-0.001,10,upgrade
0.642,68.9,115.8,2.83,11,7,0.613,60.4,0.027,6,maintain
0.484,34.9,153.3,3.36,7,5,0.61,13.3,-0.145,8,downgrade
0.92,63.6,110.0,2.41,4,7,0.84,52.3,0.028,10,maintain
1.0,89.6,62.6,1.68,0,2,0.987,94.2,0.022,9,upgrade
0.341,30.3,176.6,3.39,12,7,0.289,34.4,-0.162,5,downgrade
0.898,75.4,79.4,2.06,2,4,0.872,86.8,0.188,6,upgrade
0.454,45.4,103.8,2.89,11,2,0.635,34.9,-0.084,8,downgrade
0.819,84.8,49.6,1.77,1,1,0.995,94.0,0.088,6,upgrade
0.803,84.7,85.9,2.24,0,4,0.942,85.6,0.057,1,maintain
0.745,77.4,102.4,2.33,6,7,0.907,83.7,0.019,1,maintain
0.825,87.1,70.7,2.54,2,2,0.937,95.7,-0.09,10,upgrade
0.926,72.8,85.6,2.41,2,5,0.889,83.1,0.004,5,upgrade
0.5,71.6,103.2,2.59,6,6,0.737,64.3,0.066,9,maintain
0.899,85.1,81.6,1.97,1,4,0.917,89.5,0.068,3,upgrade
0.342,43.8,148.7,3.54,12,4,0.222,62.4,-0.128,5,downgrade
0.64,34.4,130.5,3.59,6,7,0.628,24.9,-0.263,2,downgrade
0.3,55.2,96.2,2.48,8,8,0.332,37.7,-0.379,2,downgrade
0.72,51.0,107.8,2.58,3,3,0.793,65.3,-0.03,7,maintain
0.549,66.8,106.0,2.84,9,6,0.504,48.6,0.099,9,maintain
0.814,59.6,113.4,2.78,1,8,0.595,64.1,-0.048,3,maintain
0.85,71.5,39.7,1.8,2,1,0.864,81.6,0.034,10,upgrade
0.715,77.8,53.6,2.56,0,1,0.712,79.4,0.191,7,maintain
0.848,85.9,54.9,1.62,9,3,0.863,78.5,-0.151,3,maintain
0.886,99.5,76.0,1.57,2,6,0.928,82.9,-0.011,5,upgrade
0.95,100,57.5,1.46,1,4,0.868,90.7,0.094,6,upgrade
0.409,37.3,161.0,3.5,12,3,0.577,27.7,-0.008,6,downgrade
0.818,88.8,79.8,2.31,2,5,0.947,85.4,0.173,5,upgrade
0.293,40.5,157.2,3.55,15,8,0.35,43.8,0.177,7,downgrade
1.0,79.3,76.1,1.9,2,3,0.86,88.1,0.111,8,upgrade
0.848,84.8,51.2,1.87,0,3,0.611,79.9,0.064,3,maintain
0.9,83.7,54.9,2.14,0,2,0.871,95.5,0.265,10,upgrade
0.98,88.1,94.8,2.64,0,7,0.907,88.6,0.283,3,upgrade
0.739,51.9,135.5,3.16,7,8,0.71,77.8,-0.096,3,maintain
0.565,81.5,117.6,2.53,6,6,0.612,47.2,0.199,6,maintain
0.586,55.4,126.6,2.87,8,3,0.732,74.5,-0.111,2,maintain
0.255,37.9,159.0,3.6,7,8,0.197,27.9,-0.159,8,downgrade
0.459,38.9,132.7,3.36,8,7,0.366,40.9,-0.201,2,downgrade
0.905,92.2,61.0,2.08,2,4,0.874,83.2,-0.027,10,upgrade
0.922,87.2,45.3,1.7,0,4,0.93,73.0,0.08,10,upgrade
0.247,34.4,145.5,3.58,16,4,0.339,34.6,0.13,2,downgrade
0.648,72.4,89.8,2.28,12,1,0.568,45,0.186,6,maintain
0.5,66.3,96.0,2.37,10,2,0.775,51.3,-0.009,8,maintain
0.346,48.3,115.6,3.24,14,6,0.198,69.2,0.057,3,downgrade
0.898,74.1,49.8,2.26,0,3,0.775,87.1,0.2,10,upgrade
0.42,11.7,113.2,3.63,11,5,0.315,8.1,-0.203,6,downgrade
0.934,91.5,73.4,2.14,2,6,0.967,82.4,0.098,9,upgrade
0.867,89.4,73.3,2.4,1,6,0.867,78.6,0.113,10,upgrade
0.823,77.6,102.4,2.4,4,5,0.873,89.5,-0.39,6,maintain
0.86,92.9,58.8,1.84,1,2,0.91,89.9,0.061,9,upgrade
0.178,41.2,102.7,3.2,9,5,0.095,22.3,-0.056,2,downgrade
0.961,84.1,35.9,1.73,0,3,0.876,90.0,0.22,8,upgrade
0.861,99.0,68.1,1.79,2,5,0.878,80.6,-0.061,4,upgrade
0.884,79.9,88.2,2.04,4,7,0.962,83.5,0.035,2,maintain
0.699,65.4,105.5,2.33,6,7,0.684,79.4,-0.195,10,maintain
0.469,58.2,146.0,3.25,9,8,0.357,69.3,-0.008,8,downgrade
0.85,73.9,88.8,2.56,0,3,0.716,76.2,-0.099,3,maintain
0.899,88.6,73.8,1.66,3,7,0.936,80.9,0.13,4,upgrade
0.46,22.7,128.6,3.98,9,8,0.371,41.6,-0.332,6,downgrade
0.433,34.5,123.5,3.42,14,4,0.436,37.3,-0.101,7,downgrade
0.834,70.4,72.6,2.15,3,2,0.96,79.7,-0.191,7,maintain
0.279,6.3,141.9,3.81,8,2,0.157,22.1,-0.133,3,downgrade
0.825,88,49.8,1.57,4,1,0.84,77.5,0.197,3,maintain
0.304,24.8,115.4,3.57,12,3,0.341,38.6,-0.054,3,downgrade
0.457,39.5,132.4,2.81,9,1,0.614,79.9,0.223,8,maintain
0.886,76.0,73.0,2.13,4,2,0.914,90.4,0.102,1,maintain
0.238,44.9,110.1,3.13,11,4,0.078,53.2,0.023,7,downgrade
0.5,65.1,107.5,2.31,11,4,0.67,45,0.164,7,maintain
0.844,78.7,71.0,2.02,2,7,0.873,94.4,0.035,4,upgrade
0.426,52.5,132.3,2.81,6,5,0.568,78,0.006,6,downgrade
0.92,62.4,55.3,2.42,0,4,0.679,79.9,0.088,9,maintain
0.263,40.1,155.4,3.69,11,8,0.354,57.5,0.103,8,downgrade
0.411,15.1,166.2,4.74,12,8,0.5,17.4,-0.152,2,downgrade
1.0,96.3,45.3,1.34,0,2,0.92,85.4,0.218,6,upgrade
1.0,83.6,59.4,1.65,1,2,0.972,83.0,0.074,9,upgrade
0.875,90.0,90.7,2.4,5,6,0.909,87.7,0.108,6,upgrade
0.33,40.2,130.9,3.55,11,8,0.24,26.0,-0.421,2,downgrade
0.877,77.2,80.1,2.47,4,4,0.946,90.5,0.181,7,upgrade
0.328,13.9,127.3,4.13,16,7,0.12,11.6,-0.033,1,downgrade
0.531,75.1,51.6,2.44,1,1,0.714,79.9,0.159,9,maintain
0.937,76.3,71.5,2.09,0,2,0.805,93.2,0.163,8,upgrade
0.654,73.7,58.1,1.71,8,1,0.728,62.8,0.069,6,maintain
0.304,40.2,173.7,3.21,16,4,0.443,39.0,0.075,7,downgrade
0.213,26.0,144.3,3.55,11,5,0.05,28.1,-0.132,4,downgrade
0.705,70.1,76.4,1.87,6,2,0.686,68.3,-0.174,2,maintain
1.0,78.3,69.2,2.09,0,3,0.935,84.0,0.096,6,upgrade
1.0,75.1,96.4,2.57,0,7,0.872,90.4,-0.011,9,upgrade
0.955,79.0,62.6,2.1,0,5,0.966,96.5,0.229,9,upgrade
0.23,39.5,135.8,3.42,11,5,0.318,30.6,0.119,2,downgrade
0.922,78.9,76.4,2.39,0,7,0.891,86.7,0.114,5,upgrade
0.244,15.5,153.5,3.7,14,4,0.11,25.3,-0.032,7,downgrade
0.198,19.8,180,3.94,18,8,0.238,24.4,-0.44,7,downgrade
0.735,45,110.7,3.22,2,3,0.686,69.0,0.002,3,maintain
0.236,32.7,180,4.15,18,8,0.505,56.0,-0.048,2,downgrade
0.948,87.8,57.4,1.44,2,3,0.902,88.6,0.099,8,upgrade
0.43,34.2,120.8,2.94,12,2,0.449,30.0,-0.225,3,downgrade
0.558,53.5,92.2,2.92,5,4,0.702,45,0.12,1,maintain
0.344,53.3,124.3,3.07,5,7,0.276,49.7,-0.246,8,downgrade
0.916,79.9,66.2,2.24,3,5,0.91,89.0,0.04,3,upgrade
0.921,92.1,81.4,1.82,1,7,0.858,80.1,0.075,5,upgrade
0.835,97.0,54.8,1.93,0,1,0.867,77.7,-0.007,5,upgrade
0.602,62.5,106.4,2.53,6,2,0.582,46.9,0.006,4,maintain
0.371,60.8,125.3,2.58,9,5,0.545,58.2,-0.082,8,downgrade
0.627,47.6,89.2,2.72,4,1,0.808,64.1,-0.027,4,maintain
0.652,59.5,129.8,3.29,7,8,0.45,64.8,0.087,1,maintain
0.335,33.5,101.0,3.13,5,3,0.384,34.9,-0.11,6,downgrade
0.267,15.8,153.9,3.92,14,3,0.36,10.0,0.024,4,downgrade
0.663,70.6,105.6,2.38,8,3,0.533,73.9,0.204,4,maintain
0.356,43.1,108.6,2.74,13,2,0.311,56.4,0.041,6,downgrade
0.516,65.8,100.7,2.02,9,3,0.599,61.6,0.015,7,maintain
0.667,63.5,108.8,2.87,11,6,0.84,73.4,-0.015,9,maintain
0.36,49.7,96.7,3.03,10,5,0.258,45.6,0.107,2,downgrade
0.979,100,59.2,1.78,3,3,0.827,95.0,-0.078,10,upgrade
0.937,90.5,40.6,1.56,2,1,0.858,90.6,0.083,3,upgrade
0.359,23.9,144.6,3.61,5,5,0.258,32.5,0.07,3,downgrade
0.428,48.4,114.2,3.29,5,5,0.536,58.8,-0.281,2,downgrade
0.273,46.1,121.2,3.17,14,5,0.092,61.5,0.045,7,downgrade
1.0,83.7,74.3,2.09,0,7,0.871,83.4,0.215,3,upgrade
0.485,23.0,179.1,4.14,7,8,0.525,18.1,-0.253,1,downgrade
0.762,87.6,43.4,1.8,0,3,0.866,94.3,0.189,4,upgrade
0.843,85.3,78.7,1.88,6,1,0.903,80.0,-0.07,4,upgrade
0.489,38.8,108.1,3.36,10,4,0.562,53.6,-0.121,8,downgrade
0.926,83.0,62.7,1.99,4,7,0.953,95.4,0.145,7,upgrade
0.456,17.8,118.3,4.13,7,8,0.487,14.6,0.022,3,downgrade
0.874,66.1,66.4,2.0,3,2,0.897,94.9,-0.056,3,upgrade
0.835,85.2,74.9,1.86,2,2,0.86,82.2,0.267,1,maintain
0.601,60.9,117.3,2.69,5,7,0.45,73.4,0.025,5,maintain
0.857,88.0,29.3,1.12,1,1,0.819,87.7,0.069,4,upgrade
0.256,36.4,121.0,3.26,16,2,0.353,46.5,0.033,4,downgrade
0.956,70.1,58.3,1.78,0,1,0.883,90.7,0.269,3,upgrade
0.633,71.6,70.6,2.38,6,3,0.788,79.9,0.053,8,maintain
0.683,61.9,115.9,2.43,8,4,0.611,71.6,0.097,2,maintain
0.883,73.6,71.1,2.63,3,8,0.45,76.7,0.125,9,maintain
0.681,71.4,64.1,1.95,4,2,0.84,65.6,-0.002,6,maintain
0.59,73.8,76.2,1.92,7,4,0.549,57.1,0.121,7,maintain
0.389,22.3,107.0,3.71,14,2,0.547,32.3,-0.092,1,downgrade
0.88,81.2,41.0,1.77,1,2,0.895,83.8,0.193,1,maintain
0.582,80.5,72.9,1.88,10,2,0.695,54.7,-0.135,2,maintain
0.225,30.5,169.0,3.36,12,4,0.197,26.5,-0.148,4,downgrade
0.67,53.9,87.5,2.74,1,4,0.728,55.1,0.022,6,maintain
0.287,23.8,121.5,3.41,14,3,0.395,27.1,-0.35,3,downgrade
0.735,69.8,93.1,2.47,4,8,0.571,58.3,0.139,5,maintain
0.439,29.6,104.4,3.27,9,2,0.531,53.6,-0.13,5,downgrade
1.0,86.9,61.5,1.91,0,7,0.914,87.6,0.014,3,upgrade
0.891,100,41.0,1.12,0,4,0.95,94.5,0.138,9,upgrade
0.884,76.5,65.4,2.52,0,6,0.85,93.8,0.123,8,upgrade
0.783,86.6,80.6,2.2,5,2,0.85,87.8,-0.4,7,maintain
0.307,28.7,96.9,3.82,5,3,0.289,52.8,-0.041,1,downgrade
0.156,37.9,145.2,3.0,17,5,0.118,34.9,-0.216,8,downgrade
0.723,74.8,48.4,1.89,7,1,0.646,62.9,-0.193,4,maintain
0.225,45.4,107.6,2.98,12,5,0.162,51.4,-0.068,4,downgrade
0.228,43.5,160.2,2.78,20,4,0.248,63.5,-0.102,7,downgrade
0.091,27.8,164.0,3.48,16,5,0.179,35.3,0.001,8,downgrade
0.949,80.5,65.2,1.97,3,6,0.942,86.9,0.115,7,upgrade
0.635,76.6,70.4,2.03,7,3,0.84,53.6,0.031,4,maintain
0.866,73.4,86.8,2.29,3,2,0.704,77.9,-0.048,3,maintain
0.627,59.6,104.0,2.56,5,4,0.67,59.4,-0.104,6,maintain
0.482,30.6,143.6,3.79,10,8,0.468,37.3,-0.275,7,downgrade
0.906,79.0,71.6,2.43,3,3,0.972,70.3,-0.052,6,upgrade
0.223,49.7,114.9,2.33,11,4,0.374,65.5,-0.092,7,downgrade
0.846,88.5,59.1,1.57,0,2,0.8,92.9,0.087,9,upgrade
0.952,94.2,48.0,2.05,0,7,0.883,82.3,-0.09,3,upgrade
0.915,80.3,72.5,1.62,4,4,0.835,94.5,0.013,5,upgrade
0.893,86.3,64.7,2.17,0,6,0.92,88.1,-0.09,6,upgrade
0.929,90.4,73.6,1.91,2,2,0.905,84.2,0.113,6,upgrade
0.843,46.7,117.1,3.13,1,5,0.719,65.7,0.062,2,maintain
0.936,94.5,84.2,1.93,2,7,0.947,82.3,0.086,4,upgrade
0.5,75.0,96.8,1.92,13,1,0.793,62.8,0.139,8,maintain
0.93,90.3,73.0,1.78,5,2,0.904,81.8,0.069,10,upgrade
0.231,11.7,175.2,4.43,10,5,0.143,10.0,-0.09,3,downgrade
0.212,29.3,115.5,3.0,16,2,0.105,39.9,-0.17,3,downgrade
0.187,35.3,131.7,3.49,14,7,0.178,51.1,-0.128,1,downgrade
0.257,24.0,144.3,3.62,12,4,0.253,13.1,0.015,4,downgrade
0.353,67.0,88.3,2.25,14,4,0.465,78,0.048,7,downgrade
0.668,70.7,53.7,2.35,0,2,0.786,70.1,-0.084,3,maintain
0.897,88.1,52.2,1.68,2,1,0.9,84.4,0.068,3,upgrade
0.779,80.1,66.6,2.12,5,3,0.911,85.8,0.11,1,maintain
0.91,89.1,66.4,1.76,5,1,0.955,85.0,0.123,7,upgrade
0.38,20.0,119.5,3.69,7,4,0.516,10.7,0.048,6,downgrade
0.573,58.1,95.0,2.61,6,6,0.84,69.8,-0.085,2,maintain
0.842,74.1,75.9,2.12,6,4,0.966,77.6,0.024,9,upgrade
0.939,84.1,105.7,2.44,2,6,0.959,81.7,0.033,9,upgrade
0.872,94.3,49.4,1.95,0,4,0.894,91.4,-0.041,4,upgrade
0.745,50.0,88.9,3.0,4,4,0.619,59.6,0.106,2,maintain
0.922,87.3,45.8,1.56,2,1,0.996,84.1,0.139,6,upgrade
0.357,13.3,180,4.25,12,7,0.459,27.5,-0.189,2,downgrade
0.901,93.6,48.4,1.32,3,1,0.895,94.2,0.035,9,upgrade
0.863,70.0,66.2,2.59,0,3,0.894,86.0,-0.09,10,upgrade
0.936,80.9,61.1,1.62,2,1,0.924,89.8,0.123,7,upgrade
0.723,45,81.4,2.95,3,2,0.82,79.0,-0.056,1,maintain
0.913,84.9,61.5,2.16,2,1,0.889,91.8,0.059,5,upgrade
0.459,45.8,109.5,3.32,10,7,0.603,68.5,0.117,4,downgrade
0.53,45,126.5,3.18,1,6,0.613,78.9,-0.15,1,maintain
1.0,82.3,65.4,1.91,0,2,0.894,88.1,-0.09,4,upgrade
0.223,60.1,83.2,2.74,6,2,0.247,61.5,-0.195,4,downgrade
0.25,36.0,160.7,3.12,14,1,0.678,61.4,-0.049,9,maintain
0.61,66.0,121.2,2.61,11,7,0.636,57.5,-0.091,8,maintain
0.738,47.3,92.4,3.18,3,7,0.84,45,-0.118,4,maintain
0.819,86.9,57.7,1.92,2,7,0.807,89.4,0.005,7,upgrade
0.356,18.4,180,4.36,16,7,0.252,24.7,-0.146,8,downgrade
0.332,20.1,166.7,4.38,10,6,0.248,45.6,-0.063,7,downgrade
0.698,77.9,60.4,2.08,5,1,0.675,68.5,0.278,8,maintain
0.361,8.3,157.0,3.69,15,3,0.226,24.2,-0.116,2,downgrade
0.75,71.5,72.6,2.37,3,4,0.452,61.2,0.039,8,maintain
0.309,30.8,100.6,3.36,13,5,0.266,38.4,-0.122,6,downgrade
0.333,33.5,75.2,3.1,4,2,0.403,25.1,-0.128,5,downgrade
0.572,22.3,104.4,3.93,5,6,0.768,45.3,-0.159,4,downgrade
0.682,55.7,113.7,2.56,9,3,0.485,74.5,0.024,1,maintain
0.901,80.0,73.3,2.46,0,6,0.952,83.0,0.145,7,upgrade
0.902,84.8,73.7,2.08,1,7,0.894,87.2,0.012,7,upgrade
0.918,75.0,48.0,2.04,1,5,0.876,94.7,0.056,7,upgrade
0.544,59.7,83.6,2.66,3,2,0.713,79.9,0.008,2,maintain
0.304,33.6,136.9,3.34,10,7,0.309,33.1,-0.184,2,downgrade
0.721,76.7,93.5,2.79,7,8,0.783,60.5,-0.028,3,maintain
0.167,50.7,124.6,3.25,13,4,0.266,52.7,-0.186,4,downgrade
1.0,81.4,75.2,2.31,0,7,0.883,91.6,0.303,7,upgrade
0.598,71.5,88.9,2.29,2,3,0.84,76.7,-0.069,7,maintain
0.308,25.0,107.3,3.85,11,6,0.314,45.3,-0.161,5,downgrade
0.84,67.8,67.4,2.5,2,1,0.944,81.3,0.091,4,upgrade
0.841,85.9,85.8,2.11,3,7,0.896,94.1,0.176,10,upgrade
0.779,69.1,90.7,2.27,6,3,0.95,81.9,-0.366,8,maintain
0.182,34.0,133.7,3.78,11,8,0.165,56.1,-0.008,7,downgrade
0.923,92.5,35.9,1.17,0,2,0.862,95.1,0.249,4,upgrade
0.854,77.3,92.2,2.33,4,8,0.954,84.7,-0.027,2,maintain
0.203,39.4,130.0,2.79,15,3,0.14,40.7,-0.103,6,downgrade
0.595,47.7,119.8,2.89,7,3,0.566,45,-0.146,5,maintain
0.416,30.1,87.4,3.48,5,4,0.492,49.3,-0.215,8,downgrade
0.353,43.5,137.5,3.12,7,4,0.657,36.0,-0.24,7,downgrade
0.907,77.4,66.2,2.2,2,5,0.969,81.1,-0.192,4,maintain
0.933,92.0,62.7,1.7,0,3,1.0,91.7,0.076,7,upgrade
0.36,29.2,136.1,3.78,10,6,0.389,27.2,0.044,4,downgrade
0.819,96.6,55.4,1.5,2,2,1.0,86.2,0.089,4,upgrade
0.268,37.1,95.2,3.21,14,2,0.185,35.2,-0.108,1,downgrade
0.739,80.6,74.8,2.09,6,4,0.537,79.9,-0.109,10,maintain
0.76,76.8,72.2,2.26,7,5,0.909,81.9,-0.059,2,maintain
0.876,79.6,90.8,2.53,5,8,0.931,82.8,0.172,1,maintain
0.5,57.1,119.2,2.86,5,5,0.706,62.6,-0.038,6,maintain
0.328,41.9,120.1,3.08,11,7,0.491,26.3,-0.284,8,downgrade
0.907,82.9,75.0,2.28,4,5,0.862,87.3,0.017,2,maintain
0.651,65.4,86.8,2.15,7,1,0.544,57.7,0.089,7,maintain
0.863,76.3,80.1,2.25,4,5,0.764,82.4,-0.09,8,upgrade
0.478,31.0,146.1,3.59,12,4,0.512,44.0,0.107,1,downgrade
0.957,97.2,40.3,1.23,1,6,0.837,90.0,-0.07,10,upgrade
0.808,90.6,55.0,1.58,3,5,0.96,85.8,0.007,3,upgrade
0.704,52.6,120.8,3.46,1,7,0.695,79.9,0.0,8,maintain
0.88,92.7,55.3,1.84,1,5,0.815,90.1,0.028,6,upgrade
0.541,67.2,95.3,2.57,9,1,0.706,67.4,-0.028,4,maintain
0.764,75.6,67.7,2.72,1,8,0.826,47.2,0.064,8,maintain
0.513,14.5,125.5,4.22,12,4,0.606,35.1,-0.196,3,downgrade
0.862,74.7,68.6,2.57,1,6,0.852,91.7,0.268,1,maintain
0.803,78.0,79.0,2.63,2,6,0.886,98.9,0.094,4,upgrade
0.278,21.2,170.6,3.66,8,6,0.364,36.8,-0.115,7,downgrade
0.71,45,76.5,2.52,6,1,0.49,65.3,0.331,5,maintain
0.157,51.3,111.8,2.34,17,3,0.114,52.5,-0.274,3,downgrade
0.371,47.1,147.0,3.22,14,8,0.353,66.8,-0.004,3,downgrade
0.776,82.8,68.4,2.22,7,1,0.917,91.4,0.121,3,upgrade
0.772,61.0,59.2,2.21,1,4,0.684,45,-0.106,1,maintain
0.855,66.1,92.5,3.14,4,7,0.864,84.9,0.113,1,maintain
0.237,34.5,106.5,3.57,9,4,0.331,48.3,0.085,6,downgrade
0.812,93.1,52.2,1.84,3,2,0.954,84.6,0.114,7,upgrade
0.799,93.6,103.0,1.92,6,7,0.87,88.6,0.289,7,upgrade
0.986,88.7,62.8,2.34,0,4,0.915,89.4,0.047,9,upgrade
0.731,66.8,93.1,2.48,6,4,0.953,80.6,-0.054,1,maintain
0.834,92.9,50.6,1.58,3,1,0.853,90.1,0.191,6,upgrade
0.217,16.3,104.6,4.02,9,6,0.599,17.2,-0.167,2,downgrade
0.918,94.4,84.4,2.14,3,6,0.939,90.0,0.137,6,upgrade
0.768,80.8,77.1,1.94,4,5,0.952,87.9,0.125,1,maintain
0.329,41.7,140.4,2.71,13,2,0.254,51.2,0.028,3,downgrade
0.538,64.0,71.5,2.3,5,3,0.816,79.9,-0.12,4,maintain
0.667,81.5,65.5,1.94,6,1,0.572,58.8,-0.158,8,maintain
0.757,66.7,82.7,2.87,3,6,0.634,47.5,0.016,2,maintain
0.229,59.4,94.7,2.57,18,2,0.145,75.9,-0.272,3,downgrade
0.504,45,105.1,3.11,8,8,0.813,57.3,-0.007,7,maintain
0.698,67.8,97.3,2.53,8,3,0.607,62.9,0.028,8,maintain
0.962,83.0,65.9,2.09,0,1,0.943,87.1,0.047,8,upgrade
0.275,33.2,84.3,3.06,8,3,0.099,43.7,-0.239,4,downgrade
0.372,18.1,149.7,3.46,13,5,0.486,42.6,-0.147,6,downgrade
0.177,42.9,78.5,2.86,12,3,0.312,56.1,-0.215,8,downgrade
0.911,68.7,59.3,1.95,3,2,0.989,83.9,0.198,8,upgrade
0.755,68.0,95.4,2.72,4,7,0.76,79.9,0.06,6,maintain
0.748,74.3,117.4,2.73,6,8,0.816,64.4,-0.042,10,maintain
0.888,88.2,74.2,2.19,2,6,0.916,70.6,-0.02,8,upgrade
0.868,83.7,54.7,1.81,3,1,0.893,94.7,0.318,5,upgrade
0.16,38.9,118.8,3.38,17,5,0.193,59.6,0.073,4,downgrade
0.873,86.6,81.8,2.18,1,5,0.973,79.2,0.056,5,upgrade
0.867,87.3,59.8,2.09,0,3,0.907,79.6,0.127,8,upgrade
0.602,53.8,158.0,3.43,9,6,0.754,79.9,-0.17,3,maintain
0.574,88,73.0,2.23,6,3,0.729,74.1,0.191,7,maintain
0.96,100,57.7,1.78,0,5,0.93,80.2,0.134,3,upgrade
0.847,83.5,71.4,1.82,3,3,0.874,83.4,0.031,7,upgrade
0.235,51.7,114.4,2.25,17,3,0.322,56.8,-0.021,1,downgrade
0.178,24.4,160.6,3.07,17,3,0.251,10.4,-0.269,2,downgrade
1.0,77.5,80.0,2.26,1,3,0.953,87.8,0.062,9,upgrade
0.323,60.9,84.7,2.59,6,6,0.276,61.5,-0.167,3,downgrade
0.358,31.1,104.7,2.97,14,3,0.431,56.0,-0.218,3,downgrade
0.446,39.5,143.2,3.4,15,7,0.296,44.3,0.043,1,downgrade
0.9,76.9,68.4,2.25,6,4,0.923,80.9,-0.039,4,upgrade
0.25,44.2,125.9,3.42,17,7,0.176,39.0,-0.15,1,downgrade
0.632,47.0,100.7,3.1,8,5,0.75,73.6,0.097,4,maintain
0.257,24.8,163.2,3.84,9,3,0.179,52.3,-0.252,8,downgrade
0.274,25.0,180,3.85,12,5,0.308,52.4,-0.023,8,downgrade
0.248,59.0,119.3,2.87,7,6,0.244,38.0,-0.295,6,downgrade
0.722,53.5,107.9,2.42,8,5,0.743,76.0,0.143,4,maintain
0.251,34.8,106.5,3.54,7,6,0.438,21.5,-0.031,6,downgrade
0.841,61.0,48.3,2.38,1,2,0.707,56.1,-0.079,7,maintain
0.67,81.2,122.1,2.51,8,5,0.807,65.1,-0.009,4,maintain
0.156,50.0,132.1,3.21,12,8,0.204,75.5,-0.202,3,downgrade
0.986,77.8,46.7,1.64,0,5,0.928,95.3,0.13,9,upgrade
0.351,21.4,98.6,3.61,13,4,0.518,39.5,-0.089,7,downgrade
0.907,86.1,47.9,1.82,0,6,0.89,93.8,0.146,5,upgrade
0.231,50.1,116.4,3.17,12,5,0.244,35.3,-0.26,3,downgrade
0.874,86.6,65.3,1.82,0,3,0.882,91.1,0.09,5,upgrade
0.775,45,87.6,2.9,3,5,0.72,54.1,0.097,10,maintain
0.905,77.2,82.4,2.35,0,3,0.855,86.7,0.034,9,upgrade
0.757,74.2,87.6,2.47,5,4,0.883,80.1,0.009,1,maintain
0.73,65.3,113.9,3.02,2,8,0.781,65.8,-0.248,5,maintain
0.5,64.4,73.1,2.72,2,6,0.693,66.1,-0.005,10,maintain
0.946,87.5,41.8,1.73,0,3,0.923,87.2,0.051,5,upgrade
0.836,79.0,68.3,1.74,4,1,0.952,88.3,0.142,7,upgrade
0.824,94.9,50.0,1.79,5,4,0.875,75.9,0.074,5,upgrade
0.912,71.9,86.8,2.5,4,6,0.945,82.6,-0.074,6,upgrade
0.876,75.1,79.8,2.71,2,8,0.467,70.1,0.012,8,maintain
0.841,84.8,61.5,1.84,3,1,0.91,82.7,0.264,6,upgrade
0.836,75.0,91.9,2.74,2,6,0.653,66.3,0.115,4,maintain
1.0,77.3,79.7,2.24,0,1,0.973,80.4,-0.09,6,upgrade
0.981,85.2,80.2,2.29,1,7,0.876,84.7,0.116,4,upgrade
0.897,53.2,96.1,2.62,0,3,0.84,70.2,-0.045,4,maintain
0.888,97.2,38.0,1.36,1,2,0.904,95.8,0.024,9,upgrade
0.92,56.6,66.5,2.38,2,2,0.66,75.9,-0.103,7,maintain
0.896,86.6,71.7,2.15,1,6,0.803,96.6,-0.09,3,upgrade
0.376,44.4,160.6,3.42,9,6,0.556,30.4,-0.091,2,downgrade
0.367,44.8,88.4,2.57,6,2,0.379,55.8,-0.246,7,downgrade
0.943,80.2,95.5,2.47,0,5,0.956,77.4,0.19,9,upgrade
0.927,67.4,58.2,2.57,1,5,0.939,93.0,-0.42,7,maintain
0.927,80.6,72.3,2.11,6,5,0.928,92.9,0.139,10,upgrade
0.851,77.6,79.0,2.46,0,5,0.868,94.5,0.005,4,upgrade
0.402,25.7,173.0,3.35,13,6,0.311,25.7,-0.118,4,downgrade
0.345,29.7,140.3,3.79,15,8,0.497,35.5,-0.256,1,downgrade
0.387,28.3,91.9,3.08,14,2,0.42,28.6,-0.125,3,downgrade
0.853,92.6,48.9,1.65,0,1,0.956,81.0,0.086,3,upgrade
0.554,47.1,79.6,2.54,6,2,0.502,59.8,0.116,2,maintain
0.386,20.0,180,4.59,11,7,0.324,35.4,0.108,7,downgrade
0.581,59.8,97.7,2.79,9,7,0.743,69.3,-0.021,6,maintain
0.192,36.3,123.3,3.05,14,3,0.05,39.5,-0.164,5,downgrade
0.581,46.8,115.9,3.36,6,6,0.68,68.7,-0.11,1,maintain
0.5,64.0,111.5,2.84,8,6,0.689,58.7,-0.151,6,maintain
0.893,95.9,49.7,1.82,0,7,0.946,78.6,0.108,5,upgrade
0.398,18.7,173.1,3.77,6,8,0.121,6.0,-0.044,1,downgrade
0.428,17.7,146.8,3.66,14,4,0.465,23.3,-0.405,3,downgrade
0.834,88.6,73.8,2.26,2,4,0.953,82.9,-0.016,8,upgrade
0.644,72.5,70.9,2.64,6,2,0.576,54.4,-0.028,2,maintain
0.762,93.1,91.0,1.83,5,4,0.905,93.8,0.148,8,upgrade
0.939,92.4,71.8,2.23,0,7,0.877,81.5,0.007,4,upgrade
0.659,82.2,56.6,1.98,1,1,0.696,49.7,-0.238,6,maintain
0.94,81.4,66.5,1.83,0,7,0.875,91.1,0.046,7,upgrade
0.398,24.7,163.0,4.16,4,4,0.558,33.2,0.064,4,downgrade
0.155,39.3,164.8,3.16,17,2,0.158,27.2,-0.111,7,downgrade
0.401,23.6,105.0,3.01,9,2,0.435,9.9,-0.426,4,downgrade
0.827,73.6,53.8,1.9,2,3,0.824,91.1,0.152,3,upgrade
0.11,37.3,130.6,3.26,8,2,0.47,63.2,-0.081,8,downgrade
0.925,87.2,42.7,1.38,0,2,0.926,89.4,0.136,3,upgrade
0.666,65.4,85.9,2.44,6,1,0.622,50.9,-0.027,6,maintain
0.919,62.8,51.8,2.24,1,3,0.944,88.2,-0.073,9,upgrade
0.736,72.2,83.8,2.27,1,2,0.865,78.1,0.062,1,maintain
1.0,78.1,56.8,1.92,0,2,0.92,94.1,-0.09,8,upgrade
0.916,93.7,60.6,1.85,0,1,0.904,83.8,0.145,4,upgrade
0.196,51.2,175.0,3.06,16,7,0.251,51.9,0.064,4,downgrade
0.944,87.2,86.3,2.0,3,2,0.848,90.4,0.057,6,upgrade
0.619,74.1,78.9,2.34,7,8,0.68,45,0.013,4,maintain
0.842,86.9,45.0,1.69,4,3,0.916,87.1,-0.011,4,upgrade
0.604,68.5,82.0,2.29,3,2,0.84,45,-0.157,6,maintain
0.203,36.9,148.7,3.4,10,7,0.124,32.5,-0.203,3,downgrade
0.95,97.5,68.8,1.85,0,7,0.922,83.2,0.125,7,upgrade
0.5,76.0,106.8,2.43,9,6,0.84,69.5,-0.087,7,maintain
1.0,83.3,51.3,1.7,0,4,0.912,84.3,0.004,4,upgrade
0.852,79.1,88.7,2.29,2,6,0.967,83.3,-0.325,10,maintain
0.859,76.6,76.4,2.34,0,8,0.918,90.1,0.204,1,maintain
0.744,51.1,98.5,2.67,2,5,0.84,64.1,-0.003,8,maintain
0.814,85.3,59.9,2.1,3,3,0.808,96.4,0.147,10,upgrade
0.889,81.4,54.6,2.27,0,5,0.944,83.6,0.035,10,upgrade
0.882,85.6,58.5,2.01,1,5,0.915,86.2,0.123,7,upgrade
0.811,79.1,62.8,2.19,5,7,0.956,73.8,0.12,3,upgrade
0.603,29.5,118.2,3.18,4,4,0.598,27.9,-0.329,2,downgrade
0.245,48.0,108.1,2.95,15,7,0.232,51.9,-0.305,8,downgrade
0.849,84.1,111.9,2.09,6,6,0.91,90.6,0.038,3,upgrade
0.5,59.3,117.7,2.66,5,5,0.84,63.0,0.21,8,maintain
1.0,79.8,65.5,1.84,4,4,0.974,92.3,0.054,6,upgrade
0.824,79.0,97.9,2.54,1,5,0.945,79.1,0.132,9,upgrade
0.277,36.5,123.9,3.42,16,6,0.262,19.6,-0.21,8,downgrade
0.289,34.8,149.2,3.33,13,2,0.222,42.2,-0.146,8,downgrade
0.193,42.6,152.0,3.11,12,8,0.05,65.5,-0.106,8,downgrade
0.741,87.2,80.9,2.13,5,5,0.948,81.8,0.174,8,upgrade
0.756,66.7,65.8,2.41,4,8,0.45,66.3,-0.117,3,maintain
0.868,64.1,52.7,2.1,1,4,0.938,76.4,0.002,7,upgrade
0.84,75.1,54.9,2.04,5,1,0.95,77.4,0.011,10,upgrade
0.246,36.1,99.1,3.24,16,6,0.238,26.6,-0.218,5,downgrade
0.421,34.8,180,3.65,13,8,0.498,31.3,-0.371,3,downgrade
0.159,39.7,160.8,3.41,15,8,0.095,56.7,-0.054,3,downgrade
0.235,30.4,124.3,4.04,11,8,0.27,41.3,-0.101,6,downgrade
0.857,45.9,94.9,3.05,2,5,0.701,45,0.147,4,maintain
0.927,73.9,70.2,2.28,0,2,0.884,65,0.181,3,upgrade
0.582,81.6,70.2,2.05,3,5,0.824,59.2,-0.018,4,maintain
0.28,52.5,94.0,2.52,10,3,0.377,52.1,-0.21,8,downgrade
0.956,85.9,71.1,2.16,0,4,0.848,95.6,0.002,7,upgrade
0.642,13.2,154.3,3.89,7,4,0.655,18.6,0.027,2,downgrade
0.924,76.0,95.5,2.54,3,4,0.977,100,0.073,9,upgrade
0.736,90.3,71.8,1.74,4,7,0.902,95.8,0.069,9,upgrade
0.703,64.3,72.5,2.72,4,4,0.84,61.7,0.143,1,maintain
0.859,69.7,94.5,2.25,5,3,0.953,83.6,-0.254,5,maintain
0.39,14.4,161.2,4.26,12,8,0.341,5.5,-0.006,7,downgrade
0.887,79.4,69.6,2.52,0,5,0.949,84.9,0.049,3,upgrade
0.928,83.9,49.9,1.81,2,3,0.866,88.9,0.223,6,upgrade
0.932,85.6,73.5,1.98,1,5,0.907,65.5,0.001,5,upgrade
0.181,39.3,149.9,3.91,20,7,0.123,49.3,-0.211,8,downgrade
0.708,49.6,126.7,3.27,7,8,0.823,79.1,0.089,8,maintain
0.275,41.7,137.2,3.1,15,6,0.168,47.2,-0.444,5,downgrade
0.904,80.4,51.4,1.61,1,5,0.866,86.4,0.166,10,upgrade
0.202,21.4,127.8,3.86,18,3,0.341,27.8,-0.189,1,downgrade
0.687,56.7,131.8,2.86,8,6,0.605,56.9,0.049,8,maintain
0.169,32.0,180,3.78,19,8,0.143,31.0,-0.134,1,downgrade
0.805,69.9,56.0,2.23,2,3,0.602,56.9,-0.014,4,maintain
0.39,21.0,180,4.14,13,6,0.282,12.8,0.127,5,downgrade
0.59,54.4,122.6,2.73,4,6,0.748,60.2,-0.214,2,maintain
0.92,81.5,114.2,2.6,1,8,0.637,62.6,0.021,4,maintain
0.893,67.1,56.7,1.94,5,4,0.913,87.8,0.261,2,maintain
0.954,76.6,58.3,2.47,0,4,0.892,73.0,0.144,4,upgrade
0.579,76.7,63.9,2.39,5,8,0.716,56.8,0.073,2,maintain
0.866,86.3,95.2,2.42,0,6,0.856,90.7,0.149,5,upgrade
0.722,83.5,87.8,2.23,5,5,0.916,85.8,-0.14,6,maintain
0.486,53.0,102.0,2.87,8,7,0.525,52.3,-0.13,3,downgrade
0.838,89.5,85.3,1.99,7,4,0.897,87.7,-0.029,5,upgrade
0.313,19.9,167.3,4.23,16,8,0.345,5,-0.061,2,downgrade
0.726,62.2,69.1,2.16,7,1,0.84,72.9,-0.158,4,maintain
0.246,20.4,114.3,3.67,13,3,0.418,29.1,-0.039,6,downgrade
0.726,66.8,60.9,2.28,7,2,0.832,79.9,0.068,6,maintain
0.897,84.6,57.6,2.2,0,7,0.97,90.1,0.211,6,upgrade
0.5,51.6,96.8,2.73,11,3,0.725,66.3,-0.172,10,maintain
1.0,70.5,67.9,2.48,0,5,0.946,91.6,0.121,10,upgrade
0.614,60.5,53.6,2.27,4,2,0.728,66.2,-0.114,6,maintain
0.344,57.8,148.8,3.07,12,7,0.247,78,0.003,6,downgrade
0.832,76.9,102.3,2.75,4,7,0.748,49.3,-0.163,10,maintain
0.75,78.4,78.0,2.5,2,7,0.911,78.8,0.116,2,maintain
0.31,45.4,131.7,2.92,17,5,0.384,46.8,-0.167,5,downgrade
0.691,55.6,85.8,3.12,6,3,0.84,64.6,0.031,3,maintain
0.281,13.4,161.9,4.14,12,5,0.567,10.4,0.01,1,downgrade
0.848,83.4,113.5,2.53,3,8,0.929,88.0,-0.313,5,maintain
0.492,35.5,99.2,3.63,6,8,0.482,23.9,-0.094,7,downgrade
0.803,76.1,60.5,1.84,6,1,0.942,65.5,-0.08,4,upgrade
0.599,68.8,87.8,2.31,7,6,0.839,59.7,0.018,1,maintain
0.905,74.9,45.3,2.02,0,5,0.946,79.9,-0.025,3,upgrade
0.804,91.7,64.4,1.3,6,2,0.939,71.9,-0.056,9,upgrade
0.646,83.7,93.3,1.76,4,7,0.684,49.7,-0.174,1,maintain
0.871,74.2,71.8,1.88,2,2,0.943,76.6,0.191,6,upgrade
0.829,85.7,40.2,1.65,2,2,0.925,83.6,-0.09,7,upgrade
0.621,63.7,77.4,2.52,5,3,0.716,79.3,-0.063,4,maintain
0.236,22.1,172.8,3.63,13,2,0.214,24.6,0.086,1,downgrade
0.342,28.1,117.4,3.8,11,5,0.232,42.5,-0.073,3,downgrade
0.802,67.7,48.0,2.31,1,2,0.589,79.9,-0.225,3,maintain
0.32,22.5,156.3,3.8,11,4,0.05,22.5,-0.158,8,downgrade
0.86,73.5,52.4,2.15,3,2,0.901,91.9,-0.043,1,maintain
0.874,76.8,74.9,2.08,3,1,0.792,99.6,0.124,9,upgrade
0.572,66.2,89.5,2.03,6,1,0.691,58.3,-0.265,6,maintain
0.92,57.3,79.4,2.69,3,7,0.773,52.0,0.103,1,maintain
0.491,27.0,127.3,3.85,7,6,0.53,24.7,0.053,7,downgrade
0.735,39.2,159.2,3.64,7,3,0.85,43.4,-0.41,8,downgrade
0.956,95.3,87.4,2.09,2,8,0.985,89.2,-0.039,9,maintain
0.809,84.2,56.5,1.87,5,2,0.889,73.2,0.193,7,upgrade
0.272,39.7,142.4,3.77,7,8,0.294,51.0,-0.095,7,downgrade
0.852,83.5,59.1,1.53,1,3,0.893,78.8,0.19,9,upgrade
0.398,34.6,91.0,3.58,3,3,0.467,6.7,0.033,1,downgrade
1.0,100,42.0,1.76,0,3,0.958,75.5,-0.003,5,upgrade
0.521,45.8,104.2,3.24,7,6,0.627,64.3,-0.041,8,maintain
0.5,81.4,100.2,2.22,6,5,0.673,79.9,0.059,9,maintain
0.896,90.6,55.3,1.89,1,5,0.858,86.8,0.04,7,upgrade
0.409,19.8,164.2,3.61,13,2,0.187,28.3,0.048,3,downgrade
0.92,72.8,92.8,2.31,4,2,0.786,79.9,0.001,7,maintain
0.907,85.4,40.5,1.64,1,2,0.923,86.8,0.055,5,upgrade
0.337,40.7,133.5,3.43,14,8,0.134,52.0,-0.269,4,downgrade
0.589,64.7,111.9,2.88,10,3,0.772,79.9,-0.082,5,maintain
0.859,84.0,85.6,2.25,3,5,0.839,89.9,0.127,7,upgrade
0.727,45.4,86.6,3.19,4,6,0.714,47.8,-0.002,8,maintain
0.28,19.3,139.9,3.87,16,8,0.118,17.0,-0.053,6,downgrade
0.462,47.3,168.9,2.78,15,7,0.651,69.5,-0.292,5,downgrade
0.303,55.3,123.1,2.76,14,3,0.378,54.3,-0.055,4,downgrade
0.762,74.8,66.0,1.55,5,5,0.941,87.7,0.09,1,maintain
0.903,74.3,65.7,1.99,2,5,0.962,82.5,-0.026,3,upgrade
0.953,92.2,79.6,2.04,1,6,0.93,85.5,-0.032,8,upgrade
0.863,77.7,53.1,2.03,0,2,0.871,85.5,0.071,2,maintain
0.857,78.6,49.9,1.76,2,4,0.949,81.0,0.071,4,upgrade
0.314,46.5,98.6,2.75,11,4,0.408,61.7,0.119,8,downgrade
0.42,16.3,129.9,4.05,7,5,0.573,7.6,-0.008,7,downgrade
0.204,37.5,137.2,2.95,19,4,0.203,22.6,-0.187,4,downgrade
0.838,84.2,90.2,2.39,0,7,0.926,88.3,-0.429,9,maintain
0.277,28.1,159.8,3.48,17,6,0.156,13.8,-0.234,6,downgrade
0.592,77.4,75.4,2.26,6,6,0.626,52.6,-0.095,8,maintain
0.861,88.7,66.3,2.01,5,6,0.949,90.3,0.071,3,upgrade
0.815,97.8,45.9,1.83,4,2,0.905,84.0,0.151,4,upgrade
0.927,75.7,97.9,2.6,2,7,0.959,89.5,0.044,2,maintain
0.272,48.9,143.3,2.82,16,2,0.429,59.8,-0.265,4,downgrade
0.907,73.9,69.8,2.13,3,4,0.874,94.4,0.019,6,upgrade
0.557,48.6,98.7,3.39,5,7,0.555,79.9,0.192,6,maintain
0.427,52.6,94.7,3.38,8,4,0.481,47.4,-0.198,5,downgrade
0.923,85.6,104.1,2.47,2,7,0.889,91.5,0.03,4,upgrade
0.973,81.1,75.0,1.79,3,1,0.91,89.6,-0.016,9,upgrade
0.396,34.4,141.0,3.34,8,7,0.513,39.0,-0.229,7,downgrade
0.694,66.2,120.9,2.84,5,7,0.727,76.7,-0.067,3,maintain
0.824,76.3,52.4,2.21,1,3,0.925,76.1,0.15,10,upgrade
0.796,66.7,86.2,2.84,4,6,0.623,73.4,-0.141,2,maintain
0.903,95.2,46.7,1.84,0,2,0.879,91.4,-0.077,5,upgrade
0.827,71.7,87.5,2.23,2,4,0.962,89.4,-0.09,9,upgrade
0.874,86.0,62.6,1.92,6,4,0.943,80.9,0.03,3,upgrade
0.608,25.5,111.4,3.92,8,4,0.55,34.8,0.002,1,downgrade
0.789,77.3,91.8,2.5,3,3,0.484,58.8,-0.048,8,maintain
0.768,45,168.7,3.75,6,8,0.647,64.3,-0.048,5,maintain
0.536,67.7,120.4,2.77,4,7,0.662,58.2,-0.143,6,maintain
0.815,83.9,77.0,2.28,1,7,0.977,82.9,0.056,6,upgrade
0.393,45.8,81.7,2.85,7,3,0.262,47.1,-0.223,3,downgrade
0.517,60.7,99.6,2.64,4,2,0.782,46.8,0.195,2,maintain
0.219,35.2,120.4,3.77,9,6,0.389,16.8,0.134,6,downgrade
0.871,63.3,61.0,2.41,5,2,0.451,63.1,0.215,7,maintain
1.0,76.8,55.1,2.43,0,1,0.947,83.3,0.159,8,upgrade
0.412,37.2,98.4,3.02,6,4,0.333,51.6,-0.275,8,downgrade
0.893,82.6,69.2,1.8,3,1,0.888,95.7,0.023,10,upgrade
1.0,100,77.4,1.62,0,7,0.924,92.0,0.148,10,upgrade
0.832,84.3,76.7,2.13,3,3,0.957,76.8,0.19,6,upgrade
0.296,16.1,162.3,3.97,17,5,0.149,5,-0.31,1,downgrade
0.3,25.6,169.2,3.65,13,6,0.244,48.7,-0.158,1,downgrade
0.712,88,64.2,2.14,6,8,0.565,65.0,-0.156,1,maintain
0.283,47.6,101.5,2.92,14,6,0.291,54.4,-0.074,6,downgrade
0.317,36.0,119.2,3.17,15,8,0.246,18.2,-0.355,2,downgrade
0.923,98.2,70.1,1.54,3,5,0.907,85.0,0.12,4,upgrade
0.707,57.5,108.7,2.46,6,5,0.567,52.7,0.115,8,maintain
0.362,36.8,120.2,3.03,13,3,0.435,59.6,-0.145,1,downgrade
0.5,70.6,77.7,2.07,14,2,0.767,70.5,-0.201,10,maintain
0.542,47.6,96.4,2.51,7,2,0.821,74.3,-0.13,5,maintain
0.898,86.5,50.4,1.7,2,2,0.896,92.9,0.017,9,upgrade
0.809,77.3,71.0,2.22,2,8,0.665,60.1,0.086,7,maintain
0.832,82.8,50.1,1.92,1,2,0.941,81.8,0.053,7,upgrade
0.263,33.8,144.7,3.62,16,6,0.212,37.3,-0.2,2,downgrade
0.457,32.0,103.4,3.2,11,1,0.45,49.4,-0.037,9,maintain
0.254,24.6,140.8,4.03,10,6,0.402,23.6,0.031,2,downgrade
0.897,79.4,71.0,2.16,0,2,0.956,83.7,0.059,10,upgrade
0.279,28.7,126.0,3.38,14,3,0.326,42.0,-0.159,8,downgrade
0.863,95.5,90.9,2.01,6,4,0.843,87.8,0.1,5,upgrade
0.871,70.7,112.3,2.57,4,6,0.867,85.8,-0.31,8,maintain
0.627,81.2,82.5,2.37,6,5,0.84,63.6,-0.081,1,maintain
0.352,10.4,169.9,4.27,8,7,0.363,13.2,-0.205,7,downgrade
0.904,79.8,47.7,1.88,3,3,0.905,88.5,-0.001,6,upgrade
0.449,44.7,121.6,3.08,14,2,0.543,53.4,-0.447,7,downgrade
0.5,63.3,103.2,2.45,7,4,0.753,45,0.056,4,maintain
0.646,88,67.9,1.86,7,7,0.45,69.6,0.157,8,maintain
0.944,95.1,71.4,2.06,0,7,0.938,92.0,0.165,7,upgrade
0.855,71.6,82.3,2.4,2,3,0.788,94.4,0.084,3,upgrade
0.229,54.1,156.1,2.96,16,6,0.171,48.8,-0.029,7,downgrade
0.655,68.4,57.2,2.04,9,1,0.653,59.6,-0.146,7,maintain
0.613,63.6,97.4,2.71,9,8,0.545,69.3,0.122,4,maintain
0.526,32.6,151.6,3.67,12,4,0.681,38.5,-0.259,2,downgrade
0.895,93.8,56.2,1.49,1,2,0.885,83.5,0.122,5,upgrade
0.365,38.9,111.3,3.21,4,6,0.475,57.9,-0.187,3,downgrade
0.369,33.0,157.4,3.6,8,8,0.588,49.3,-0.258,4,downgrade
0.379,29.8,111.1,3.9,6,6,0.419,24.2,-0.181,7,downgrade
0.878,88.1,72.3,1.64,4,2,0.814,89.7,0.191,8,upgrade
0.183,25.4,163.4,4.4,19,7,0.21,46.6,0.171,5,downgrade
0.879,72.5,80.1,2.29,3,4,0.964,67.1,-0.068,6,upgrade
0.183,32.0,116.3,3.8,8,8,0.167,46.7,-0.168,4,downgrade
0.837,92.6,47.2,1.38,3,5,0.837,92.7,0.09,4,upgrade
0.971,94.4,80.7,1.91,1,5,0.861,93.6,-0.09,10,upgrade
0.168,32.2,115.4,3.27,9,5,0.158,43.4,-0.261,8,downgrade
0.878,84.9,66.7,2.17,3,6,0.95,81.6,0.008,6,upgrade
0.927,77.6,62.6,2.15,0,5,0.787,86.3,0.032,6,upgrade
0.357,33.8,179.7,3.75,13,8,0.373,40.2,-0.033,6,downgrade
0.5,55.0,117.2,2.78,8,3,0.733,54.5,0.177,2,maintain
0.965,93.3,63.3,2.03,0,1,0.905,92.5,0.197,9,upgrade
0.957,76.7,62.0,1.91,0,3,0.899,89.7,0.004,5,upgrade
0.304,55.4,108.0,2.5,14,2,0.071,59.8,-0.121,7,downgrade
0.726,46.4,96.4,3.04,1,1,0.755,79.9,-0.065,3,maintain
0.483,24.4,140.7,3.24,9,1,0.813,75.3,0.059,4,maintain
0.61,76.8,82.5,2.53,4,8,0.505,66.6,0.056,9,maintain
0.858,80.6,55.4,1.62,4,2,0.873,93.7,0.077,10,upgrade
0.701,68.6,143.6,3.1,3,8,0.681,45,-0.045,2,maintain
0.544,30.5,158.7,3.44,9,5,0.587,56.3,-0.231,2,downgrade
0.677,79.2,101.2,2.74,6,7,0.786,73.9,0.008,4,maintain
0.299,44.6,168.6,3.15,11,7,0.371,47.4,-0.432,2,downgrade
0.87,70.8,101.7,2.51,0,7,0.914,89.5,0.194,7,upgrade
0.73,70.0,68.0,2.19,3,2,0.672,79.9,-0.121,8,maintain
0.301,44.6,133.3,3.19,15,3,0.293,50.2,-0.261,7,downgrade
0.317,19.2,145.6,3.6,14,5,0.42,30.4,-0.155,4,downgrade
0.863,78.8,72.8,1.72,3,2,0.88,90.4,0.046,1,maintain
0.672,79.1,120.9,2.45,6,8,0.728,78.4,-0.296,10,maintain
0.762,75.5,59.2,1.6,6,1,0.721,79.9,0.004,9,maintain
0.883,84.3,70.3,2.24,2,6,0.95,82.3,0.202,2,maintain
0.345,33.5,93.4,2.45,8,2,0.466,44.3,-0.179,3,downgrade
0.836,57.6,78.9,2.39,4,4,0.595,79.9,-0.187,8,maintain
0.201,39.2,116.0,3.05,14,2,0.225,43.2,0.072,6,downgrade
0.828,45,64.1,2.54,3,3,0.773,53.9,-0.037,4,maintain
0.203,34.4,166.8,3.59,13,8,0.352,22.0,0.038,5,downgrade
0.5,52.8,90.7,2.99,6,6,0.648,66.1,0.156,9,maintain
0.684,62.6,94.6,2.28,9,1,0.647,62.5,0.017,2,maintain
0.685,58.1,85.7,1.95,4,3,0.829,62.5,-0.173,5,maintain
0.895,66.8,99.1,2.67,2,8,0.861,90.1,0.28,1,maintain
0.366,20.4,133.5,4.08,5,6,0.385,48.9,-0.09,1,downgrade
0.913,69.0,76.8,2.22,1,2,0.896,86.5,-0.414,4,maintain
0.877,96.4,35.3,1.71,2,1,0.939,86.0,0.079,4,upgrade
0.9,77.0,105.1,2.49,3,7,0.873,85.0,0.09,10,upgrade
0.914,85.8,74.6,1.83,1,6,0.85,83.7,-0.09,5,upgrade
0.86,80.9,67.8,2.17,1,2,0.919,87.3,-0.004,8,upgrade
0.96,89.9,61.4,1.63,2,6,0.958,71.2,0.113,10,upgrade
0.809,83.7,45.9,1.58,0,6,0.907,85.6,0.107,1,maintain
0.201,29.2,180,3.74,18,4,0.114,43.5,-0.104,2,downgrade
0.88,80.6,50.3,2.05,1,6,0.969,100,0.141,8,upgrade
0.97,83.4,49.3,1.6,0,2,0.823,94.4,0.126,10,upgrade
0.837,84.4,107.1,2.58,4,6,0.881,77.9,0.041,9,upgrade
0.939,82.2,68.6,2.44,2,7,0.908,85.5,0.346,5,upgrade
0.584,70.4,111.7,2.67,8,8,0.715,74.4,0.095,6,maintain
0.984,75.1,89.2,2.52,1,5,0.936,78.9,0.134,3,upgrade
0.844,82.7,75.4,2.2,5,7,0.857,86.9,0.17,8,upgrade
0.866,79.0,71.1,2.65,4,4,0.848,85.9,0.046,6,upgrade
0.403,28.1,151.4,3.61,11,5,0.386,35.9,-0.047,4,downgrade
0.94,89.1,46.9,1.72,2,3,0.903,85.7,0.013,5,upgrade
0.59,27.3,137.5,3.51,4,5,0.517,26.9,-0.117,2,downgrade
0.874,70.4,43.2,1.8,2,3,0.907,80.7,0.013,9,upgrade
0.716,74.8,63.4,1.77,6,3,0.977,89.8,-0.02,5,upgrade
0.186,43.3,150.7,3.69,10,7,0.224,53.6,0.009,8,downgrade
0.633,62.9,95.2,2.45,9,6,0.746,66.6,0.024,10,maintain
0.378,46.5,110.8,3.3,7,7,0.05,42.3,-0.282,6,downgrade
0.79,70.1,70.4,2.41,4,6,0.637,79.9,0.195,3,maintain
0.668,55.5,92.5,2.81,4,2,0.716,79.9,-0.078,2,maintain
0.201,22.0,101.9,3.76,7,5,0.102,37.6,-0.052,1,downgrade
0.66,49.5,81.7,2.55,6,5,0.74,79.9,0.162,5,maintain
0.192,41.8,136.8,3.16,13,4,0.152,40.4,-0.009,8,downgrade
0.859,78.9,56.6,2.11,1,5,0.909,97.7,-0.09,7,upgrade
0.751,60.1,57.9,2.49,2,1,0.696,79.9,-0.213,1,maintain
0.744,53.0,76.5,2.66,3,2,0.633,61.7,-0.075,6,maintain
0.666,68.1,116.6,2.73,8,8,0.493,55.0,-0.07,6,maintain
0.354,16.8,118.9,4.56,5,8,0.304,20.4,-0.158,4,downgrade
0.87,80.5,52.5,1.71,4,2,0.627,67.9,0.084,9,maintain
0.832,62.7,93.1,2.32,6,4,0.872,90.4,0.141,2,maintain
0.839,69.5,74.0,2.38,5,4,0.684,45.4,0.048,1,maintain
0.841,88.7,31.1,1.46,2,1,0.967,84.8,-0.062,7,upgrade
0.828,90.0,44.3,1.42,4,2,0.866,97.2,0.148,3,upgrade
0.842,96.1,71.4,1.57,7,7,0.973,92.1,0.098,6,upgrade
0.734,61.9,93.2,2.49,2,6,0.721,79.9,0.227,6,maintain
0.375,33.3,123.4,3.28,9,1,0.664,59.2,0.002,3,maintain
0.265,54.1,65.0,2.46,7,2,0.096,43.8,-0.157,2,downgrade
0.89,80.5,54.5,1.69,6,2,0.872,75.8,-0.09,5,upgrade
0.598,45,104.5,2.79,11,1,0.84,67.7,-0.322,5,maintain
0.537,22.8,164.4,3.8,6,4,0.73,12.0,-0.006,6,downgrade
0.228,11.5,142.0,3.99,11,3,0.13,5,0.077,4,downgrade
0.638,76.1,64.4,1.57,13,1,0.459,74.9,0.056,9,maintain
0.785,59.6,81.0,3.13,2,7,0.62,58.1,-0.053,10,maintain
0.918,76.5,48.1,1.8,0,2,0.877,90.5,0.053,6,upgrade
0.894,72.2,110.3,2.67,3,8,0.917,87.1,-0.425,4,maintain
0.754,67.4,84.9,2.35,7,3,0.866,80.9,0.082,1,maintain
0.937,73.3,85.7,2.34,0,4,0.892,87.2,-0.011,10,upgrade
0.736,72.3,66.6,2.09,8,5,0.56,63.2,0.013,2,maintain
0.544,88,44.4,1.5,3,2,0.737,54.9,-0.002,10,maintain
0.911,78.1,59.4,2.27,0,1,0.896,94.5,0.075,8,upgrade
0.61,61.5,92.6,2.89,5,5,0.628,68.3,0.056,5,maintain
0.849,84.6,65.3,2.24,2,6,0.868,80.6,0.128,8,upgrade
0.859,91.6,69.4,1.98,0,6,0.979,83.1,-0.009,3,upgrade
0.873,85.0,48.5,1.77,1,4,0.98,85.4,0.153,9,upgrade
0.629,76.1,125.1,2.6,10,7,0.65,60.5,-0.136,4,maintain
0.324,44.1,149.4,3.1,8,8,0.262,47.7,-0.007,1,downgrade
0.913,72.0,90.2,2.78,6,6,0.957,82.8,-0.136,4,maintain
0.891,100,36.4,0.83,1,3,0.851,91.2,-0.066,6,upgrade
0.332,44.0,99.4,2.64,7,8,0.604,38.1,-0.113,8,downgrade
0.401,39.1,127.7,3.0,12,7,0.533,42.9,-0.01,8,downgrade
0.891,86.3,93.4,2.2,2,6,0.93,92.3,-0.008,5,upgrade
0.851,85.7,59.1,1.86,3,3,0.864,95.4,-0.09,6,upgrade
0.955,96.1,51.8,1.33,0,6,0.934,93.8,0.07,8,upgrade
0.276,27.6,154.3,3.78,12,4,0.336,14.5,-0.43,2,downgrade
1.0,92.6,92.9,2.03,1,7,0.93,80.2,0.175,7,upgrade
0.246,47.8,104.8,3.06,13,7,0.218,59.0,-0.122,6,downgrade
0.839,86.6,90.1,1.94,1,7,0.922,81.9,0.221,2,maintain
0.305,46.5,140.8,3.43,14,7,0.301,52.4,-0.245,2,downgrade
0.656,72.6,86.4,2.24,9,2,0.74,72.3,-0.142,2,maintain
0.317,35.4,101.1,2.96,10,2,0.362,32.5,-0.17,2,downgrade
0.876,79.1,75.7,1.83,3,6,0.876,77.2,0.156,3,upgrade
0.897,83.8,77.8,2.21,2,3,0.887,94.9,0.159,3,upgrade
0.633,67.4,72.5,2.25,6,7,0.689,70.8,-0.054,2,maintain
0.846,85.9,58.1,1.78,4,4,0.898,93.8,0.133,10,upgrade
0.189,26.8,180,3.79,19,5,0.345,42.9,-0.167,6,downgrade
0.73,76.5,85.0,2.57,3,5,0.84,76.3,-0.025,5,maintain
0.873,88.0,59.1,1.33,4,2,0.937,88.3,0.009,8,upgrade
0.858,93.1,77.2,1.85,0,6,0.92,87.8,-0.069,10,upgrade
0.907,76.5,79.6,2.31,0,4,1.0,94.1,0.016,3,upgrade
0.886,78.0,50.9,2.04,0,2,0.994,75.2,0.104,5,upgrade
0.186,23.2,171.3,3.78,8,8,0.253,8.8,-0.365,3,downgrade
0.224,30.9,119.0,3.15,14,2,0.386,48.1,-0.219,4,downgrade
0.493,25.5,113.7,3.41,13,4,0.605,19.0,-0.117,4,downgrade
0.256,40.5,121.2,2.69,17,3,0.295,55.2,-0.017,7,downgrade
0.957,89.5,47.5,1.91,0,7,0.855,92.0,0.005,5,upgrade
0.593,55.3,133.8,2.87,8,7,0.45,78.4,0.133,1,maintain
0.808,87.0,54.7,1.74,1,3,0.915,67.4,0.037,9,upgrade
0.631,56.5,100.6,2.38,11,1,0.835,51.3,-0.26,7,maintain
0.938,82.2,60.7,2.11,1,7,0.916,95.4,0.188,4,upgrade
0.868,87.2,76.7,2.09,2,3,0.978,80.0,0.128,3,upgrade
0.439,27.0,113.7,3.67,3,1,0.876,91.4,0.268,1,maintain
0.975,81.0,46.4,2.18,0,5,0.927,76.4,0.077,4,upgrade
0.49,34.7,160.6,3.41,10,3,0.453,49.8,-0.176,3,downgrade
0.948,85.2,42.0,1.83,1,4,0.884,81.2,0.246,8,upgrade
0.266,26.8,179.8,3.05,15,6,0.466,13.4,-0.232,8,downgrade
0.95,100,41.1,1.14,3,2,0.899,88.1,0.186,6,upgrade
0.658,65.4,79.1,2.41,3,4,0.461,60.2,0.163,4,maintain
0.639,12.4,129.3,4.16,8,6,0.634,8.6,-0.431,5,downgrade
0.19,24.1,174.0,3.71,16,5,0.292,5.5,0.024,1,downgrade
0.281,31.3,102.6,3.46,15,3,0.253,37.3,0.204,1,downgrade
0.526,67.1,107.9,2.38,10,3,0.687,48.4,0.157,9,maintain
0.155,42.7,117.6,3.34,5,8,0.132,48.7,-0.111,7,downgrade
0.227,66.6,100.5,2.07,14,3,0.154,59.4,-0.049,1,downgrade
0.394,14.8,113.1,3.33,9,2,0.399,27.1,-0.08,3,downgrade
0.825,76.6,90.1,2.48,1,4,0.913,98.4,-0.09,9,upgrade
0.704,80.7,87.7,2.2,7,2,0.67,50.1,-0.25,6,maintain
0.683,68.5,71.4,2.38,3,6,0.541,77.4,0.143,9,maintain
0.793,81.8,46.5,1.46,3,1,0.876,86.6,-0.09,8,upgrade
0.518,75.2,95.0,2.33,8,7,0.734,79.9,0.043,3,maintain
0.541,22.2,113.0,2.98,12,3,0.583,29.4,-0.255,6,downgrade
0.573,13.5,156.4,4.09,9,8,0.811,35.4,-0.267,4,downgrade
0.5,61.8,97.1,2.54,10,2,0.647,73.4,0.009,7,maintain
0.214,30.1,180,3.95,20,6,0.378,34.5,0.07,6,downgrade
0.863,64.9,57.0,2.22,0,3,0.786,72.4,-0.032,1,maintain
0.773,70.6,79.7,2.39,8,1,0.948,87.7,0.29,2,maintain
0.641,57.4,88.8,2.56,7,2,0.717,52.5,-0.158,2,maintain
0.393,43.1,114.7,3.14,16,3,0.316,78,-0.004,1,downgrade
0.79,52.3,76.1,2.79,4,2,0.704,61.9,0.084,3,maintain
0.832,100,62.9,1.76,3,6,0.884,83.1,0.038,6,upgrade
0.942,89.2,53.8,1.37,1,2,0.87,72.9,0.043,7,upgrade
0.941,84.9,60.2,1.57,4,2,0.911,92.9,0.066,6,upgrade
0.201,48.4,105.4,2.29,19,4,0.169,42.8,-0.151,7,downgrade
0.625,64.5,85.4,2.52,4,4,0.84,66.1,0.069,10,maintain
0.822,89.3,112.3,2.38,3,7,0.908,80.6,0.018,5,upgrade
0.889,83.4,76.8,2.62,3,7,0.839,87.9,0.012,4,upgrade
0.877,88,83.5,2.28,4,4,0.618,50.7,0.102,6,maintain
0.366,40.8,168.7,3.18,13,6,0.481,38.7,-0.056,1,downgrade
0.526,12.7,132.1,3.73,8,8,0.682,49.6,-0.039,2,downgrade
0.364,22.9,166.0,4.15,13,7,0.255,33.2,-0.095,4,downgrade
0.96,80.8,43.3,2.18,0,4,0.901,75.2,0.143,7,upgrade
0.964,78.0,61.0,2.27,0,2,0.962,73.0,0.142,6,upgrade
0.656,75.6,88.1,2.18,9,4,0.509,69.6,0.16,8,maintain
0.987,95.9,31.2,1.22,2,1,0.948,88.0,0.007,9,upgrade
0.215,41.2,150.4,3.24,14,4,0.05,35.8,-0.076,8,downgrade
0.939,88.6,91.1,2.09,5,7,0.875,79.7,0.032,4,upgrade
0.777,79.2,108.4,2.39,4,6,0.905,91.9,0.007,1,maintain
0.969,82.1,49.5,1.57,3,2,0.913,95.7,0.087,8,upgrade
0.25,50.8,109.4,2.6,8,6,0.085,71.4,-0.314,5,downgrade
0.695,67.3,75.0,2.03,7,6,0.634,78.7,0.208,10,maintain
0.859,62.1,42.8,2.18,0,1,0.742,68.2,0.35,5,maintain
0.912,91.3,57.5,1.91,2,1,0.958,80.5,-0.028,6,upgrade
1.0,77.1,80.1,2.14,1,7,0.956,81.8,0.051,7,upgrade
0.606,32.2,168.6,3.84,9,6,0.372,49.9,-0.431,2,downgrade
0.4,27.7,150.2,4.0,9,8,0.398,22.4,-0.063,3,downgrade
0.172,8.7,180,3.81,16,8,0.05,11.6,-0.133,1,downgrade
0.475,44.8,97.2,3.41,9,6,0.388,57.7,-0.209,4,downgrade
0.715,59.8,104.3,2.98,5,8,0.732,66.8,0.186,9,maintain
0.208,47.0,96.2,2.8,11,4,0.304,44.2,-0.077,1,downgrade
0.5,42.9,100.4,2.9,7,7,0.574,36.2,-0.034,3,downgrade
0.863,90.4,75.0,2.22,0,5,0.915,95.0,0.125,6,upgrade
0.782,71.2,99.1,2.36,0,8,0.906,90.6,0.236,2,maintain
0.157,47.9,123.3,2.88,11,8,0.095,68.0,-0.099,6,downgrade
0.628,80.1,92.8,1.86,7,4,0.571,79.9,0.057,8,maintain
0.92,59.0,91.0,3.19,0,7,0.687,50.1,-0.099,4,maintain
0.433,33.1,109.6,3.96,4,4,0.476,43.2,0.135,4,downgrade
0.408,10.9,107.6,3.71,13,3,0.314,19.1,-0.183,3,downgrade
0.275,45.8,100.7,2.74,14,2,0.363,39.4,-0.049,4,downgrade
0.851,91.2,46.2,1.66,0,5,0.97,86.0,-0.09,3,upgrade
0.807,78.5,45.7,1.75,1,2,0.946,91.6,0.058,10,upgrade
0.5,52.3,105.9,3.14,5,5,0.765,79.1,-0.064,4,maintain
0.904,96.9,62.5,1.43,2,5,0.849,93.6,0.308,6,upgrade
0.72,64.0,90.7,2.73,1,5,0.576,59.6,0.225,2,maintain
0.797,60.7,93.0,2.21,4,2,0.659,63.4,0.093,7,maintain
0.192,37.9,123.4,3.54,11,7,0.05,48.3,-0.116,1,downgrade
0.838,78.2,88.8,2.79,6,6,0.945,78.0,-0.09,5,upgrade
0.873,67.2,112.4,2.58,5,6,0.55,76.2,-0.011,3,maintain
0.42,50.5,71.4,2.51,8,3,0.542,71.5,-0.056,2,downgrade
0.349,15.7,125.8,3.37,11,3,0.261,12.7,0.152,4,downgrade
0.827,91.9,38.7,1.44,2,2,0.888,95.2,0.022,5,upgrade
0.936,92.0,91.3,2.1,0,8,0.909,89.2,-0.06,3,maintain
0.858,84.6,72.1,2.24,4,7,0.847,94.3,0.101,4,upgrade
0.28,28.0,172.9,3.87,15,6,0.348,51.5,0.036,2,downgrade
0.612,45,145.8,3.1,10,8,0.817,74.7,0.107,1,maintain
0.887,79.9,47.7,2.16,0,4,0.875,78.3,-0.221,8,maintain
1.0,78.1,54.0,2.1,3,3,0.874,97.3,0.219,4,upgrade
0.501,11.4,148.1,4.13,10,2,0.482,5,-0.05,6,downgrade
0.906,78.7,60.2,2.13,3,2,0.911,75.6,0.006,9,upgrade
1.0,82.6,70.0,2.27,0,6,0.904,80.9,0.125,3,upgrade
0.916,92.5,76.4,2.02,3,7,0.815,93.0,0.077,9,upgrade
0.729,69.8,83.8,1.96,3,4,0.892,86.1,-0.063,2,maintain
0.539,82.2,59.7,1.58,5,7,0.558,72.8,-0.087,4,maintain
0.87,86.8,71.7,2.02,3,4,0.821,90.3,0.147,3,upgrade
0.403,15.0,180,4.25,10,5,0.433,8.3,-0.254,1,downgrade
0.809,62.9,79.2,2.83,5,5,0.861,88.9,0.064,1,maintain
0.929,82.9,77.8,2.13,2,5,0.909,84.0,0.12,9,upgrade
0.875,74.6,91.7,2.36,2,5,0.843,85.9,0.072,7,upgrade
0.269,38.0,139.1,2.86,15,4,0.332,26.3,-0.198,6,downgrade
0.655,57.8,85.5,2.37,6,3,0.664,67.3,0.05,3,maintain
0.823,71.7,77.9,2.29,5,5,0.973,89.7,-0.071,3,upgrade
0.399,52.9,100.4,2.9,9,5,0.272,58.0,-0.124,6,downgrade
0.35,29.5,95.0,3.32,7,7,0.481,25.9,-0.148,8,downgrade
0.814,67.2,82.2,2.3,3,4,0.951,87.9,0.027,6,upgrade
0.841,70.9,81.2,2.28,0,2,0.965,91.3,-0.02,10,upgrade
0.373,63.2,132.7,2.76,13,5,0.352,66.6,-0.213,1,downgrade
0.628,70.9,83.8,2.81,7,6,0.84,61.4,0.082,8,maintain
0.541,20.5,180,4.0,14,6,0.619,11.7,-0.188,1,downgrade
0.343,32.3,124.9,3.42,12,3,0.36,31.0,-0.209,1,downgrade
1.0,88.3,57.8,2.0,2,3,0.984,94.1,-0.079,9,upgrade
0.883,81.3,57.5,2.12,1,3,0.868,84.2,0.12,5,upgrade
0.825,83.1,54.0,1.77,3,1,0.86,78.1,0.054,1,maintain
0.883,64.6,90.4,2.86,1,6,0.939,78.5,0.057,2,maintain
0.705,62.0,114.4,2.93,2,8,0.69,76.6,-0.152,6,maintain
0.46,32.2,131.5,2.92,12,8,0.589,6.2,0.125,5,downgrade
0.513,30.4,131.7,3.47,12,5,0.47,36.0,-0.251,7,downgrade
0.882,92.8,58.0,1.53,3,3,0.888,89.0,0.161,8,upgrade
0.916,62.3,57.8,2.31,1,2,0.867,84.6,0.237,1,maintain
0.496,36.8,92.7,2.91,10,4,0.344,51.8,-0.125,5,downgrade
0.312,34.0,132.7,3.6,11,7,0.403,43.2,-0.068,5,downgrade
0.843,78.9,46.3,1.91,1,4,0.919,82.9,0.041,5,upgrade
0.638,64.8,86.8,2.61,7,5,0.665,67.7,0.051,8,maintain
0.447,13.7,146.8,3.86,5,4,0.457,42.4,-0.092,3,downgrade
0.622,76.3,97.2,2.22,6,4,0.84,79.9,0.128,1,maintain
0.639,74.0,95.0,2.72,8,6,0.84,79.1,0.159,3,maintain
0.581,84.6,50.2,1.61,6,1,0.691,47.9,-0.121,10,maintain
0.837,73.9,97.6,2.56,1,5,0.677,63.4,0.062,4,maintain
0.774,62.1,93.9,2.5,6,3,0.731,79.5,-0.172,6,maintain
0.587,55.2,126.5,2.71,6,5,0.766,65.3,-0.128,4,maintain
0.274,32.3,149.7,3.59,9,4,0.526,23.8,-0.299,5,downgrade
0.969,76.1,84.2,2.27,0,4,0.85,91.2,0.15,6,upgrade
0.811,82.6,81.5,2.33,4,5,0.904,86.1,0.18,5,upgrade
0.183,36.5,141.1,3.52,20,5,0.189,57.6,-0.142,1,downgrade
0.552,75.1,67.2,2.23,9,1,0.482,78.9,-0.003,6,maintain
0.301,14.6,170.6,4.15,9,7,0.346,5.8,0.074,7,downgrade
0.983,80.7,88.0,2.75,1,7,0.87,86.2,0.108,4,upgrade
0.825,73.9,142.0,3.21,5,8,0.965,92.6,0.286,1,maintain
0.665,52.5,96.4,3.17,7,4,0.714,79.9,0.24,5,maintain
0.638,66.3,90.2,2.69,3,6,0.766,62.7,0.144,10,maintain
0.225,37.9,108.2,3.26,14,4,0.05,24.7,0.06,1,downgrade
0.265,30.1,146.2,3.68,15,2,0.408,21.6,-0.12,8,downgrade
0.437,45.6,114.2,3.31,14,6,0.47,51.1,-0.268,6,downgrade
0.472,32.9,71.1,3.0,5,4,0.481,12.7,-0.205,2,downgrade
0.291,30.5,118.6,3.38,3,3,0.544,34.6,-0.212,5,downgrade
0.262,20.1,180,4.06,11,7,0.513,28.7,-0.031,6,downgrade
0.974,85.1,91.4,2.24,2,4,0.922,72.4,0.22,9,upgrade
0.507,15.0,144.1,4.24,3,8,0.813,36.5,-0.196,5,downgrade
0.882,79.7,85.8,1.95,6,1,0.925,84.9,0.124,4,upgrade
0.258,60.4,112.8,2.86,14,7,0.488,60.0,-0.338,3,downgrade
0.624,74.2,88.7,2.38,7,2,0.475,66.0,-0.08,1,maintain
0.793,87.7,73.7,1.83,5,4,0.949,89.3,0.052,8,upgrade
0.91,74.8,45.5,1.97,1,2,0.696,77.7,-0.005,9,maintain
0.824,80.5,68.1,1.78,1,2,0.823,95.0,0.075,6,upgrade
0.872,79.3,83.2,1.94,2,6,0.943,88.9,-0.018,4,upgrade
0.796,74.4,85.2,2.25,4,3,0.853,84.4,-0.273,9,maintain
0.699,65.9,137.2,3.03,8,7,0.476,79.9,0.219,5,maintain
0.641,68.3,77.0,2.66,4,6,0.458,66.1,-0.137,6,maintain
0.353,34.1,132.6,3.77,9,5,0.337,41.7,-0.255,3,downgrade
0.619,69.1,90.3,2.15,11,2,0.67,67.5,0.079,7,maintain
0.896,70.1,75.3,2.96,2,8,0.956,79.9,-0.038,1,maintain
0.771,68.6,95.4,2.85,3,6,0.932,78.3,0.224,1,maintain
0.992,88.1,92.0,2.52,1,8,0.895,90.2,0.068,7,maintain
0.159,38.2,150.3,3.8,17,8,0.16,21.3,-0.189,5,downgrade
0.902,90.1,66.9,1.8,3,4,0.816,87.2,0.058,8,upgrade
0.659,49.7,125.1,3.04,8,3,0.6,65.0,0.071,6,maintain
0.666,59.5,73.2,2.71,7,5,0.629,61.0,-0.17,10,maintain
0.718,59.4,48.7,2.08,1,2,0.677,45.2,-0.023,1,maintain
0.33,29.4,123.4,2.96,15,2,0.252,38.0,0.078,4,downgrade
0.975,89.3,54.6,2.17,1,7,0.967,86.6,0.052,4,upgrade
0.486,54.3,154.2,2.98,8,8,0.584,64.9,-0.152,2,downgrade
0.495,22.2,170.0,3.95,8,7,0.303,17.3,-0.297,8,downgrade
0.529,62.1,97.7,2.76,8,6,0.657,60.1,-0.096,1,maintain
0.796,80.5,55.4,1.92,3,2,0.869,84.5,0.008,2,maintain
0.708,56.8,66.9,2.57,1,3,0.62,68.6,0.008,4,maintain
0.734,64.6,115.8,2.69,5,8,0.656,61.6,0.026,6,maintain
0.323,32.3,174.2,3.95,8,3,0.126,35.0,-0.226,1,downgrade
0.788,71.8,74.9,2.19,6,7,0.484,73.0,-0.136,2,maintain
0.833,69.2,61.4,2.25,4,3,0.959,98.3,0.121,8,upgrade
0.747,45,120.9,2.96,6,3,0.723,72.4,-0.165,5,maintain
0.855,88.3,68.6,2.06,0,2,0.968,67.4,-0.013,5,upgrade
0.376,22.9,115.1,3.7,8,6,0.093,5.1,0.087,6,downgrade
0.207,39.6,147.8,3.39,10,8,0.354,73.7,-0.066,4,downgrade
0.482,41.9,103.9,2.9,7,3,0.458,66.5,0.087,4,downgrade
0.156,45.7,156.0,3.55,17,6,0.05,50.3,0.159,8,downgrade
0.64,39.1,135.1,3.14,7,3,0.748,26.4,-0.113,6,downgrade
0.479,23.9,174.0,3.36,12,3,0.535,38.4,-0.098,8,downgrade
0.518,63.7,119.4,2.65,11,3,0.674,79.9,0.131,4,maintain
0.818,82.7,64.0,1.54,6,1,0.851,90.0,0.15,6,upgrade
0.544,67.3,102.1,2.56,3,3,0.748,54.1,0.063,7,maintain
0.637,36.3,106.2,3.48,1,8,0.776,37.9,-0.089,8,downgrade
0.667,60.4,110.2,3.45,2,8,0.675,56.1,0.03,7,maintain
0.759,71.5,60.1,1.74,8,2,0.926,89.0,-0.183,6,maintain
0.554,60.3,119.9,2.64,10,5,0.587,56.3,-0.207,5,maintain
0.806,88.5,70.7,1.86,2,7,0.979,85.5,0.151,10,upgrade
0.376,62.7,70.8,2.62,8,6,0.289,45.5,-0.271,8,downgrade
1.0,75.9,58.3,2.13,0,1,0.875,95.6,0.136,4,upgrade
0.263,54.5,139.6,3.09,12,4,0.478,57.4,-0.146,2,downgrade
0.82,78.4,65.8,2.07,0,5,0.607,66.2,-0.121,1,maintain
0.17,23.9,120.6,3.73,9,7,0.273,31.2,-0.093,1,downgrade
0.139,26.6,116.6,4.13,14,4,0.196,21.5,-0.152,8,downgrade
0.548,35.9,114.4,3.33,4,4,0.557,42.6,-0.066,5,downgrade
0.301,26.9,142.8,3.56,10,3,0.136,31.9,-0.147,5,downgrade
0.602,70.3,64.2,2.53,9,3,0.59,66.4,-0.111,1,maintain
0.856,69.1,106.4,2.79,5,4,0.918,78.8,0.101,2,maintain
0.728,78.7,108.8,2.4,10,4,0.927,89.2,-0.034,1,maintain
0.702,55.3,78.4,2.61,6,3,0.834,65.0,-0.112,10,maintain
0.421,34.4,123.2,3.31,6,1,0.533,54.3,0.242,9,maintain
0.693,67.7,72.5,2.78,0,7,0.84,65.7,0.083,8,maintain
0.391,24.6,89.6,3.17,9,2,0.287,5,0.093,1,downgrade
0.884,94.0,69.4,1.8,2,3,0.841,87.9,0.165,7,upgrade
0.195,45.7,143.5,2.84,18,4,0.129,46.0,-0.184,5,downgrade
0.86,90.4,47.5,1.83,1,2,0.905,83.2,0.011,4,upgrade
0.579,25.3,159.5,3.69,7,7,0.677,41.2,-0.064,3,downgrade
0.45,36.4,144.2,3.78,11,7,0.664,25.8,-0.037,1,downgrade
0.903,86.3,81.4,1.79,3,7,0.978,78.1,0.127,3,upgrade
0.62,65.4,90.8,2.31,5,6,0.45,78.5,-0.15,8,maintain
0.927,65.3,66.5,2.77,0,4,0.916,80.0,0.151,8,upgrade
0.711,57.9,118.7,2.75,8,1,0.794,71.4,0.004,5,maintain
0.648,67.2,75.0,2.49,1,7,0.788,58.0,0.091,6,maintain
0.577,35.3,90.3,3.01,10,3,0.583,36.2,-0.024,1,downgrade
0.951,85.1,41.8,1.53,0,4,0.869,95.7,0.147,3,upgrade
0.905,89.5,49.5,1.55,2,3,0.964,80.8,0.002,10,upgrade
0.909,90.2,72.9,1.72,2,3,0.967,83.5,-0.09,8,upgrade
0.916,80.7,72.0,2.35,4,1,0.902,98.0,0.077,9,upgrade
0.561,51.0,89.3,2.75,7,3,0.719,64.4,-0.107,6,maintain
0.876,84.3,82.7,2.26,0,6,0.907,78.0,0.066,7,upgrade
0.818,76.2,79.4,2.11,5,2,0.954,78.6,-0.023,1,maintain
0.295,48.4,138.5,3.51,10,8,0.153,57.6,-0.229,5,downgrade
0.27,37.7,153.8,3.56,17,7,0.256,32.6,-0.092,4,downgrade
0.723,78.5,101.2,2.27,8,3,0.73,62.9,0.011,5,maintain
0.937,91.8,71.9,2.0,3,6,0.898,82.1,0.155,10,upgrade
0.908,64.1,85.3,2.83,0,4,0.963,92.4,0.124,2,maintain
0.307,26.3,123.8,3.79,15,8,0.351,29.8,-0.167,2,downgrade
0.373,33.4,118.7,3.36,10,2,0.523,39.4,-0.121,2,downgrade
0.21,38.7,180,3.35,18,5,0.252,47.0,-0.324,2,downgrade
0.349,22.1,159.6,3.84,15,3,0.35,12.2,-0.014,3,downgrade
0.42,24.6,159.6,3.27,13,4,0.509,25.3,0.076,7,downgrade
0.65,69.3,118.1,2.54,10,1,0.724,65.9,0.045,4,maintain
0.709,73.1,122.7,2.72,9,6,0.84,79.9,0.164,5,maintain
0.895,78.0,73.9,2.03,3,4,0.852,91.1,-0.341,3,maintain
0.319,33.9,175.1,3.58,16,6,0.436,32.7,-0.047,1,downgrade
0.877,85.4,41.4,1.61,0,4,0.964,82.9,0.028,2,maintain
0.918,73.8,59.6,2.33,3,4,0.926,81.9,-0.09,5,upgrade
0.423,41.4,113.3,3.22,13,5,0.442,48.9,0.126,6,downgrade
0.981,92.0,39.2,1.26,0,1,0.937,76.1,0.119,9,upgrade
0.202,38.1,128.3,2.95,20,2,0.426,29.2,-0.009,8,downgrade
0.199,35.0,180,3.69,16,8,0.213,65.2,-0.012,3,downgrade
0.883,86.0,112.9,2.44,2,7,0.912,87.4,0.025,7,upgrade
0.848,81.2,53.9,2.0,4,3,0.92,99.2,0.092,5,upgrade
0.377,21.7,123.9,3.66,7,6,0.415,21.2,-0.112,5,downgrade
0.292,20.4,142.8,3.74,11,3,0.316,36.3,0.052,3,downgrade
0.92,55.5,75.4,2.98,3,7,0.738,75.4,0.185,7,maintain
0.167,31.1,164.9,3.73,17,6,0.356,42.4,0.149,7,downgrade
0.847,75.1,76.7,2.08,4,2,0.97,86.6,0.001,7,upgrade
0.755,71.4,62.7,2.09,2,4,0.791,77.6,0.177,8,maintain
0.671,66.1,90.8,2.86,7,8,0.634,56.5,0.037,2,maintain
0.894,72.7,94.0,2.41,4,4,0.965,81.6,0.156,8,upgrade
0.133,27.9,128.0,3.56,13,3,0.05,27.8,-0.138,7,downgrade
0.247,44.9,148.6,3.08,12,7,0.314,54.0,-0.087,4,downgrade
0.909,84.1,56.2,2.44,0,5,0.941,88.6,0.125,10,upgrade
0.961,69.1,40.9,1.99,0,3,0.968,93.1,0.048,3,upgrade
0.801,76.8,71.1,2.0,3,5,0.84,59.7,-0.016,10,maintain
0.479,39.6,129.5,3.31,15,8,0.396,41.5,-0.059,3,downgrade
0.7,84.8,104.3,2.32,8,5,0.685,72.4,0.116,9,maintain
0.965,92.6,68.1,1.82,0,7,0.884,95.3,0.134,10,upgrade
0.431,39.5,104.6,3.02,6,7,0.591,47.9,0.218,7,downgrade
0.392,42.9,109.5,3.26,9,5,0.302,33.5,-0.214,4,downgrade
0.1,30.4,142.9,3.57,8,6,0.072,39.9,-0.16,4,downgrade
0.268,46.8,97.1,2.16,6,4,0.406,35.6,0.137,6,downgrade
0.678,62.1,119.6,2.9,4,6,0.727,79.9,0.107,5,maintain
0.225,65.5,129.1,2.93,18,6,0.351,78,-0.034,1,downgrade
0.29,10.2,133.6,4.08,14,7,0.247,17.3,-0.097,6,downgrade
0.853,85.8,70.4,2.12,2,7,0.927,94.0,0.081,7,upgrade
0.855,75.5,64.1,2.01,2,4,0.522,60.3,0.115,6,maintain
0.568,63.1,86.5,2.45,8,4,0.84,79.9,0.13,3,maintain
0.937,82.9,58.4,1.88,1,5,0.851,77.3,0.017,9,upgrade
0.444,42.8,179.7,2.84,16,6,0.322,48.7,-0.132,2,downgrade
0.737,74.8,96.7,2.21,5,7,0.929,79.0,0.268,1,maintain
0.847,89.3,53.7,1.95,0,2,0.825,86.1,0.167,3,upgrade
0.865,65.2,62.7,1.91,1,2,0.584,65.8,0.09,5,maintain
0.924,81.7,63.2,1.96,1,3,0.818,92.4,0.114,6,upgrade
0.911,91.7,80.7,2.03,2,3,0.943,90.8,-0.08,5,upgrade
0.763,64.9,66.2,2.55,4,1,0.965,79.6,0.161,2,maintain
0.893,75.9,43.6,1.67,2,1,0.877,93.3,0.043,3,upgrade
0.83,87.9,69.5,1.6,3,2,0.885,80.4,0.314,5,upgrade
0.872,55.5,93.8,2.51,4,1,0.638,78.9,-0.069,5,maintain
0.921,88.5,45.3,1.73,0,2,0.874,85.8,0.096,9,upgrade
0.622,61.5,127.9,3.2,4,8,0.831,51.8,0.056,7,maintain
0.93,76.1,111.7,2.63,2,7,0.974,90.9,0.06,5,upgrade
0.636,69.4,128.2,2.76,10,7,0.646,59.0,0.023,1,maintain
0.825,80.1,63.3,1.96,6,3,0.957,75.6,0.375,6,upgrade
0.936,90.7,42.8,1.47,2,5,0.974,87.3,0.13,10,upgrade
0.873,76.2,78.8,2.11,3,4,0.856,85.1,0.075,10,upgrade
0.644,61.6,71.8,2.31,5,1,0.68,45,0.097,9,maintain
0.986,91.0,91.5,2.4,0,5,0.789,95.2,0.153,8,upgrade
0.813,60.7,93.1,2.54,2,4,0.84,75.6,-0.02,7,maintain
0.889,90.1,67.8,2.02,3,6,0.957,92.7,0.068,5,upgrade
0.645,48.4,118.4,3.16,5,4,0.66,79.9,-0.208,8,maintain
0.975,94.5,38.7,1.38,0,2,0.884,87.7,0.174,6,upgrade
0.879,89.2,56.6,1.78,3,2,0.931,84.3,0.193,8,upgrade
0.887,65.0,75.1,2.19,4,1,0.853,81.9,0.016,2,maintain
0.873,64.0,86.9,3.13,2,8,0.935,92.1,0.14,2,maintain
0.353,40.7,141.5,3.24,15,7,0.585,44.7,-0.281,5,downgrade
0.896,84.7,52.4,1.95,2,6,0.856,92.9,0.015,4,upgrade
0.433,54.8,175.0,3.14,17,7,0.503,63.7,-0.359,4,downgrade
0.947,88.7,41.1,1.64,0,2,0.893,84.6,0.265,9,upgrade
0.318,27.4,141.2,3.99,7,7,0.341,39.7,-0.333,5,downgrade
0.752,65.3,88.7,2.33,3,1,0.84,69.1,0.007,3,maintain
0.853,84.1,80.4,2.16,1,3,0.859,81.6,0.344,10,upgrade
0.842,81.7,75.6,1.95,4,7,0.96,92.8,-0.007,10,upgrade
0.174,52.2,106.5,2.69,13,4,0.335,70.7,-0.028,7,downgrade
0.912,90.7,54.2,1.62,1,3,0.843,93.5,0.077,4,upgrade
0.381,18.3,99.2,3.85,5,5,0.436,33.2,-0.238,1,downgrade
0.973,71.2,73.0,1.99,1,3,0.966,91.3,-0.063,8,upgrade
0.568,73.0,90.4,2.28,8,2,0.499,69.6,-0.212,4,maintain
0.283,44.0,94.7,3.57,3,8,0.423,32.6,-0.144,4,downgrade
0.883,96.3,57.9,1.25,4,3,0.926,75.7,-0.032,3,upgrade
0.673,45,121.5,2.86,7,2,0.643,56.5,-0.125,4,maintain
0.351,27.0,170.8,3.79,12,6,0.289,19.3,0.063,1,downgrade
0.819,80.4,79.0,2.24,3,4,0.965,79.0,0.232,6,upgrade
0.78,52.7,72.6,2.33,2,3,0.697,61.3,0.095,9,maintain
0.92,64.4,63.8,1.79,0,1,0.564,79.9,-0.165,9,maintain
0.401,24.1,170.4,4.22,15,7,0.596,28.8,0.007,1,downgrade
0.893,73.6,92.4,2.63,2,5,0.947,81.4,-0.027,4,upgrade
0.821,79.6,58.1,2.16,2,5,0.871,82.3,0.091,8,upgrade
0.914,79.0,69.2,2.16,4,6,0.903,92.2,0.025,6,upgrade
0.659,58.5,114.2,3.19,8,7,0.792,79.9,0.219,1,maintain
0.785,75.6,88.0,2.33,3,2,0.929,92.1,0.167,3,upgrade
0.537,35.2,117.0,3.32,6,4,0.427,38.1,-0.333,5,downgrade
0.887,81.1,90.6,2.78,1,6,0.885,83.8,-0.031,6,upgrade
0.23,18.9,166.6,3.82,11,8,0.189,20.2,-0.075,1,downgrade
0.889,78.2,40.2,1.44,1,2,0.91,77.1,0.047,6,upgrade
0.835,96.4,68.4,2.09,6,7,0.928,82.4,0.071,4,upgrade
0.384,13.5,165.1,4.18,6,7,0.348,31.1,-0.154,8,downgrade
0.727,71.8,77.9,2.64,7,3,0.908,81.1,-0.359,8,maintain
0.534,25.9,137.7,3.42,10,3,0.734,22.4,-0.064,1,downgrade
0.232,42.0,103.1,3.25,13,2,0.228,40.6,-0.069,2,downgrade
0.819,66.2,110.6,2.8,3,8,0.917,82.3,-0.392,3,maintain
0.92,80.3,63.3,2.27,4,5,0.924,92.5,0.128,10,upgrade
0.777,77.4,76.3,2.27,4,5,0.877,79.5,0.027,5,upgrade
0.833,45,109.5,2.93,1,3,0.777,72.8,-0.081,5,maintain
0.43,26.1,126.9,3.99,6,7,0.442,34.3,-0.429,8,downgrade
0.325,55.6,102.1,2.71,12,2,0.224,51.3,-0.089,7,downgrade
0.488,26.1,116.7,3.52,8,4,0.493,40.0,-0.149,4,downgrade
1.0,86.3,71.1,1.8,1,7,0.875,92.5,0.211,10,upgrade
0.954,81.3,73.2,2.1,2,1,0.924,75.3,0.019,3,upgrade
0.198,21.0,162.7,3.86,18,5,0.299,38.5,0.007,2,downgrade
0.715,66.6,80.5,2.8,4,8,0.465,67.2,-0.007,6,maintain
0.359,50.4,88.3,2.83,7,7,0.355,43.2,-0.368,8,downgrade
0.327,33.6,160.5,3.31,10,4,0.328,55.7,-0.246,4,downgrade
0.979,80.6,43.3,1.66,2,1,0.875,78.9,-0.068,8,upgrade
0.832,72.8,79.9,2.02,7,2,0.836,85.0,0.062,5,upgrade
0.909,87.7,77.2,2.04,2,7,0.908,81.8,-0.026,5,upgrade
0.562,37.0,127.3,3.43,7,2,0.463,46.5,0.044,2,downgrade
0.963,88.6,66.9,2.08,1,3,0.92,86.7,0.059,7,upgrade
1.0,74.2,79.4,2.61,2,4,0.944,96.7,0.321,5,upgrade
0.8,59.9,89.2,2.26,2,4,0.584,69.9,-0.077,3,maintain
0.346,25.6,143.2,3.46,14,6,0.565,23.3,-0.117,1,downgrade
0.599,58.2,119.2,3.25,4,8,0.716,65.7,0.061,4,maintain
0.893,89.3,72.4,1.84,0,5,0.889,86.6,0.31,7,upgrade
0.878,80.1,72.9,2.01,0,7,0.885,69.2,0.167,8,upgrade
0.923,82.0,54.7,2.15,0,4,0.837,97.2,0.301,10,upgrade
0.501,66.7,78.0,1.84,7,1,0.713,74.9,-0.089,9,maintain
0.573,13.4,114.7,4.26,6,6,0.421,35.8,-0.19,7,downgrade
0.839,89.3,78.8,2.02,3,3,0.963,81.0,-0.053,7,upgrade
1.0,85.4,89.8,2.25,1,7,0.849,95.9,0.005,6,upgrade
0.868,85.1,45.6,1.67,3,3,0.824,88.2,-0.048,6,upgrade
0.884,98.2,63.1,1.69,0,5,0.868,95.6,-0.011,10,upgrade
0.393,36.9,94.5,3.4,10,3,0.394,41.8,0.128,6,downgrade
0.664,45,112.4,2.87,7,5,0.692,69.6,0.126,4,maintain
0.647,55.9,94.0,2.44,5,1,0.832,77.2,0.076,8,maintain
0.303,50.6,146.9,2.98,9,4,0.393,50.5,0.041,7,downgrade
0.749,86.1,56.3,1.65,3,5,0.903,80.0,-0.01,1,maintain
0.876,68.0,125.4,2.77,3,7,0.931,85.1,-0.32,9,maintain
0.855,77.5,63.4,2.0,3,4,0.834,94.9,0.122,9,upgrade
0.374,22.3,109.0,3.41,5,6,0.439,32.5,0.058,1,downgrade
0.989,82.2,70.0,2.51,0,5,0.855,84.5,0.063,3,upgrade
0.744,67.6,119.1,2.65,10,3,0.949,86.2,0.15,2,maintain
0.466,19.0,112.4,3.33,9,6,0.536,27.7,-0.092,5,downgrade
0.298,24.9,119.9,3.57,12,5,0.253,7.2,-0.114,1,downgrade
0.935,79.1,83.7,2.17,2,2,0.927,78.3,0.135,8,upgrade
0.454,27.2,109.1,3.63,7,8,0.337,23.1,0.138,7,downgrade
0.363,26.4,124.0,4.2,12,8,0.22,38.0,-0.395,4,downgrade
0.847,88.5,51.9,1.62,0,3,0.94,87.9,0.157,9,upgrade
0.265,70,144.8,2.66,15,4,0.165,78,0.17,6,downgrade
0.883,65.2,106.1,2.66,3,6,0.866,92.6,0.188,2,maintain
0.704,78.8,95.4,1.83,8,5,0.707,67.5,-0.114,7,maintain
0.932,95.1,77.6,1.9,0,5,0.889,77.9,0.226,5,upgrade
0.513,25.0,131.1,3.32,7,3,0.471,8.5,-0.225,7,downgrade
0.813,76.9,81.0,2.18,4,4,0.704,60.4,0.078,3,maintain
0.288,17.4,149.3,3.98,8,7,0.289,12.3,-0.059,7,downgrade
0.913,84.5,60.4,1.95,3,3,0.824,95.7,0.204,5,upgrade
0.995,67.8,121.4,2.87,5,7,0.886,78.7,-0.09,4,upgrade
0.961,92.5,50.0,2.13,0,5,0.896,90.8,0.059,7,upgrade
0.87,77.3,75.0,2.4,3,7,0.903,65,-0.014,8,upgrade
0.853,62.1,69.6,2.58,2,4,0.829,62.8,0.35,3,maintain
0.894,95.7,73.5,2.41,1,7,0.871,81.1,0.237,3,upgrade
0.192,5.8,161.4,4.15,19,8,0.23,24.3,-0.159,5,downgrade
0.762,69.1,45.7,1.64,5,2,0.906,89.1,0.079,3,upgrade
0.763,62.2,96.0,2.84,4,5,0.747,64.7,-0.007,1,maintain
0.886,90.8,85.1,1.7,6,6,0.908,85.6,0.066,6,upgrade
0.699,75.6,80.7,2.29,8,5,0.514,72.5,-0.076,7,maintain
0.722,66.4,94.9,2.94,3,7,0.716,47.1,0.027,2,maintain
0.307,49.6,152.7,3.22,10,2,0.415,35.3,-0.361,8,downgrade
0.381,39.1,124.0,3.2,15,7,0.373,21.0,-0.239,7,downgrade
0.856,77.3,48.6,2.01,3,3,0.861,78.3,0.129,10,upgrade
0.9,78.7,42.6,1.88,1,2,0.964,79.0,0.129,8,upgrade
0.72,53.9,79.4,2.61,5,4,0.692,66.5,0.178,1,maintain
0.222,31.5,142.9,3.86,11,5,0.229,29.4,0.023,5,downgrade
0.432,29.8,136.4,3.6,13,7,0.311,15.1,-0.096,8,downgrade
0.295,41.6,115.2,3.1,11,2,0.301,55.2,-0.359,3,downgrade
0.446,23.0,166.0,3.7,13,4,0.473,19.8,-0.032,7,downgrade
0.221,40.5,145.2,3.3,13,5,0.271,59.5,-0.21,6,downgrade
0.722,54.3,86.6,2.91,5,6,0.806,72.9,-0.023,7,maintain
0.728,68.8,103.2,3.12,8,7,0.817,72.2,0.079,9,maintain
0.795,86.8,80.5,2.26,7,7,0.898,92.4,-0.002,9,upgrade
0.834,76.3,50.9,2.02,2,2,0.959,94.7,0.141,7,upgrade
0.355,17.1,129.8,3.44,13,3,0.61,5,-0.354,5,downgrade
0.907,100,46.0,1.52,3,2,0.811,96.8,0.054,8,upgrade
0.378,42.0,127.6,3.37,14,7,0.313,57.6,-0.314,6,downgrade
0.84,58.9,89.4,3.16,3,7,0.84,69.3,0.071,4,maintain
0.884,100,52.5,1.42,4,1,0.892,81.7,0.211,9,upgrade
0.519,61.1,94.3,2.55,5,4,0.759,66.1,0.338,6,maintain
0.693,80.9,42.9,1.72,0,1,0.571,79.9,0.03,9,maintain
0.799,64.7,105.3,2.96,7,6,0.885,88.8,0.255,2,maintain
0.962,78.5,55.0,2.01,3,3,0.891,95.0,0.115,5,upgrade
0.924,96.7,28.4,1.12,1,2,0.979,89.1,-0.09,8,upgrade
0.324,34.1,146.2,3.5,11,7,0.403,30.5,-0.176,2,downgrade
0.176,23.6,99.1,3.48,17,3,0.249,36.4,-0.346,8,downgrade
0.194,25.7,130.6,3.35,9,8,0.161,25.0,-0.34,1,downgrade
0.525,27.6,128.2,3.17,7,2,0.597,24.6,-0.214,2,downgrade
0.5,67.2,85.5,2.22,8,5,0.679,69.2,-0.0,2,maintain
0.828,83.8,62.1,1.92,4,4,0.872,93.9,0.043,4,upgrade
0.898,83.5,101.9,2.59,1,5,0.952,93.8,0.199,6,upgrade
0.929,85.8,84.4,2.23,0,3,0.897,97.1,0.27,9,upgrade
0.897,78.0,58.1,2.5,1,2,0.835,84.6,0.099,10,upgrade
0.282,36.7,144.9,3.35,9,7,0.229,52.1,-0.032,7,downgrade
0.973,85.8,51.9,1.57,0,3,0.832,84.9,0.077,9,upgrade
0.917,86.3,39.5,2.08,0,2,0.921,86.6,0.135,3,upgrade
0.659,45,96.0,2.35,8,1,0.84,69.7,0.005,10,maintain
0.828,88.3,76.8,2.2,1,4,0.971,90.8,0.15,8,upgrade
0.63,59.4,106.3,2.4,4,3,0.696,71.4,-0.169,2,maintain
0.854,70.8,70.6,2.7,0,8,0.508,71.8,-0.117,2,maintain
0.785,84.4,54.9,2.22,2,5,0.942,86.8,0.005,2,maintain
0.858,94.2,57.7,1.98,2,7,0.877,78.2,0.119,5,upgrade
0.368,31.2,129.9,3.87,9,7,0.4,30.6,-0.232,2,downgrade
0.876,89.0,71.2,1.93,4,3,0.941,78.5,-0.035,10,upgrade
0.897,82.5,53.9,2.01,3,5,0.885,88.5,-0.117,7,maintain
0.893,84.3,87.7,2.18,3,4,0.931,81.2,0.037,6,upgrade
0.286,23.0,142.6,3.69,10,2,0.446,31.4,0.126,1,downgrade
0.161,21.0,163.1,4.22,11,8,0.089,35.8,-0.249,6,downgrade
0.404,21.1,158.2,3.41,10,3,0.268,12.9,0.111,5,downgrade
0.965,75.9,90.6,2.42,0,4,0.906,90.1,0.101,5,upgrade
0.397,32.9,154.8,4.05,8,8,0.347,41.0,-0.281,6,downgrade
0.909,88.5,72.9,2.36,2,3,0.934,86.1,-0.077,8,upgrade
0.667,52.8,67.0,2.74,4,3,0.84,77.1,-0.136,2,maintain
0.9,85.1,41.8,2.09,0,4,0.929,85.9,0.217,6,upgrade
0.41,35.9,132.5,3.37,12,7,0.533,31.6,0.01,5,downgrade
0.889,71.8,103.6,2.52,5,8,0.896,89.4,-0.008,2,maintain
0.626,18.1,88.5,3.68,5,2,0.782,18.4,-0.116,3,downgrade
0.863,64.9,83.6,2.81,5,8,0.797,45,-0.131,10,maintain
0.34,56.7,87.7,2.67,8,2,0.378,65.5,-0.067,2,downgrade
0.98,76.4,108.1,2.8,3,6,0.935,89.6,-0.09,3,upgrade
0.178,28.6,133.4,3.26,15,2,0.118,36.3,0.037,4,downgrade
0.965,100,48.5,1.66,1,1,0.963,72.1,0.035,8,upgrade
0.895,86.5,48.3,1.76,0,2,0.759,87.2,-0.03,3,upgrade
0.15,30.3,172.7,4.07,16,8,0.162,38.7,-0.256,5,downgrade
0.409,54.1,83.2,2.71,12,4,0.234,73.8,0.017,1,downgrade
0.283,49.0,118.3,3.05,16,4,0.254,66.7,-0.2,8,downgrade
0.558,71.6,118.4,2.4,10,5,0.84,64.1,0.159,2,maintain
0.223,50.2,99.1,2.49,20,2,0.365,47.7,-0.038,4,downgrade
0.658,51.4,96.0,2.36,9,2,0.639,78.9,0.015,5,maintain
0.279,60.1,107.4,2.31,15,2,0.353,78,-0.173,2,downgrade
0.198,59.4,132.1,3.16,17,3,0.109,55.0,-0.095,6,downgrade
0.376,28.7,111.5,3.37,4,7,0.427,47.3,-0.085,1,downgrade
0.92,45,115.5,3.08,0,5,0.525,54.8,0.243,9,maintain
0.873,83.6,48.0,2.19,0,5,0.909,88.8,0.128,9,upgrade
0.5,73.1,100.8,2.48,8,5,0.689,54.1,-0.014,6,maintain
0.92,84.1,70.7,1.98,3,2,0.849,85.2,0.003,4,upgrade
0.5,71.1,64.4,2.19,4,1,0.822,70.0,-0.025,7,maintain
0.727,74.0,83.8,2.18,3,4,0.695,59.2,0.247,3,maintain
0.658,59.7,76.3,2.66,4,2,0.799,79.9,-0.186,10,maintain
0.583,67.7,75.6,2.34,9,5,0.84,58.0,0.092,3,maintain
0.699,77.5,78.2,1.92,8,2,0.67,79.4,0.086,7,maintain
0.876,83.0,89.1,2.17,2,7,0.89,81.2,0.226,2,maintain
0.888,72.6,85.8,2.2,1,5,0.886,91.9,-0.351,4,maintain
0.382,41.6,93.9,2.64,13,2,0.483,51.5,-0.127,2,downgrade
0.539,37.0,129.0,3.75,10,5,0.675,17.8,-0.095,6,downgrade
0.336,55.8,123.3,3.15,11,8,0.362,65.0,-0.266,1,downgrade
0.096,27.3,150.7,3.53,6,6,0.086,36.4,-0.314,8,downgrade
0.728,80.2,55.6,2.26,2,4,0.96,90.3,-0.215,6,maintain
0.89,86.4,101.6,2.3,4,5,0.949,85.5,0.252,2,maintain
0.787,82.0,44.7,1.92,0,4,0.896,92.4,0.183,8,upgrade
0.788,66.0,74.1,2.16,3,2,0.889,78.2,-0.134,10,maintain
0.914,87.4,89.2,1.98,2,5,0.838,82.1,0.211,9,upgrade
0.973,68.7,85.0,2.38,0,5,0.951,94.4,0.056,8,upgrade
0.846,90.6,54.2,1.77,3,3,0.975,84.9,0.101,6,upgrade
0.221,19.6,177.9,3.94,20,5,0.232,28.4,0.161,3,downgrade
0.369,34.4,164.5,3.54,9,8,0.319,48.0,-0.087,4,downgrade
0.844,71.0,78.5,2.68,5,6,0.856,93.9,0.123,3,upgrade
0.4,66.1,134.6,2.29,14,2,0.707,78,0.068,1,downgrade
0.674,59.4,71.7,2.32,4,2,0.84,72.0,0.041,10,maintain
0.856,83.7,68.1,2.09,5,2,0.909,83.3,0.138,8,upgrade
0.698,53.8,94.0,2.92,4,8,0.583,59.7,-0.003,9,maintain
0.22,22.8,180,4.09,17,7,0.094,54.6,0.105,3,downgrade
0.853,75.8,77.7,1.99,3,1,0.884,86.5,-0.005,3,upgrade
0.192,57.3,124.2,2.81,10,6,0.427,73.0,-0.108,2,downgrade
0.905,81.0,42.8,1.79,2,1,0.893,89.6,0.105,4,upgrade
0.89,90.2,82.9,2.52,1,5,0.873,87.9,0.006,7,upgrade
0.375,27.7,99.9,3.38,8,3,0.203,18.7,-0.077,2,downgrade
0.203,45.7,112.5,3.48,14,2,0.439,64.7,-0.099,3,downgrade
0.188,16.9,150.4,3.98,11,6,0.508,35.8,-0.108,6,downgrade
0.914,50.6,119.8,3.52,3,8,0.669,75.0,-0.057,5,maintain
0.909,82.5,74.4,2.17,1,7,0.951,89.5,0.022,9,upgrade
0.849,62.8,67.5,2.21,4,4,0.623,77.0,-0.105,8,maintain
0.244,9.6,146.8,3.83,11,2,0.443,10.9,-0.245,1,downgrade
0.516,14.8,150.6,4.31,6,5,0.693,35.3,-0.007,3,downgrade
0.549,45,145.5,3.51,8,6,0.45,73.5,-0.099,1,maintain
0.907,89.0,44.8,1.32,1,1,0.993,81.3,-0.026,10,upgrade
0.671,42.1,91.0,3.28,8,4,0.632,59.6,0.102,5,downgrade
0.561,39.1,165.0,3.43,10,6,0.447,47.4,-0.176,5,downgrade
0.85,77.4,78.5,2.32,0,2,0.877,92.8,0.24,7,upgrade
0.57,82.6,60.4,1.78,6,3,0.766,70.6,-0.005,3,maintain
0.564,78.2,80.3,2.1,5,4,0.806,62.0,0.009,5,maintain
0.487,69.0,99.4,2.22,11,3,0.623,78,-0.405,7,downgrade
0.353,62.6,91.0,2.61,8,4,0.579,78,-0.211,4,downgrade
0.944,69.7,64.8,2.22,0,1,0.897,88.9,0.023,3,upgrade
0.55,8.5,121.2,3.64,11,2,0.619,5,-0.155,2,downgrade
0.289,48.9,143.4,2.87,17,6,0.633,55.6,-0.099,1,downgrade
0.465,32.5,172.6,4.0,14,8,0.475,26.6,-0.097,6,downgrade
0.46,13.7,162.9,3.92,10,5,0.498,12.4,-0.33,1,downgrade
0.864,82.1,41.6,2.25,0,1,0.977,89.6,0.142,3,upgrade
0.759,56.1,78.0,3.03,1,5,0.634,79.9,0.027,9,maintain
0.728,75.6,64.5,2.28,3,2,0.84,59.0,0.089,10,maintain
0.827,90.5,76.2,1.89,1,7,0.915,94.4,0.051,10,upgrade
0.913,86.8,67.2,1.93,0,5,0.96,92.3,0.117,6,upgrade
0.302,45.1,133.9,2.9,15,4,0.394,56.6,-0.137,6,downgrade
0.702,57.6,95.6,3.06,3,8,0.84,68.1,-0.178,1,maintain
0.815,68.9,57.4,2.19,1,1,0.966,81.2,-0.088,5,upgrade
0.898,80.5,60.0,1.6,3,1,0.957,78.1,-0.387,3,maintain
0.939,86.7,56.4,1.9,2,6,0.869,89.9,0.055,4,upgrade
0.304,30.6,111.5,3.27,9,3,0.299,39.3,0.012,3,downgrade
0.621,87.6,78.0,1.81,7,4,0.668,79.9,0.074,4,maintain
0.354,32.1,110.4,3.24,13,4,0.22,42.0,-0.117,4,downgrade
0.386,15.2,125.8,3.72,11,2,0.334,27.6,-0.168,7,downgrade
0.873,79.0,86.5,2.35,0,6,0.934,82.9,0.267,2,maintain
0.236,33.0,93.8,3.15,7,2,0.387,28.8,-0.02,1,downgrade
0.904,66.6,67.0,1.99,3,5,0.886,87.5,0.139,2,maintain
0.782,73.0,83.7,2.2,2,3,0.942,81.0,0.079,1,maintain
0.454,18.8,146.9,4.11,7,6,0.345,25.7,-0.316,1,downgrade
0.195,25.8,180,3.18,18,4,0.074,23.6,-0.153,5,downgrade
0.415,28.2,151.0,3.15,10,7,0.05,39.2,0.01,5,downgrade
0.221,42.3,163.9,3.92,13,7,0.245,55.7,-0.244,2,downgrade
0.621,81.1,77.0,2.1,5,2,0.84,62.0,0.103,9,maintain
0.562,60.4,102.7,2.82,9,4,0.537,79.9,-0.017,10,maintain
0.613,61.5,73.8,2.52,7,3,0.818,64.8,0.041,5,maintain
0.389,32.7,139.7,3.8,15,5,0.45,63.6,-0.378,1,downgrade
0.702,67.4,83.4,2.72,3,6,0.661,58.5,0.017,5,maintain
0.657,66.0,74.6,2.59,2,5,0.813,66.9,-0.039,10,maintain
0.911,85.6,68.4,1.81,0,4,0.932,73.7,0.088,3,upgrade
0.93,91.9,39.8,1.45,2,1,0.879,83.3,0.029,3,upgrade
0.559,87.5,119.0,2.37,6,7,0.726,64.3,-0.252,6,maintain
0.837,80.5,85.8,2.26,4,6,0.864,78.2,0.132,10,upgrade
0.757,78.6,101.4,2.76,3,8,0.903,90.8,-0.0,1,maintain
0.968,89.3,68.2,1.68,2,3,0.905,80.2,0.258,9,upgrade
0.259,55.2,121.1,3.07,7,6,0.176,68.6,-0.294,6,downgrade
0.831,78.6,79.8,2.44,4,3,0.938,90.6,-0.412,8,maintain
0.954,96.9,74.7,1.86,3,5,0.835,87.6,-0.063,4,upgrade
0.983,68.2,70.0,2.68,0,6,0.839,89.3,-0.043,7,upgrade
0.287,44.9,91.3,2.6,14,4,0.393,41.8,-0.162,1,downgrade
0.946,87.2,61.0,1.72,1,3,0.878,85.3,-0.048,7,upgrade
0.893,69.0,56.6,2.36,0,4,0.877,88.9,-0.361,4,maintain
0.856,86.5,63.4,1.74,2,5,0.977,90.6,0.145,10,upgrade
0.964,77.9,74.7,1.87,0,4,0.808,89.8,0.131,10,upgrade
0.917,50.4,114.5,3.39,2,6,0.654,72.7,0.057,8,maintain
0.453,14.9,132.2,3.95,8,6,0.419,16.5,-0.251,4,downgrade
0.91,83.9,34.1,1.56,0,4,0.884,83.6,0.042,8,upgrade
0.784,47.8,77.6,2.81,2,2,0.835,48.2,-0.081,4,maintain
0.92,60.0,116.7,2.99,3,6,0.84,74.3,0.0,2,maintain
0.661,60.7,111.8,2.88,7,8,0.803,79.9,-0.073,10,maintain
0.943,95.8,71.3,2.23,3,3,0.785,91.8,0.153,8,upgrade
0.307,36.3,125.7,3.43,7,8,0.406,42.1,-0.093,6,downgrade
0.5,79.6,84.5,2.02,11,6,0.752,73.0,0.064,1,maintain
0.241,38.0,94.5,3.33,6,5,0.292,36.4,-0.243,5,downgrade
0.86,80.7,64.8,1.95,0,1,0.897,82.3,0.148,5,upgrade
0.419,25.3,131.3,3.03,11,1,0.705,57.2,0.136,10,maintain
0.832,95.0,44.5,2.0,2,1,0.918,81.7,0.181,7,upgrade
0.28,33.0,138.1,3.32,10,2,0.309,23.6,-0.103,2,downgrade
0.893,66.7,86.1,2.1,5,4,0.963,78.6,-0.009,9,upgrade
0.882,91.2,44.8,1.78,0,5,0.927,87.0,0.196,7,upgrade
1.0,85.6,67.5,2.22,1,5,0.971,79.8,-0.021,9,upgrade
0.873,70.5,65.0,2.27,3,1,0.875,93.8,0.005,9,upgrade
0.298,23.9,124.3,3.7,14,4,0.408,45.4,-0.156,3,downgrade
0.262,36.8,140.4,3.14,9,5,0.154,39.8,-0.358,4,downgrade
0.441,44.4,137.9,2.91,7,7,0.546,33.6,0.021,5,downgrade
0.799,100,67.5,1.67,2,5,0.887,94.3,-0.03,7,upgrade
0.88,85.4,63.2,2.07,0,4,0.89,88.4,0.069,4,upgrade
0.822,97.8,78.0,1.62,7,2,0.782,94.7,-0.039,4,upgrade
0.46,9.3,138.9,3.99,4,7,0.6,6.3,-0.144,1,downgrade
0.154,42.9,118.4,3.39,11,2,0.096,49.6,-0.202,2,downgrade
0.151,46.3,127.6,3.44,9,5,0.323,38.6,-0.23,1,downgrade
0.646,75.3,76.0,2.16,6,3,0.588,67.0,-0.25,4,maintain
0.396,19.8,147.1,3.89,6,7,0.405,23.7,-0.268,8,downgrade
0.215,31.1,158.9,3.19,15,5,0.128,38.2,-0.045,5,downgrade
0.976,90.1,55.5,1.95,1,6,0.93,80.9,0.103,8,upgrade
0.755,46.2,104.5,2.99,3,7,0.614,45,0.167,6,maintain
0.504,36.0,99.1,2.86,10,2,0.714,31.2,-0.085,5,downgrade
0.205,28.0,108.7,3.31,17,3,0.412,37.4,-0.19,6,downgrade
0.233,55.3,104.0,2.95,5,5,0.235,60.4,-0.103,4,downgrade
0.408,32.1,105.8,3.15,9,7,0.555,37.4,-0.38,3,downgrade
0.902,99.4,37.0,1.09,1,2,0.929,77.6,0.198,7,upgrade
0.915,91.6,65.7,2.23,0,6,0.96,80.3,0.019,4,upgrade
0.94,75.9,61.0,2.03,2,3,0.94,82.7,0.03,9,upgrade
0.898,82.5,68.4,1.86,4,3,0.958,89.9,0.264,7,upgrade
0.529,13.2,151.6,3.94,11,7,0.552,10.3,-0.189,7,downgrade
1.0,93.6,57.1,1.85,4,1,0.865,90.4,0.088,5,upgrade
0.352,34.9,148.5,3.28,13,5,0.455,38.4,-0.247,7,downgrade
0.972,82.8,41.0,1.77,0,2,0.898,79.3,-0.057,5,upgrade
0.248,34.3,152.2,3.76,17,7,0.284,41.6,-0.302,7,downgrade
0.191,29.2,179.8,3.53,14,4,0.269,66.7,-0.03,3,downgrade
0.802,49.7,109.3,3.35,3,6,0.725,65.4,0.053,10,maintain
0.36,45.0,91.1,3.07,6,2,0.683,72.2,-0.36,8,downgrade
0.45,10.2,126.7,3.76,9,5,0.515,5,-0.066,4,downgrade
1.0,100,47.0,1.27,0,2,1.0,87.9,0.112,8,upgrade
0.895,85.9,59.8,1.88,1,2,0.953,95.9,0.106,7,upgrade
0.66,70.7,105.5,2.32,4,6,0.795,70.5,-0.113,2,maintain
0.796,76.2,66.4,2.33,3,5,0.753,52.3,-0.055,5,maintain
0.926,79.3,85.2,2.27,4,3,0.907,87.4,0.144,3,upgrade
0.865,81.4,55.2,2.01,3,6,0.937,83.5,0.056,6,upgrade
1.0,82.2,90.2,2.04,4,3,0.884,91.2,-0.034,6,upgrade
0.81,97.2,62.7,1.65,7,3,0.892,82.7,0.073,9,upgrade
0.181,27.1,136.5,3.75,15,4,0.279,15.9,-0.166,8,downgrade
0.878,81.6,74.8,1.81,3,7,0.918,85.4,-0.442,7,maintain
0.825,76.7,80.3,2.36,1,4,0.962,82.1,-0.06,4,upgrade
0.682,72.6,79.4,2.4,3,7,0.584,76.7,0.07,9,maintain
0.311,25.2,180,3.93,15,4,0.422,38.0,0.112,4,downgrade
0.348,38.3,134.3,3.16,14,2,0.285,49.4,-0.042,4,downgrade
0.916,62,62.5,2.62,0,2,0.91,83.0,0.055,8,upgrade
0.299,36.4,110.6,3.41,12,4,0.292,41.1,-0.093,3,downgrade
0.858,100,49.8,1.83,3,4,0.999,86.3,-0.09,8,upgrade
0.544,73.8,61.3,2.26,4,7,0.652,62.3,-0.089,10,maintain
0.5,88,89.6,1.68,10,3,0.652,75.4,0.172,3,maintain
0.785,70.9,112.5,2.32,4,6,0.953,80.0,0.282,2,maintain
0.352,44.5,114.2,3.04,11,2,0.391,55.2,-0.472,7,downgrade
0.676,75.3,73.9,1.74,7,4,0.695,75.2,-0.045,5,maintain
0.199,55.6,132.1,2.88,15,6,0.268,37.6,-0.153,8,downgrade
0.905,89.7,43.7,1.48,0,4,0.774,95.6,-0.011,6,upgrade
0.922,76.2,48.9,1.5,2,1,0.93,99.8,0.065,4,upgrade
0.415,36.5,97.0,3.02,3,3,0.499,41.9,-0.261,6,downgrade
0.716,56.2,89.0,2.88,3,1,0.84,52.6,-0.047,3,maintain
0.887,90.0,66.4,1.74,0,3,0.861,95.1,0.127,5,upgrade
0.396,31.4,134.3,3.29,12,2,0.521,44.2,-0.004,7,downgrade
0.934,87.0,58.0,2.04,3,2,0.876,83.9,-0.033,10,upgrade
0.52,81.8,86.9,2.16,7,1,0.45,79.9,-0.091,9,maintain
0.815,66.5,61.3,2.27,4,2,0.592,63.8,-0.099,2,maintain
0.382,27.8,140.4,3.44,9,5,0.558,28.6,-0.066,2,downgrade
0.663,81.9,77.9,2.24,4,6,0.674,59.5,0.009,4,maintain
0.267,50.1,151.8,2.95,16,4,0.5,73.0,-0.124,8,downgrade
0.327,38.5,86.0,3.18,8,3,0.361,55.5,-0.35,7,downgrade
0.446,8.5,112.0,3.95,11,2,0.56,16.4,0.03,1,downgrade
0.419,44.0,116.2,3.38,10,4,0.385,44.3,-0.155,6,downgrade
0.343,52.6,143.0,2.83,12,7,0.23,78,-0.122,1,downgrade
0.903,83.3,89.3,2.29,4,2,0.837,89.7,0.048,9,upgrade
0.92,45,69.2,2.67,1,5,0.759,79.9,0.134,5,maintain
0.867,74.6,110.4,2.67,3,6,0.667,55.5,0.007,4,maintain
0.948,87.1,30.4,1.33,0,1,0.876,77.6,0.045,7,upgrade
0.799,74.3,83.6,2.23,2,5,0.837,87.6,-0.045,9,upgrade
0.901,80.9,88.5,2.15,6,3,0.795,85.2,0.174,10,upgrade
0.295,35.5,161.3,3.59,10,5,0.288,57.1,0.069,1,downgrade
0.5,72.8,87.7,2.75,6,4,0.758,58.8,0.029,9,maintain
0.946,94.4,74.9,1.82,0,7,0.845,85.5,0.001,9,upgrade
0.444,25.3,105.0,3.46,3,5,0.526,32.3,-0.316,1,downgrade
0.937,99.7,55.9,1.66,0,3,0.922,89.1,-0.032,6,upgrade
0.867,91.3,46.5,1.59,4,4,0.985,83.3,0.052,9,upgrade
0.883,77.2,80.7,2.49,3,5,0.873,83.9,-0.045,8,upgrade
0.894,90.9,58.1,2.15,2,4,0.878,73.3,0.257,9,upgrade
0.887,89.1,80.4,1.64,6,4,0.857,91.9,-0.022,8,upgrade
0.358,31.5,168.4,3.45,15,6,0.19,42.5,0.051,6,downgrade
0.952,81.9,79.4,2.21,3,6,0.841,84.8,-0.045,10,upgrade
0.893,88.9,66.7,1.87,4,4,0.816,83.5,0.091,7,upgrade
0.963,93.4,57.3,1.77,1,4,0.909,88.9,-0.09,7,upgrade
0.887,70.1,46.1,1.95,0,1,0.922,83.9,0.194,1,maintain
0.992,92.1,71.3,1.96,0,5,0.878,91.1,0.089,10,upgrade
0.335,18.4,162.7,3.52,16,4,0.404,16.2,-0.237,7,downgrade
0.592,59.1,72.2,2.81,6,4,0.682,71.0,-0.323,3,maintain
0.178,36.6,180,3.79,14,8,0.494,54.7,-0.209,3,downgrade
0.263,37.3,159.9,3.38,10,6,0.232,45.8,-0.242,7,downgrade
0.156,35.5,166.4,3.55,11,8,0.233,38.5,-0.035,4,downgrade
0.339,19.9,146.9,3.73,13,7,0.358,17.9,0.025,4,downgrade
0.948,81.7,62.7,2.4,0,1,1.0,92.6,0.012,5,upgrade
0.848,81.5,73.0,2.09,2,2,0.901,91.5,-0.031,9,upgrade
0.251,40.4,135.6,3.38,9,5,0.395,46.1,-0.244,3,downgrade
0.928,83.7,45.6,1.53,0,1,0.978,76.2,0.122,3,upgrade
0.648,59.7,115.1,3.04,5,6,0.7,79.9,-0.076,3,maintain
0.369,32.7,125.9,3.6,14,7,0.435,32.8,-0.034,8,downgrade
0.91,81.0,70.5,1.71,4,7,0.942,86.3,0.193,4,upgrade
0.901,89.7,72.8,1.92,3,2,0.828,82.0,-0.012,4,upgrade
0.79,80.8,49.3,2.11,0,6,0.84,70.6,-0.302,1,maintain
0.377,40.8,148.4,3.37,9,8,0.225,36.1,-0.14,2,downgrade
0.529,57.0,88.1,2.78,4,5,0.648,72.0,0.063,3,maintain
0.569,17.4,108.4,3.45,9,4,0.768,5,-0.093,2,downgrade
0.613,68.9,68.4,2.09,4,4,0.644,47.3,0.318,7,maintain
0.868,70.8,82.5,2.69,2,6,0.84,54.5,0.222,6,maintain
0.729,63.8,102.2,2.39,3,4,0.657,61.4,0.103,5,maintain
0.316,16.5,180,4.41,19,7,0.305,28.3,-0.294,7,downgrade
0.97,100,40.3,1.24,1,6,1.0,83.5,0.226,3,upgrade
0.902,79.9,73.1,1.94,1,6,0.855,88.7,0.254,7,upgrade
0.503,73.5,135.4,3.01,8,6,0.496,67.8,0.041,1,maintain
0.369,37.1,125.3,3.72,16,4,0.516,12.2,0.042,8,downgrade
0.346,19.2,135.4,3.51,10,2,0.186,25.8,-0.125,4,downgrade
0.75,85.5,64.9,2.22,4,6,0.871,87.5,-0.059,1,maintain
0.969,86.0,58.3,2.12,6,4,0.948,81.5,0.024,9,upgrade
0.638,58.7,86.8,2.86,8,7,0.687,60.2,-0.044,1,maintain
0.865,85.4,75.7,2.18,0,4,0.98,85.1,0.009,10,upgrade
0.241,31.5,145.8,3.59,6,2,0.203,48.5,-0.061,4,downgrade
0.935,81.0,83.3,2.27,1,7,0.88,74.5,0.164,6,upgrade
0.729,86.2,86.9,1.86,6,5,0.937,82.9,-0.181,10,maintain
0.293,26.7,110.3,3.84,7,5,0.234,14.5,0.01,2,downgrade
0.845,71.9,49.1,2.33,0,4,1.0,91.8,0.094,4,upgrade
0.221,24.4,165.5,3.61,11,4,0.069,17.9,-0.319,2,downgrade
0.948,87.2,68.5,2.24,1,6,0.951,73.1,-0.039,6,upgrade
0.621,54.7,109.1,3.01,9,6,0.84,79.9,0.043,9,maintain
0.891,87.7,59.5,2.19,2,2,0.979,87.8,0.029,4,upgrade
0.758,63.0,64.1,2.72,2,4,0.666,66.0,0.0,8,maintain
0.298,36.9,168.3,3.58,16,5,0.329,35.2,-0.141,2,downgrade
0.5,48.4,93.4,2.51,9,6,0.498,72.0,0.242,4,maintain
0.887,81.1,38.1,1.79,0,3,0.851,82.4,0.152,3,upgrade
0.757,76.9,48.7,2.08,4,2,0.84,54.3,0.081,6,maintain
0.743,49.6,98.9,3.14,7,7,0.743,53.2,-0.101,4,maintain
0.884,76.3,78.7,2.09,4,5,0.944,75.7,-0.09,5,upgrade
0.852,68.9,66.1,2.44,5,2,0.959,91.4,0.255,1,maintain
0.284,22.9,153.6,3.36,9,8,0.272,13.5,-0.147,6,downgrade
0.305,33.8,106.3,3.42,7,8,0.46,53.1,-0.039,2,downgrade
0.739,74.6,75.8,2.58,4,4,0.577,62.6,0.092,6,maintain
0.5,54.9,109.9,2.63,13,2,0.521,72.4,0.018,3,maintain
0.176,54.9,127.0,2.49,20,4,0.05,55.3,-0.093,2,downgrade
0.212,67.7,124.3,2.3,14,2,0.412,78,-0.127,2,downgrade
1.0,76.6,89.9,2.41,1,7,0.979,80.5,0.26,10,upgrade
0.896,78.3,86.0,2.07,1,5,0.878,93.6,0.01,9,upgrade
0.175,27.7,167.9,3.96,19,4,0.357,35.3,0.0,5,downgrade
0.501,15.9,104.4,3.78,12,3,0.552,32.9,-0.215,5,downgrade
0.797,68.6,93.8,2.49,0,3,0.74,46.7,0.133,3,maintain
0.889,78.0,43.0,2.02,1,1,0.969,93.6,0.128,3,upgrade
0.764,62.7,56.6,2.24,2,1,0.896,88.7,0.081,1,maintain
0.865,71.8,96.5,2.6,6,5,0.867,78.4,-0.395,5,maintain
0.526,36.5,112.5,3.6,8,6,0.528,44.7,-0.387,7,downgrade
0.243,38.1,167.5,3.42,11,4,0.588,52.7,-0.077,3,downgrade
0.907,87.9,69.8,2.15,0,8,0.925,87.9,-0.299,8,maintain
0.476,38.7,94.7,2.87,10,4,0.427,36.9,-0.186,5,downgrade
0.921,89.2,58.9,1.96,3,6,0.891,86.2,0.008,4,upgrade
0.695,55.8,86.5,2.43,7,3,0.649,69.7,0.141,1,maintain
0.971,83.1,50.0,2.13,2,2,0.951,81.0,0.033,8,upgrade
0.841,46.9,113.9,3.24,4,6,0.754,68.8,0.166,6,maintain
0.911,87.7,68.9,2.02,2,5,0.893,83.1,0.057,4,upgrade
0.786,51.1,73.4,2.83,4,6,0.484,56.9,-0.024,7,maintain
0.818,84.1,38.5,1.64,1,2,0.955,87.4,-0.08,1,maintain
0.877,83.5,89.8,2.23,1,7,0.955,79.7,0.062,7,upgrade
0.673,86.7,123.3,2.3,7,8,0.84,61.5,0.049,3,maintain
0.888,95.8,53.1,2.31,0,3,0.92,75.1,0.131,3,upgrade
0.853,84.9,99.2,2.12,5,6,0.892,96.6,0.106,4,upgrade
0.314,35.7,120.8,3.18,9,3,0.147,49.3,-0.044,6,downgrade
0.723,47.3,124.7,2.75,6,8,0.614,53.7,0.186,5,maintain
0.846,82.0,102.0,2.48,7,5,0.898,79.4,-0.09,5,upgrade
0.548,73.8,90.2,2.43,10,4,0.719,62.0,0.039,8,maintain
0.423,50.4,135.0,2.72,11,2,0.462,61.0,0.102,3,downgrade
0.906,78.7,114.3,2.87,1,7,0.972,89.1,-0.033,5,upgrade
0.986,96.3,50.0,1.27,3,1,0.937,91.4,0.133,9,upgrade
0.841,82.1,84.5,2.33,7,7,0.89,93.8,0.077,9,upgrade
0.68,46.7,107.1,2.92,4,4,0.497,55.7,-0.263,7,maintain
0.86,83.9,62.7,2.01,2,6,0.825,84.3,0.12,7,upgrade
0.282,20.8,145.7,4.35,14,5,0.161,28.2,-0.221,4,downgrade
0.942,65.9,93.9,2.67,4,6,0.86,78.9,0.206,1,maintain
0.901,85.4,44.2,1.72,0,3,0.957,91.5,0.181,1,maintain
0.238,23.6,180,3.84,14,8,0.228,52.5,-0.069,8,downgrade
0.717,61.3,94.2,2.36,5,4,0.632,79.9,-0.265,9,maintain
0.539,39.3,117.5,3.09,10,2,0.609,62.2,0.039,8,downgrade
0.417,24.4,140.7,3.37,11,2,0.427,41.4,-0.025,7,downgrade
0.877,87.6,71.6,1.76,2,1,0.924,80.2,0.125,6,upgrade
0.196,21.1,158.1,3.78,10,4,0.405,40.0,-0.172,6,downgrade
0.584,88,43.4,1.47,2,1,0.571,72.0,-0.095,10,maintain
0.823,67.8,71.3,2.45,0,4,0.932,90.1,-0.205,8,maintain
0.165,48.4,115.1,2.53,20,3,0.115,41.0,-0.086,6,downgrade
0.252,42.6,177.2,3.32,17,6,0.316,39.7,-0.005,3,downgrade
0.644,45.9,114.4,2.9,6,7,0.84,61.1,0.113,9,maintain
0.91,77.7,87.5,2.39,2,7,0.909,77.7,-0.013,10,upgrade
0.578,54.8,100.2,2.81,7,6,0.748,79.0,0.006,3,maintain
0.802,79.4,51.7,1.73,5,1,0.84,56.2,0.142,5,maintain
0.779,76.9,71.9,2.0,6,4,0.705,54.3,-0.188,9,maintain
0.165,35.1,153.0,3.3,19,4,0.299,29.1,-0.142,1,downgrade
0.461,15.1,130.6,3.73,15,3,0.762,13.9,-0.235,7,downgrade
0.906,86.1,80.7,2.06,2,5,0.938,86.1,0.165,3,upgrade
0.938,89.5,55.3,1.67,0,3,0.871,96.0,0.041,5,upgrade
0.155,26.3,143.8,3.18,8,5,0.174,29.2,-0.293,6,downgrade
0.294,41.3,169.8,3.14,13,8,0.194,37.5,-0.166,6,downgrade
0.865,81.9,81.8,2.05,0,7,0.911,88.8,0.003,2,maintain
0.293,33.3,99.3,2.88,11,3,0.448,38.9,-0.106,5,downgrade
0.187,31.3,125.1,3.19,17,4,0.313,45.1,-0.001,8,downgrade
0.877,74.8,97.1,2.64,3,7,0.948,80.3,0.184,3,upgrade
0.469,35.0,121.9,3.17,11,4,0.56,33.1,-0.03,5,downgrade
0.889,94.5,38.5,1.28,3,1,0.867,93.1,-0.014,6,upgrade
0.894,68.9,93.0,2.67,3,8,0.732,49.6,0.089,5,maintain
0.428,35.1,115.4,3.51,4,8,0.502,45.5,0.021,5,downgrade
0.755,62.2,57.9,2.37,3,3,0.918,81.9,0.045,1,maintain
0.826,50.0,87.2,2.0,7,1,0.675,65.5,-0.094,3,maintain
0.852,89.7,71.5,1.96,4,7,0.91,87.1,-0.09,9,upgrade
0.914,66.8,52.1,2.17,0,2,0.768,65.1,0.077,1,maintain
0.972,87.9,67.2,1.94,0,1,0.856,90.4,-0.063,8,upgrade
0.873,93.6,59.5,1.88,0,5,0.922,88.6,0.146,3,upgrade
0.611,47.9,98.6,2.93,11,3,0.784,77.0,0.09,6,maintain
0.781,100,49.6,1.54,4,1,0.958,89.0,-0.034,10,upgrade
0.921,79.8,110.6,2.58,0,8,0.87,90.8,-0.037,2,maintain
0.925,94.5,55.3,1.79,2,7,0.907,87.8,0.009,9,upgrade
0.089,22.3,138.9,3.34,20,2,0.05,39.0,-0.153,1,downgrade
1.0,83.7,70.7,1.87,2,4,0.905,73.6,-0.017,10,upgrade
0.778,90.5,55.0,1.28,3,2,0.927,84.3,0.269,6,upgrade
0.328,38.4,138.5,2.85,10,3,0.263,53.5,-0.196,2,downgrade
0.395,51.7,97.5,3.01,6,6,0.253,63.5,-0.15,4,downgrade
0.839,82.4,98.4,2.34,4,6,0.843,84.7,0.012,8,upgrade
0.397,15.6,158.1,4.05,8,2,0.459,6.4,-0.334,6,downgrade
0.26,21.4,121.7,3.95,13,5,0.27,33.8,-0.129,8,downgrade
0.655,57.3,79.7,2.67,8,3,0.692,69.5,-0.031,1,maintain
0.246,43.7,124.5,3.29,15,6,0.069,39.5,-0.241,5,downgrade
0.262,55.9,159.8,2.67,17,3,0.244,49.7,0.136,1,downgrade
0.426,19.7,174.2,4.51,5,8,0.564,22.9,0.128,6,downgrade
0.388,35.5,159.2,3.88,13,3,0.349,27.4,-0.207,6,downgrade
0.627,53.3,85.8,2.28,6,1,0.81,77.8,-0.021,9,maintain
0.315,23.0,142.8,4.26,14,8,0.151,43.6,-0.374,2,downgrade
0.928,84.8,94.9,2.26,0,6,0.883,83.5,0.022,7,upgrade
0.517,13.6,81.1,3.36,10,2,0.497,11.9,-0.237,2,downgrade
0.682,75.4,66.0,2.12,3,3,0.742,75.1,-0.059,7,maintain
0.728,80.8,75.7,2.1,3,6,0.852,81.7,-0.248,5,maintain
0.909,91.0,58.4,1.61,0,7,0.897,78.9,0.076,8,upgrade
0.899,67.6,99.9,2.67,4,2,0.935,86.6,-0.241,6,maintain
0.688,71.1,72.4,2.22,5,8,0.811,47.5,-0.077,9,maintain
0.779,70.8,84.0,2.75,3,6,0.953,75.6,0.174,4,upgrade
0.707,45.9,146.7,3.45,9,8,0.623,79.9,0.16,2,maintain
0.901,100,76.5,1.91,3,5,0.875,79.5,0.078,8,upgrade
0.778,67.1,64.4,1.95,5,1,0.88,80.4,-0.326,10,maintain
0.547,18.0,117.9,3.8,6,6,0.546,35.0,-0.33,8,downgrade
0.234,51.4,88.9,3.06,8,5,0.257,30.1,-0.279,8,downgrade
0.921,73.5,101.7,2.89,0,8,0.935,90.5,0.117,1,maintain
0.932,100,35.7,1.04,0,1,0.891,86.1,0.065,9,upgrade
0.304,21.3,180,3.88,16,8,0.354,12.2,0.083,3,downgrade
0.824,71.3,105.4,2.84,2,7,0.505,46.1,-0.015,1,maintain
0.82,95.5,57.2,1.29,3,2,0.915,84.5,0.171,8,upgrade
0.666,55.1,82.3,2.58,7,4,0.605,79.9,-0.065,7,maintain
0.725,88,90.5,2.18,7,4,0.737,65.8,0.006,8,maintain
0.404,27.7,131.5,3.21,13,4,0.344,25.2,-0.137,7,downgrade
0.699,17.3,141.9,3.86,8,5,0.774,5,-0.301,2,downgrade
0.344,35.4,133.3,3.38,18,6,0.471,52.3,-0.004,1,downgrade
0.785,93.7,61.5,1.61,0,4,0.985,92.0,0.167,5,upgrade
0.502,61.8,112.6,2.65,11,3,0.834,65.6,-0.025,2,maintain
0.918,80.3,85.7,2.14,3,7,0.882,95.0,0.109,9,upgrade
0.907,84.0,52.3,1.89,0,2,0.881,87.3,0.153,9,upgrade
0.584,80.1,46.1,1.52,5,2,0.687,45,-0.057,4,maintain
0.572,79.2,93.0,2.43,8,7,0.7,58.4,-0.251,9,maintain
0.504,72.4,130.3,2.28,14,2,0.803,70.7,0.125,3,maintain
0.91,86.4,63.5,2.03,3,3,0.955,77.3,0.076,10,upgrade
0.888,80.0,70.8,2.26,1,7,0.964,82.8,-0.116,4,maintain
0.852,78.3,59.5,2.08,2,1,0.974,74.7,0.171,3,upgrade
0.269,26.0,166.9,3.72,12,8,0.378,17.8,-0.29,5,downgrade
0.457,42.8,110.7,3.18,7,7,0.583,32.7,-0.055,2,downgrade
0.453,11.8,180,4.3,12,7,0.362,15.7,-0.093,8,downgrade
0.629,45,146.4,3.62,5,7,0.733,66.2,-0.026,1,maintain
0.476,17.0,127.4,3.54,4,4,0.654,26.4,-0.264,7,downgrade
0.882,62,50.5,2.38,1,1,0.923,91.6,-0.008,3,upgrade
0.174,54.5,123.9,2.66,11,6,0.115,58.5,-0.141,5,downgrade
0.774,90.4,74.1,2.1,5,4,0.913,84.8,-0.013,4,upgrade
0.927,80.0,108.4,2.83,1,6,0.803,91.0,-0.059,6,upgrade
0.9,82.3,89.3,2.14,0,5,0.9,82.2,0.165,6,upgrade
0.944,74.2,77.1,2.11,0,3,0.967,78.1,-0.042,6,upgrade
0.537,64.9,66.4,2.41,7,2,0.611,67.7,-0.023,9,maintain
0.602,71.2,107.1,2.24,8,3,0.84,51.6,0.009,4,maintain
0.941,78.9,47.8,1.89,0,1,0.864,95.5,0.158,9,upgrade
0.208,32.7,127.2,3.17,5,4,0.308,41.3,-0.159,1,downgrade
0.631,56.5,108.0,2.8,7,4,0.6,72.4,-0.004,8,maintain
0.948,66.9,97.2,2.37,2,8,0.851,91.1,0.093,1,maintain
0.792,82.1,68.8,1.83,3,1,0.959,71.4,0.132,10,upgrade
0.891,65.4,78.1,2.66,3,5,0.937,92.7,0.069,7,upgrade
0.156,47.6,106.3,3.43,11,8,0.106,65.8,0.008,3,downgrade
0.326,54.8,151.9,3.4,13,8,0.313,77.0,0.058,8,downgrade
0.768,45,131.4,3.11,9,1,0.7,76.6,-0.009,6,maintain
0.898,82.6,38.8,1.91,0,3,0.886,97.3,0.154,5,upgrade
0.575,77.2,116.0,2.75,7,7,0.69,60.7,0.034,2,maintain
0.205,51.1,135.6,2.63,12,3,0.073,42.6,0.007,1,downgrade
0.27,24.6,180,4.0,17,4,0.399,17.7,-0.16,1,downgrade
0.909,92.5,39.2,1.5,2,3,0.889,85.7,0.121,7,upgrade
0.597,22.4,94.3,3.96,4,4,0.738,14.6,-0.024,3,downgrade
0.828,83.8,71.7,2.17,1,3,0.908,83.5,-0.014,1,maintain
0.957,100,55.3,1.17,5,3,0.858,86.7,0.043,5,upgrade
0.92,53.8,105.1,2.98,4,6,0.762,70.4,-0.174,5,maintain
0.372,31.8,118.1,3.9,9,7,0.566,22.1,-0.089,4,downgrade
0.362,33.6,132.6,3.03,14,4,0.273,45.3,-0.202,2,downgrade
0.884,89.3,60.4,2.3,0,7,0.895,80.6,0.063,6,upgrade
0.239,37.4,124.8,3.72,10,4,0.198,38.1,0.186,7,downgrade
0.568,79.2,100.5,2.04,5,6,0.606,66.4,0.111,9,maintain
0.577,72.6,117.7,2.74,7,8,0.731,71.5,0.2,5,maintain
0.808,87.5,77.1,2.16,3,8,0.874,78.3,0.19,1,maintain
0.841,94.7,59.6,1.67,4,6,0.843,92.1,0.035,8,upgrade
0.803,45,83.6,2.75,3,3,0.676,72.1,-0.068,6,maintain
0.741,49.8,118.3,3.1,2,1,0.779,59.9,0.067,2,maintain
0.411,12.2,164.4,4.22,14,3,0.453,12.9,-0.067,7,downgrade
0.914,82.7,39.3,1.49,0,1,0.929,92.3,-0.005,10,upgrade
0.995,75.7,46.4,1.96,0,3,0.908,94.4,0.132,7,upgrade
0.877,81.5,62.2,1.74,3,5,0.862,93.6,0.133,5,upgrade
0.332,35.6,142.5,3.49,15,4,0.563,53.1,-0.247,7,downgrade
0.632,61.9,88.2,2.56,6,3,0.84,73.0,0.024,10,maintain
0.955,92.6,51.4,1.33,0,5,0.968,74.8,0.181,9,upgrade
0.952,88.0,79.8,2.11,1,4,0.902,85.6,0.258,3,upgrade
0.924,95.0,58.1,1.25,3,4,0.912,82.9,0.053,3,upgrade
0.754,77.0,53.6,1.6,2,4,0.721,79.9,0.067,2,maintain
0.415,57.3,95.2,2.47,7,7,0.455,58.8,-0.158,2,downgrade
0.766,63.2,101.0,2.52,3,4,0.787,60.7,-0.02,3,maintain
0.363,50.2,122.2,2.88,10,5,0.232,52.4,-0.048,4,downgrade
0.274,50.3,133.2,3.66,9,7,0.275,52.5,-0.298,5,downgrade
0.847,67.2,97.6,2.91,2,8,0.956,81.3,-0.026,1,maintain
0.888,71.3,78.0,2.45,1,7,0.853,69.2,0.119,6,upgrade
0.671,79.1,89.3,2.46,6,7,0.705,70.2,-0.12,5,maintain
0.598,56.4,98.1,3.13,3,5,0.618,60.4,-0.087,9,maintain
0.987,73.1,62.0,1.64,0,3,0.882,93.1,0.201,5,upgrade
0.185,32.8,144.1,3.85,16,5,0.372,42.8,-0.223,8,downgrade
0.598,67.1,117.4,2.98,2,6,0.632,52.9,-0.102,4,maintain
0.317,34.2,97.8,3.81,9,7,0.146,37.1,0.106,3,downgrade
0.969,90.1,76.7,2.26,2,8,0.973,84.7,0.098,9,maintain
0.577,36.4,131.7,3.48,7,5,0.639,58.3,0.166,3,downgrade
0.744,58.8,104.1,2.78,5,7,0.548,77.8,0.096,2,maintain
0.292,12.1,180,4.7,11,8,0.105,22.7,-0.016,8,downgrade
0.91,76.9,105.9,2.69,2,8,0.954,88.1,-0.058,2,maintain
0.161,41.9,170.7,2.99,20,2,0.05,50.9,-0.338,8,downgrade
0.366,35.8,161.5,3.4,10,8,0.355,62.2,-0.273,8,downgrade
0.897,78.5,55.7,1.92,2,2,0.837,92.3,0.246,4,upgrade
0.459,20.9,91.4,3.42,6,6,0.635,25.5,-0.021,2,downgrade
0.832,91.1,77.1,1.94,5,4,0.916,88.9,-0.001,4,upgrade
0.88,86.4,81.4,2.23,0,6,0.959,86.0,0.23,9,upgrade
0.862,90.7,63.4,2.13,2,7,0.961,89.3,0.177,6,upgrade
0.303,45.9,116.7,3.11,13,2,0.251,51.9,-0.058,1,downgrade
0.629,61.3,84.2,2.81,4,3,0.679,71.3,-0.15,4,maintain
0.814,83.4,84.3,2.61,2,6,0.962,85.5,-0.09,10,upgrade
0.963,89.6,29.8,1.26,1,1,0.975,82.2,-0.083,3,upgrade
0.206,22.5,164.5,4.0,16,3,0.315,20.4,-0.029,1,downgrade
0.48,16.7,94.9,3.89,6,2,0.403,21.6,-0.332,8,downgrade
0.707,57.8,107.4,2.92,8,6,0.812,67.2,-0.013,4,maintain
0.331,27.1,165.9,3.37,15,6,0.427,26.5,-0.165,8,downgrade
0.726,56.0,101.0,2.91,5,5,0.787,52.6,-0.01,5,maintain
0.737,70.8,67.3,2.01,5,1,0.477,71.4,0.008,1,maintain
0.749,83.5,63.4,1.95,5,5,0.896,91.8,-0.067,1,maintain
0.205,39.7,106.3,3.51,8,7,0.388,43.0,-0.034,4,downgrade
0.611,74.9,100.7,2.26,6,6,0.78,60.4,0.18,4,maintain
0.647,46.6,91.2,3.0,6,4,0.84,49.0,-0.019,8,maintain
0.174,50.9,156.8,2.93,20,6,0.1,50.0,-0.363,7,downgrade
0.92,88,57.4,2.09,0,8,0.697,57.8,0.206,8,maintain
0.381,32.6,161.8,3.04,19,3,0.319,50.0,0.25,8,downgrade
0.904,58.0,87.2,2.37,2,3,0.741,56.1,0.035,4,maintain
0.619,66.3,100.0,2.79,7,5,0.726,66.2,-0.189,2,maintain
0.735,58.8,111.7,2.37,6,3,0.762,66.9,-0.07,1,maintain
0.565,68.2,69.9,2.68,5,2,0.46,73.3,-0.066,2,maintain
0.294,56.1,118.4,2.95,6,6,0.05,45.2,-0.233,2,downgrade
0.18,25.6,169.7,3.8,14,8,0.318,21.7,-0.139,2,downgrade
0.28,20.7,131.7,3.68,9,5,0.424,24.9,-0.389,4,downgrade
0.174,35.9,101.6,3.22,4,6,0.21,25.1,0.068,2,downgrade
0.595,70.3,74.3,2.69,6,4,0.463,65.1,0.081,7,maintain
0.689,66.7,61.6,2.17,4,5,0.687,79.9,0.037,3,maintain
0.331,39.7,102.4,3.33,9,2,0.578,24.9,-0.131,1,downgrade
0.645,64.4,65.8,2.27,7,2,0.606,63.0,-0.065,5,maintain
0.654,62.9,80.8,1.96,3,2,0.781,78.1,-0.011,8,maintain
0.179,35.8,145.5,3.91,9,8,0.199,59.6,-0.068,1,downgrade
0.427,44.8,163.4,3.44,11,5,0.461,64.0,0.071,2,downgrade
0.652,78.2,93.5,2.5,2,6,0.566,74.2,-0.175,1,maintain
0.838,72.5,48.5,1.77,3,1,0.557,75.3,-0.165,9,maintain
0.29,58.3,75.9,2.07,10,2,0.456,40.9,-0.199,1,downgrade
0.405,49.2,107.9,2.86,11,5,0.403,39.9,-0.35,8,downgrade
0.387,14.2,112.5,3.72,12,2,0.24,10.7,0.006,8,downgrade
0.948,84.5,94.4,2.47,2,5,0.909,85.6,0.301,5,upgrade
0.846,86.3,77.6,1.78,8,1,0.852,81.1,0.146,1,maintain
0.366,26.0,171.7,3.73,12,6,0.294,40.4,0.1,8,downgrade
0.811,70.6,111.7,3.05,4,7,0.636,68.2,0.18,6,maintain
0.867,45,117.1,3.04,5,1,0.692,45,0.001,2,maintain
1.0,81.7,56.6,1.54,1,1,0.957,91.1,0.067,9,upgrade
0.874,80.7,78.6,2.18,1,6,0.941,80.2,0.094,10,upgrade
0.852,63.7,84.6,1.99,3,1,0.95,80.6,0.027,2,maintain
0.528,55.5,78.4,2.51,6,1,0.656,59.6,0.237,10,maintain
0.438,16.7,130.6,4.28,6,3,0.377,16.9,-0.175,7,downgrade
0.882,90.2,41.8,1.83,2,2,0.879,91.8,0.01,6,upgrade
0.386,31.3,171.6,3.55,12,4,0.458,54.0,-0.019,4,downgrade
0.931,79.6,75.8,2.26,3,3,0.912,81.6,0.047,2,maintain
0.962,79.7,47.1,1.54,1,1,0.955,88.5,0.168,4,upgrade
0.352,30.5,117.9,2.72,9,3,0.378,43.7,0.111,2,downgrade
0.322,16.1,91.2,3.38,8,2,0.304,31.0,-0.244,2,downgrade
0.847,83.0,84.9,2.22,4,7,0.882,79.5,-0.09,6,upgrade
0.877,96.1,61.3,2.12,1,6,0.884,84.1,0.281,9,upgrade
0.5,57.4,125.4,2.77,8,5,0.84,79.1,0.132,9,maintain
0.874,97.8,43.3,1.0,1,3,0.916,89.7,0.173,10,upgrade
0.482,14.0,113.2,3.79,3,6,0.344,11.6,-0.11,8,downgrade
0.134,34.7,142.9,3.82,10,8,0.13,35.2,-0.058,6,downgrade
0.777,61.3,54.8,2.32,6,1,0.84,67.6,-0.028,1,maintain
0.94,78.2,68.5,2.62,0,6,0.93,74.9,-0.09,4,upgrade
0.374,34.2,142.4,3.73,15,6,0.393,43.2,-0.203,7,downgrade
0.73,67.5,74.5,2.7,2,4,0.773,79.9,0.038,6,maintain
0.664,64.4,78.9,2.43,5,3,0.683,67.4,0.087,5,maintain
0.163,5,180,4.67,8,5,0.435,5,-0.139,2,downgrade
0.268,34.6,88.5,3.24,11,2,0.242,31.1,-0.341,2,downgrade
0.938,87.2,72.5,2.09,0,3,0.843,92.1,0.015,9,upgrade
0.982,77.8,53.8,2.19,0,4,0.967,82.2,-0.031,5,upgrade
0.756,82.6,73.0,2.3,3,8,0.86,78.1,-0.064,2,maintain
0.4,14.4,141.2,4.17,9,8,0.44,35.4,-0.156,5,downgrade
0.952,75.1,71.7,2.29,2,6,0.921,78.5,-0.036,8,upgrade
0.356,38.9,86.9,3.41,11,2,0.302,43.5,-0.105,4,downgrade
0.548,41.3,118.0,3.1,6,8,0.739,44.4,-0.349,2,downgrade
0.896,81.7,65.4,2.49,4,5,0.881,86.5,0.07,3,upgrade
0.427,31.5,113.3,3.03,8,2,0.279,54.4,-0.186,6,downgrade
0.794,74.6,59.5,2.16,4,1,0.874,91.2,-0.025,2,maintain
0.909,71.4,73.7,2.28,0,6,0.931,89.0,0.219,2,maintain
0.529,24.9,158.9,3.3,12,4,0.431,35.7,-0.395,8,downgrade
0.9,75.1,64.8,2.12,5,3,0.857,95.8,0.042,5,upgrade
0.875,76.3,90.6,1.95,3,6,0.866,87.3,0.018,3,upgrade
0.986,95.2,64.7,1.89,1,1,0.933,77.4,0.1,6,upgrade
0.823,70.1,90.7,2.86,3,5,0.961,80.2,-0.049,2,maintain
0.891,81.2,103.3,2.41,3,8,0.915,86.1,0.24,1,maintain
0.456,52.8,115.0,3.1,10,2,0.451,34.9,0.049,3,downgrade
0.714,61.7,125.3,3.12,4,6,0.688,49.6,-0.02,7,maintain
0.901,83.0,78.8,2.76,3,6,0.869,89.1,0.083,3,upgrade
0.701,79.7,59.5,2.16,2,2,0.691,79.9,0.185,8,maintain
0.188,44.3,96.4,2.63,10,4,0.365,48.8,-0.115,4,downgrade
0.83,85.5,53.0,1.78,3,3,0.902,85.4,0.01,10,upgrade
0.793,78.6,56.7,2.4,2,5,0.628,71.6,-0.004,1,maintain
0.551,78.2,95.9,2.14,8,2,0.84,61.6,-0.138,2,maintain
0.269,33.2,158.2,3.3,10,8,0.422,40.5,0.05,5,downgrade
0.797,53.7,130.7,3.27,4,8,0.819,78.0,-0.104,1,maintain
0.374,37.1,120.7,3.33,7,7,0.331,45.9,-0.1,3,downgrade
0.783,62.5,87.9,2.51,3,5,0.663,79.9,0.033,10,maintain
0.891,75.3,67.6,2.05,1,3,0.867,86.8,-0.009,1,maintain
0.92,85.3,74.2,2.57,1,5,0.656,70.5,-0.031,1,maintain
0.946,85.8,73.4,1.97,0,5,0.973,82.3,0.025,4,upgrade
0.863,93.2,42.4,1.33,1,1,0.947,69.9,0.08,3,upgrade
0.939,74.5,62.9,1.92,0,1,0.924,91.4,-0.09,7,upgrade
0.649,84.9,91.1,2.17,6,3,0.507,64.6,-0.035,2,maintain
0.282,9.5,176.5,4.16,14,8,0.243,7.4,-0.279,1,downgrade
0.838,100,47.2,1.93,1,5,0.872,94.2,0.207,4,upgrade
0.199,23.7,150.2,3.46,11,3,0.264,35.9,-0.131,6,downgrade
0.726,67.5,77.2,2.26,2,6,0.84,73.5,-0.006,8,maintain
0.5,70.1,112.7,2.36,6,6,0.726,79.9,0.112,2,maintain
0.92,92.2,74.3,1.69,0,5,0.94,93.9,0.037,5,upgrade
0.319,52.9,118.6,3.12,11,8,0.321,73.0,-0.011,2,downgrade
0.816,74.6,78.4,2.34,2,4,0.918,85.7,-0.121,4,maintain
0.645,70.6,128.0,2.86,5,8,0.792,49.6,0.015,5,maintain
0.916,87.8,61.7,2.12,1,7,0.959,84.2,0.005,9,upgrade
0.267,40.1,88.4,2.82,13,2,0.311,42.4,0.053,4,downgrade
0.926,90.9,56.2,1.55,0,4,0.828,87.4,0.176,10,upgrade
0.481,13.8,153.3,4.07,8,6,0.319,29.2,0.1,2,downgrade
0.883,80.7,81.8,1.91,0,5,0.926,88.3,-0.384,3,maintain
0.117,55.7,122.9,2.34,18,3,0.103,64.8,-0.23,6,downgrade
0.885,81.6,62.3,1.72,3,4,0.888,87.5,-0.139,4,maintain
0.803,82.4,61.4,2.21,1,4,0.904,88.3,0.103,6,upgrade
0.933,63.0,71.0,2.81,2,5,0.925,84.6,0.127,2,maintain
0.812,62.3,94.3,2.71,3,7,0.65,66.5,0.145,9,maintain
0.942,84.9,38.0,1.98,0,1,0.82,82.3,-0.012,10,upgrade
0.965,76.1,57.0,1.84,0,3,0.979,82.1,-0.09,9,upgrade
0.877,76.8,64.6,1.94,3,1,0.816,86.7,0.07,10,upgrade
0.769,45,87.0,2.87,7,3,0.84,70.8,-0.152,7,maintain
0.834,93.6,82.8,1.77,6,5,0.949,92.2,0.082,6,upgrade
0.601,69.2,96.8,2.28,9,1,0.668,66.9,-0.138,5,maintain
0.927,90.2,59.0,1.82,0,2,0.899,86.2,-0.004,4,upgrade
0.513,56.6,137.0,3.07,7,8,0.734,68.3,0.108,5,maintain
0.314,13.9,129.6,4.09,8,4,0.301,38.7,-0.049,5,downgrade
0.403,22.7,157.2,3.97,12,8,0.383,27.6,0.015,6,downgrade
0.901,85.5,85.1,2.43,2,4,0.87,94.2,0.203,5,upgrade
0.863,100,47.5,1.62,1,5,0.96,72.3,0.106,10,upgrade
0.487,65.3,110.3,2.46,13,5,0.548,78,-0.085,7,downgrade
0.549,30.9,115.3,3.74,15,3,0.526,30.8,0.035,2,downgrade
0.978,100,35.8,1.06,0,1,0.859,80.9,0.243,3,upgrade
0.904,86.3,42.2,1.72,0,2,0.858,87.8,0.258,1,maintain
0.41,49.8,112.7,3.04,12,3,0.432,47.7,0.008,3,downgrade
0.705,75.2,60.2,2.39,4,3,0.553,59.6,0.094,7,maintain
0.827,87.8,71.0,1.99,5,3,0.859,85.3,0.103,10,upgrade
0.79,72.2,48.8,1.94,2,2,0.91,89.9,-0.352,7,maintain
0.92,83.5,61.0,1.74,0,3,0.879,92.4,0.039,7,upgrade
0.22,54.2,108.2,3.0,9,6,0.25,44.3,-0.181,6,downgrade
0.399,19.8,106.9,3.65,8,5,0.35,26.6,-0.204,3,downgrade
0.679,62.0,86.2,2.07,7,2,0.784,75.1,-0.096,9,maintain
0.697,37.4,67.9,2.89,0,3,0.85,47.4,-0.112,6,downgrade
0.958,81.4,60.0,2.18,0,2,0.865,95.5,0.14,10,upgrade
0.915,89.1,43.6,1.46,0,2,0.934,86.2,-0.007,4,upgrade
0.843,79.2,85.2,2.17,2,6,0.928,92.7,-0.011,8,upgrade
0.674,49.6,103.5,2.66,8,3,0.794,64.9,0.093,2,maintain
0.155,70,146.3,2.5,16,4,0.152,78,-0.108,3,downgrade
0.923,79.5,51.3,2.13,3,3,0.943,85.5,0.017,6,upgrade
0.799,60.4,100.6,3.08,3,7,0.719,61.8,0.175,10,maintain
0.675,46.8,82.9,2.65,4,1,0.604,45.3,0.084,2,maintain
0.283,52.3,102.0,2.84,19,6,0.145,45.8,-0.235,7,downgrade
0.685,61.6,110.8,3.0,3,8,0.648,53.0,0.152,10,maintain
0.279,32.5,87.1,3.73,9,5,0.29,40.4,-0.008,5,downgrade
0.478,38.1,77.9,3.05,5,3,0.606,35.2,0.153,8,downgrade
0.855,92.6,59.9,1.67,6,5,0.853,86.5,0.088,6,upgrade
0.585,11.9,120.5,3.93,9,5,0.812,27.2,-0.057,1,downgrade
0.771,69.6,69.5,2.54,6,3,0.608,51.9,-0.027,9,maintain
0.856,88.8,58.4,2.2,3,4,0.881,80.7,-0.048,3,upgrade
0.212,32.0,96.3,3.23,9,6,0.288,26.6,-0.057,3,downgrade
0.924,94.9,37.2,1.5,1,2,0.903,80.2,0.187,4,upgrade
0.375,40.4,119.8,2.87,13,5,0.532,56.8,-0.147,4,downgrade
0.4,29.6,116.4,3.25,7,5,0.764,49.8,-0.302,1,downgrade
0.757,76.1,80.5,2.13,5,3,0.936,89.1,0.169,10,upgrade
0.213,29.6,180,3.46,19,4,0.071,47.6,-0.069,6,downgrade
0.669,60.7,106.4,2.69,7,5,0.629,69.0,0.242,1,maintain
0.321,32.5,138.7,3.45,6,2,0.456,38.2,-0.406,6,downgrade
0.953,84.9,80.6,1.98,0,4,0.899,91.8,0.08,9,upgrade
0.51,14.9,132.4,3.85,7,2,0.589,19.6,-0.106,7,downgrade
0.862,77.8,84.2,2.54,3,5,0.655,62.1,-0.067,3,maintain
0.275,49.3,126.3,3.5,17,8,0.357,47.8,-0.295,2,downgrade
0.688,50.9,76.5,2.71,5,2,0.644,53.4,-0.031,8,maintain
0.869,73.1,119.1,2.68,3,6,0.914,86.7,-0.023,5,upgrade
0.784,84.1,73.1,1.88,6,2,0.76,71.1,0.169,7,maintain
0.923,68.3,69.5,2.81,0,5,0.956,79.1,-0.213,4,maintain
0.57,50.2,134.0,2.99,9,7,0.656,60.1,-0.007,10,maintain
0.246,30.6,113.7,3.54,18,4,0.39,12.1,-0.021,3,downgrade
0.341,24.3,104.1,4.12,12,7,0.537,6.8,0.25,3,downgrade
0.911,80.1,94.1,2.22,3,7,0.853,89.6,0.058,2,maintain
0.885,71.2,81.8,2.29,2,3,0.506,79.9,0.171,7,maintain
0.597,61.3,82.6,2.11,9,5,0.839,61.2,0.22,1,maintain
0.892,71.7,64.1,2.34,0,3,0.939,80.7,-0.09,9,upgrade
0.91,57.8,46.2,2.25,1,1,0.744,60.6,0.237,4,maintain
0.649,75.5,84.2,2.25,2,1,0.731,61.1,-0.156,1,maintain
0.954,89.3,40.6,1.5,2,3,0.797,92.1,0.149,7,upgrade
0.935,82.0,59.3,1.69,1,4,0.82,94.9,-0.014,3,upgrade
0.73,53.2,85.6,3.0,4,7,0.656,66.7,-0.116,7,maintain
0.919,95.6,69.9,1.91,1,5,0.824,92.5,0.145,7,upgrade
0.936,81.6,82.7,2.2,3,6,0.866,87.5,0.139,9,upgrade
0.799,83.6,78.0,1.91,4,5,0.793,88.0,0.103,9,upgrade
0.746,64.8,74.2,2.09,3,3,0.946,80.1,0.018,2,maintain
0.892,65.8,71.9,2.39,1,3,0.907,92.3,0.077,5,upgrade
0.866,77.0,92.0,2.32,1,6,0.907,88.9,0.181,8,upgrade
0.404,19.1,124.0,3.53,9,2,0.379,21.0,-0.164,3,downgrade
0.409,47.0,112.1,3.5,17,6,0.386,62.5,-0.106,8,downgrade
0.782,91.3,84.4,2.04,4,7,0.856,69.0,0.074,8,upgrade
0.855,67.0,94.6,2.95,0,6,0.876,84.8,0.095,2,maintain
0.421,36.0,108.2,3.63,8,6,0.576,15.7,-0.027,4,downgrade
0.272,38.6,160.4,3.3,16,7,0.381,32.5,-0.132,8,downgrade
0.885,98.7,60.7,2.09,4,6,0.98,79.6,0.036,6,upgrade
0.331,44.0,134.5,3.01,10,6,0.412,41.4,0.018,3,downgrade
0.336,45.0,145.5,3.25,6,8,0.225,40.4,0.008,8,downgrade
0.899,82.5,102.4,2.43,3,5,0.96,91.9,0.107,5,upgrade
0.948,91.4,62.5,1.88,2,7,0.872,100,0.106,4,upgrade
0.931,86.0,83.6,2.04,3,6,0.911,91.4,0.272,10,upgrade
0.595,59.5,106.9,2.57,4,3,0.646,58.8,0.127,3,maintain
0.406,33.4,165.3,3.45,13,7,0.278,28.5,0.159,7,downgrade
0.574,51.3,94.8,3.07,9,8,0.757,74.7,0.075,7,maintain
0.968,80.8,75.6,2.03,2,3,0.951,86.3,0.255,9,upgrade
0.288,35.2,86.8,3.11,13,4,0.284,38.6,-0.163,8,downgrade
0.475,18.2,97.2,3.57,5,2,0.353,23.5,-0.077,4,downgrade
0.92,61.2,101.1,2.91,0,8,0.719,79.9,-0.287,7,maintain
0.79,71.2,105.7,2.59,4,8,0.864,89.1,0.043,2,maintain
0.919,64.2,55.9,2.1,0,1,0.84,75.8,0.216,5,maintain
0.989,96.7,95.4,2.12,3,7,0.872,89.9,0.113,6,upgrade
0.702,63.3,91.2,2.52,7,5,0.814,77.1,0.141,5,maintain
0.903,81.8,59.2,2.09,3,3,0.934,70.9,0.097,6,upgrade
0.803,71.6,79.0,2.24,1,5,0.962,81.7,0.285,1,maintain
0.888,93.0,29.0,1.3,1,1,0.896,82.1,-0.024,5,upgrade
1.0,96.5,41.4,1.63,0,2,0.887,91.4,-0.05,9,upgrade
0.819,64.6,116.4,2.58,3,7,0.956,82.6,-0.044,2,maintain
0.287,39.8,112.2,3.01,12,7,0.345,60.4,-0.296,3,downgrade
0.762,45,113.1,3.61,5,8,0.59,59.9,0.293,10,maintain
0.546,45,104.7,3.17,8,5,0.724,46.7,0.006,9,maintain
0.806,55.7,121.5,2.97,3,8,0.732,45,0.148,1,maintain
0.167,23.0,129.3,3.6,8,2,0.165,21.2,0.135,1,downgrade
0.812,85.1,52.5,1.58,4,3,0.879,93.9,0.14,8,upgrade
0.893,73.1,64.2,2.44,3,2,0.919,80.4,0.229,1,maintain
0.845,76.1,106.2,2.57,3,8,0.783,66.3,0.085,1,maintain
0.258,37.8,139.6,3.33,11,8,0.071,62.2,-0.05,7,downgrade
0.58,12.4,153.4,3.97,3,7,0.578,5,0.158,6,downgrade
0.426,55.7,95.8,3.01,10,8,0.35,57.7,-0.277,5,downgrade
0.941,90.8,63.4,1.92,1,4,0.858,95.0,0.118,10,upgrade
0.409,31.5,146.2,3.77,9,2,0.468,41.0,-0.019,6,downgrade
0.44,29.3,135.2,3.69,7,4,0.342,11.2,0.003,8,downgrade
0.83,77.9,58.5,2.21,3,5,0.871,93.0,0.183,9,upgrade
0.301,41.4,131.3,3.4,10,8,0.241,50.0,-0.111,6,downgrade
0.982,85.6,61.9,2.1,0,7,0.979,95.6,0.06,3,upgrade
0.897,87.6,71.9,1.83,0,7,0.924,90.1,0.061,3,upgrade
0.305,38.4,119.3,2.85,8,6,0.392,41.5,-0.291,3,downgrade
0.895,72.0,63.5,2.61,0,6,0.883,92.8,0.086,3,upgrade
0.656,63.3,80.3,2.3,5,1,0.724,56.8,-0.15,1,maintain
0.879,89.6,50.9,1.62,0,3,0.897,89.6,-0.004,5,upgrade
0.957,76.1,111.4,2.63,0,6,0.861,93.1,0.092,4,upgrade
0.835,72.7,92.5,2.22,3,7,0.932,88.9,0.03,5,upgrade
0.919,72.6,76.7,2.17,0,5,0.905,90.6,0.195,6,upgrade
0.896,77.3,72.5,2.64,0,2,0.941,87.6,-0.039,8,upgrade
0.239,49.9,137.2,3.16,14,7,0.44,44.0,-0.03,6,downgrade
0.176,12.3,180,4.18,16,8,0.184,20.7,-0.119,2,downgrade
0.905,92.6,71.6,1.84,1,5,0.976,87.5,0.114,3,upgrade
0.775,66.0,80.2,2.59,4,4,0.699,76.6,0.231,1,maintain
0.852,76.0,69.1,2.08,3,2,0.861,81.9,-0.017,2,maintain
0.505,60.0,95.0,2.53,11,4,0.84,68.4,-0.306,2,maintain
0.926,95.0,43.8,1.34,1,2,0.852,95.6,0.052,8,upgrade
0.777,87.1,58.1,1.86,3,3,0.943,91.4,-0.069,4,upgrade
0.691,52.2,109.2,2.91,8,6,0.644,59.8,0.089,9,maintain
0.835,82.5,52.9,1.77,1,4,0.94,90.4,0.015,9,upgrade
0.739,66.9,75.5,2.55,5,4,0.766,79.9,0.006,7,maintain
0.885,71.7,111.7,2.71,5,7,0.916,90.3,0.148,3,upgrade
0.445,12.4,174.8,4.25,12,7,0.346,18.3,0.133,7,downgrade
0.516,67.6,110.1,2.76,8,7,0.56,58.5,0.075,5,maintain
0.383,40.9,100.5,2.89,13,2,0.316,38.5,-0.148,7,downgrade
0.384,49.8,124.3,3.13,9,8,0.547,17.1,-0.065,7,downgrade
0.168,19.0,101.7,3.22,16,3,0.271,22.9,-0.128,5,downgrade
0.91,73.2,54.7,2.36,0,6,0.963,71.9,0.299,9,upgrade
0.921,91.0,29.8,1.44,0,1,0.93,93.8,0.024,9,upgrade
0.344,21.3,163.4,3.68,11,5,0.533,7.6,-0.249,7,downgrade
0.267,30.8,148.2,3.11,15,5,0.26,29.1,-0.114,2,downgrade
0.869,64.9,93.7,2.22,1,4,0.677,61.0,0.08,1,maintain
0.153,35.8,91.9,3.18,8,3,0.12,43.2,-0.088,6,downgrade
0.899,95.3,87.7,2.01,3,7,0.957,92.8,0.096,9,upgrade
0.926,90.4,55.6,1.94,2,2,0.87,89.5,-0.09,9,upgrade
0.612,85.7,83.8,2.01,8,1,0.622,59.7,0.024,8,maintain
0.713,60.9,101.8,2.67,5,4,0.587,52.6,0.075,7,maintain
0.711,46.0,101.7,3.38,3,4,0.531,64.4,0.103,2,maintain
0.925,80.1,64.6,2.15,2,7,0.892,81.4,-0.005,3,upgrade
0.87,73.4,73.6,2.61,1,6,0.826,83.2,-0.053,5,upgrade
0.868,81.7,46.7,1.72,1,4,0.911,97.5,0.009,5,upgrade
0.451,13.3,105.8,3.97,9,7,0.416,11.8,0.031,1,downgrade
0.5,51.7,102.6,2.95,6,6,0.728,45,-0.093,7,maintain
0.896,89.1,67.7,1.81,4,2,0.815,91.3,0.096,9,upgrade
0.405,59.7,101.9,2.72,10,3,0.322,78,-0.298,8,downgrade
0.937,82.3,72.8,2.08,4,2,0.904,84.6,0.085,9,upgrade
0.956,83.7,75.7,2.04,0,5,0.909,90.7,-0.09,7,upgrade
0.83,70.0,52.6,1.96,3,2,0.912,90.4,0.191,2,maintain
0.874,93.9,85.9,1.88,3,6,0.943,86.1,0.065,5,upgrade
0.924,85.5,107.4,2.4,3,8,0.867,88.1,-0.01,6,maintain
0.824,60.7,91.3,2.55,3,4,0.496,68.8,-0.082,7,maintain
0.907,78.2,79.5,3.2,0,8,0.942,87.7,-0.064,2,maintain
0.891,90.7,65.7,2.24,0,8,0.931,83.8,-0.015,4,maintain
0.954,92.3,38.1,1.04,0,1,0.887,94.3,-0.09,4,upgrade
0.85,85.1,54.1,2.21,0,4,0.942,89.0,-0.427,9,maintain
0.388,42.3,99.1,3.01,14,7,0.573,40.1,-0.321,7,downgrade
0.518,70.3,81.3,2.25,1,2,0.633,69.0,-0.069,10,maintain
0.817,86.2,76.3,2.1,3,7,0.85,79.9,-0.18,3,maintain
0.362,48.0,139.6,3.28,11,7,0.387,46.7,0.094,6,downgrade
0.919,84.8,75.9,2.29,2,6,0.959,100,0.147,4,upgrade
0.918,89.2,52.0,1.82,4,1,0.92,83.2,-0.002,4,upgrade
0.875,100,36.2,1.64,2,1,0.876,96.2,0.08,10,upgrade
0.911,83.3,60.5,2.09,3,4,0.827,87.7,-0.033,3,upgrade
0.898,90.9,33.8,1.39,1,1,0.964,84.3,-0.09,5,upgrade
0.486,18.5,136.3,3.89,11,6,0.589,22.0,-0.261,5,downgrade
0.911,82.8,86.9,2.15,2,6,0.899,79.2,0.222,2,maintain
0.972,90.0,91.4,2.14,1,6,0.959,90.0,0.101,3,upgrade
0.431,20.8,124.6,3.16,11,2,0.533,28.4,-0.188,3,downgrade
0.168,37.7,122.5,3.07,9,7,0.183,33.5,0.034,8,downgrade
0.65,88,91.2,1.95,4,5,0.783,79.9,0.002,7,maintain
0.31,34.7,135.5,3.06,7,3,0.328,67.3,-0.138,6,downgrade
0.782,76.3,94.4,2.45,5,5,0.962,87.3,-0.078,2,maintain
0.27,32.7,180,4.02,9,7,0.236,40.7,0.019,7,downgrade
0.762,93.6,53.7,1.68,4,1,0.93,88.5,0.075,9,upgrade
0.184,38.9,154.0,3.61,13,7,0.05,39.9,0.017,4,downgrade
0.31,32.5,139.2,3.29,16,4,0.397,39.2,0.047,7,downgrade
0.353,69.9,90.2,2.03,16,2,0.488,78,-0.247,1,downgrade
0.924,73.5,100.2,2.74,1,6,0.846,82.0,0.221,7,upgrade
0.927,90.7,35.2,1.33,0,3,0.95,85.7,0.072,5,upgrade
0.937,78.8,68.7,1.91,0,1,0.931,78.5,0.134,2,maintain
0.416,49.0,103.8,3.36,10,5,0.411,65.2,-0.5,6,downgrade
0.853,100,70.1,1.74,4,3,0.91,87.4,-0.027,6,upgrade
0.783,53.2,117.6,3.03,2,7,0.62,76.7,0.019,7,maintain
0.274,36.2,125.0,3.04,13,2,0.253,33.4,-0.128,6,downgrade
0.63,73.1,97.0,2.63,8,8,0.642,55.7,0.15,1,maintain
0.81,88.7,60.1,2.14,3,4,0.91,95.4,-0.018,6,upgrade
0.473,34.4,123.7,3.36,8,3,0.602,41.9,-0.231,5,downgrade
0.227,18.6,175.0,4.02,20,8,0.308,20.6,0.073,2,downgrade
0.894,80.6,70.0,1.61,4,2,0.994,89.3,-0.019,4,upgrade
0.96,87.9,66.2,1.8,0,2,0.906,92.7,0.108,9,upgrade
0.417,41.1,90.9,3.21,6,3,0.218,54.5,-0.066,5,downgrade
0.245,37.1,133.3,2.75,19,2,0.279,32.2,-0.152,2,downgrade
0.836,91.8,70.3,1.58,4,4,0.817,95.2,0.151,4,upgrade
0.792,55.1,101.6,2.27,5,2,0.686,55.2,-0.071,6,maintain
0.46,31.6,127.2,3.58,11,3,0.386,27.2,-0.168,4,downgrade
0.98,86.1,61.0,1.49,1,3,0.901,83.8,0.178,4,upgrade
0.517,49.4,138.4,3.23,13,6,0.739,57.8,0.173,9,maintain
0.298,43.4,145.6,3.01,17,7,0.509,75.5,-0.308,6,downgrade
0.799,69.0,74.5,2.16,6,2,0.916,91.2,-0.053,1,maintain
0.605,71.8,99.7,2.17,9,2,0.84,61.0,0.049,10,maintain
0.902,85.0,91.7,2.32,1,4,0.831,92.6,0.167,3,upgrade
0.883,70.3,91.7,2.26,0,5,0.63,70.2,0.097,6,maintain
0.178,30.2,135.1,3.86,18,6,0.128,58.0,-0.307,1,downgrade
0.514,72.5,110.2,2.29,7,7,0.693,74.0,0.016,10,maintain
1.0,94.8,42.5,1.48,0,7,0.939,90.8,0.019,3,upgrade
0.881,82.4,49.9,1.91,2,4,0.955,96.0,0.245,6,upgrade
0.724,63.4,91.2,2.54,7,2,0.651,78.4,0.061,6,maintain
0.863,94.3,47.2,1.5,1,5,0.951,86.6,-0.063,3,upgrade
0.984,94.1,72.7,2.3,0,6,0.892,94.5,-0.018,4,upgrade
0.932,89.2,52.6,2.17,0,5,0.819,91.7,0.057,5,upgrade
0.684,64.6,77.0,2.2,7,1,0.626,76.5,0.002,3,maintain
0.92,83.6,62.9,1.96,2,6,0.972,81.3,0.091,8,upgrade
0.918,90.0,51.4,2.05,0,7,0.873,81.6,0.173,6,upgrade
0.417,17.0,126.4,4.06,11,6,0.678,5,0.119,6,downgrade
0.683,45,159.6,3.58,10,8,0.804,72.2,0.102,5,maintain
0.903,85.8,69.0,1.97,3,1,0.866,88.5,-0.38,6,maintain
0.97,87.7,47.2,2.06,0,6,0.955,82.6,0.058,6,upgrade
0.994,76.8,76.1,2.11,1,6,0.957,96.3,0.065,8,upgrade
0.195,38.7,110.3,3.32,17,4,0.05,54.4,-0.16,5,downgrade
0.5,88,94.0,1.89,10,4,0.45,69.2,-0.044,2,maintain
0.793,78.8,78.0,2.23,6,7,0.959,81.2,0.148,4,upgrade
0.898,94.9,59.3,1.75,3,5,0.921,84.3,0.002,10,upgrade
0.527,67.4,114.6,2.49,9,6,0.631,45,0.132,9,maintain
0.118,13.3,180,4.33,20,5,0.097,5.4,-0.272,3,downgrade
0.878,75.6,51.6,2.4,2,3,0.781,94.8,0.038,3,upgrade
0.5,53.7,98.1,2.72,11,2,0.662,68.7,-0.007,3,maintain
0.351,36.4,161.7,3.13,12,5,0.392,42.9,-0.339,3,downgrade
0.911,88.0,80.4,2.17,1,5,0.969,87.3,0.132,9,upgrade
0.726,48.7,136.7,3.55,0,7,0.762,67.2,-0.081,6,maintain
0.247,33.8,102.7,3.05,6,5,0.05,48.3,-0.246,5,downgrade
0.217,21.4,141.3,3.52,7,8,0.27,38.0,-0.11,7,downgrade
0.342,26.9,166.9,3.69,14,6,0.24,39.2,-0.302,6,downgrade
0.318,10.9,154.3,4.17,15,3,0.314,19.0,-0.023,7,downgrade
0.511,51.1,108.7,2.7,11,5,0.555,79.6,-0.218,5,maintain
0.424,19.5,148.9,3.88,7,3,0.46,30.7,-0.08,5,downgrade
0.776,69.7,96.8,2.39,2,8,0.913,87.4,-0.012,2,maintain
0.805,89.6,79.7,2.1,3,6,0.934,79.9,0.004,9,upgrade
0.859,95.9,35.0,1.3,1,2,0.918,81.5,0.209,4,upgrade
0.708,59.7,64.8,2.01,7,1,0.706,72.4,-0.096,1,maintain
0.701,67.4,114.3,2.58,6,6,0.547,55.1,-0.113,4,maintain
0.945,62.1,104.9,2.74,3,6,0.951,90.9,-0.311,7,maintain
0.805,96.5,56.8,1.37,3,1,0.821,88.3,0.06,6,upgrade
0.566,25.1,135.1,3.74,5,2,0.66,14.9,-0.261,6,downgrade
0.268,36.7,118.2,2.96,16,2,0.327,39.7,-0.077,3,downgrade
0.909,45,107.9,3.06,2,5,0.658,75.1,0.047,8,maintain
0.83,79.7,104.5,2.46,4,5,0.863,90.2,-0.271,5,maintain
0.541,63.7,96.1,2.86,3,8,0.709,55.1,-0.175,9,maintain
0.397,21.2,160.7,3.86,13,5,0.521,20.7,-0.016,5,downgrade
0.211,44.6,178.4,3.37,17,3,0.279,42.0,-0.131,4,downgrade
0.418,8.7,142.2,3.92,8,3,0.317,5,-0.271,5,downgrade
0.724,49.7,120.2,2.97,0,8,0.84,65.5,-0.084,1,maintain
0.272,13.5,111.1,3.28,17,3,0.41,29.7,-0.076,3,downgrade
0.801,45,109.3,2.69,3,4,0.703,78.6,0.141,2,maintain
0.92,61.6,89.4,2.52,1,2,0.815,72.8,-0.051,8,maintain
0.4,43.0,107.6,2.95,9,3,0.491,47.4,-0.208,3,downgrade
0.453,32.3,116.5,3.44,4,8,0.408,22.0,-0.151,5,downgrade
0.747,57.9,88.2,2.6,7,5,0.677,57.2,0.028,6,maintain
0.771,76.3,108.1,2.67,7,6,0.917,91.3,-0.125,4,maintain
0.857,78.1,67.9,1.86,0,6,0.83,93.9,-0.062,5,upgrade
0.817,90.4,63.1,1.92,2,3,0.946,84.9,0.036,4,upgrade
0.45,32.3,136.1,3.7,9,4,0.492,43.2,-0.139,4,downgrade
0.766,72.3,56.7,2.34,4,3,0.934,80.8,0.24,2,maintain
0.864,69.0,78.5,2.3,3,7,0.81,90.8,-0.047,10,upgrade
0.596,55.6,124.8,3.15,7,5,0.641,68.3,0.013,10,maintain
1.0,86.4,70.0,2.08,2,6,0.857,84.2,-0.023,4,upgrade
0.86,82.9,70.9,1.98,2,4,0.919,82.7,-0.157,9,maintain
0.839,73.8,92.4,2.13,5,4,0.913,78.9,0.018,3,upgrade
0.776,45,147.9,3.49,6,8,0.659,56.3,-0.1,4,maintain
0.7,84.1,47.6,1.84,2,3,0.84,71.5,0.089,4,maintain
0.73,71.9,90.6,2.31,7,8,0.733,61.5,0.176,9,maintain
0.949,92.1,58.8,2.0,4,2,0.915,88.2,0.062,7,upgrade
0.823,82.8,108.4,2.43,5,6,0.884,76.5,0.172,7,upgrade
0.594,81.3,98.3,2.28,7,8,0.668,74.7,-0.211,7,maintain
0.921,93.7,48.2,1.93,1,3,0.913,81.0,0.108,6,upgrade
0.524,49.7,96.9,2.76,6,5,0.45,79.4,-0.136,9,maintain
0.905,91.3,46.5,1.35,0,1,0.925,86.7,0.07,6,upgrade
0.929,76.0,106.3,2.82,4,7,0.944,77.6,0.162,9,upgrade
0.623,47.0,106.7,2.77,6,5,0.72,77.5,0.12,4,maintain
0.827,63.9,92.9,2.46,4,2,0.595,67.2,0.286,3,maintain
0.794,77.2,63.0,2.45,0,3,0.952,85.4,0.082,10,upgrade
0.489,24.4,125.1,3.73,9,3,0.598,26.8,-0.208,8,downgrade
0.259,31.0,162.1,3.63,15,6,0.19,23.8,-0.086,8,downgrade
0.71,60.7,108.7,2.78,2,6,0.778,72.2,0.224,8,maintain
0.705,59.7,82.0,2.65,6,7,0.558,45,0.008,10,maintain
0.163,29.4,140.2,3.46,11,3,0.146,18.1,0.07,5,downgrade
0.981,76.1,53.0,2.11,0,2,0.926,92.5,-0.028,10,upgrade
0.942,74.6,66.8,2.13,0,2,0.918,82.5,0.25,7,upgrade
0.231,33.1,87.6,3.57,9,5,0.125,20.0,-0.24,6,downgrade
0.593,53.3,101.4,2.7,4,3,0.743,59.3,-0.097,4,maintain
0.442,26.9,138.8,3.39,10,5,0.523,45.8,0.033,3,downgrade
0.833,77.7,55.0,1.93,4,2,0.96,87.8,0.174,3,upgrade
0.843,87.9,79.4,2.0,3,5,0.876,87.8,0.231,2,maintain
0.178,32.0,114.8,3.71,11,6,0.085,44.8,-0.212,6,downgrade
0.942,73.8,64.8,1.87,0,1,0.855,92.3,-0.39,10,maintain
0.349,41.9,144.6,3.44,16,6,0.293,41.3,-0.414,5,downgrade
0.917,72.9,87.5,2.83,4,7,0.894,83.7,0.005,3,upgrade
0.208,45.5,113.8,3.2,11,6,0.298,48.5,-0.197,8,downgrade
0.916,80.8,78.0,2.41,0,4,0.967,81.2,0.116,4,upgrade
0.667,63.9,64.1,2.23,4,5,0.66,62.8,0.098,9,maintain
0.328,35.9,136.4,3.67,5,4,0.345,38.9,-0.14,8,downgrade
0.557,59.6,108.5,3.0,13,5,0.716,71.7,0.049,2,maintain
0.643,67.0,99.7,2.64,6,7,0.669,55.9,-0.125,9,maintain
0.472,70,101.1,2.5,12,3,0.407,68.7,-0.224,1,downgrade
0.374,22.7,110.7,3.12,10,1,0.853,88.2,0.032,2,maintain
0.788,67.7,101.9,2.5,3,5,0.929,89.5,-0.333,6,maintain
0.696,73.6,104.8,2.96,7,8,0.784,79.9,-0.192,7,maintain
0.754,64.2,74.7,2.8,4,5,0.869,84.2,-0.032,1,maintain
0.25,44.1,145.5,3.41,11,6,0.314,32.7,-0.321,5,downgrade
0.908,83.9,71.2,1.77,3,6,0.937,95.8,0.009,10,upgrade
0.899,84.6,83.3,1.91,4,4,0.918,95.1,-0.063,8,upgrade
0.166,32.9,171.7,3.74,9,5,0.05,20.4,-0.232,7,downgrade
0.187,31.2,151.3,3.85,11,2,0.05,60.3,-0.106,4,downgrade
0.836,84.7,79.7,2.74,2,7,0.87,92.4,0.227,6,upgrade
0.943,86.6,61.9,1.95,0,3,0.968,84.2,0.15,10,upgrade
0.386,34.5,146.0,3.5,7,4,0.239,48.2,-0.07,5,downgrade
0.538,69.2,80.2,2.4,8,3,0.835,68.3,0.315,5,maintain
0.347,11.3,119.3,4.49,6,8,0.415,30.8,-0.141,5,downgrade
0.933,86.2,50.0,1.76,0,2,0.852,96.6,0.208,5,upgrade
0.173,50.1,145.0,3.35,13,6,0.228,66.9,-0.276,1,downgrade
0.901,83.6,64.8,1.9,4,4,0.878,86.4,0.134,9,upgrade
0.278,10.7,128.0,4.28,15,6,0.174,23.4,-0.15,8,downgrade
0.928,79.0,77.9,2.58,3,7,0.938,82.9,0.028,6,upgrade
0.378,33.5,90.8,3.16,6,3,0.451,42.5,-0.205,4,downgrade
0.904,77.7,75.8,2.33,4,6,0.86,87.3,0.077,5,upgrade
0.965,72.6,100.4,2.35,0,7,0.935,94.3,0.196,7,upgrade
0.92,58.1,67.1,2.34,0,1,0.743,72.3,-0.01,3,maintain
0.766,76.3,94.3,2.12,4,7,0.956,85.4,0.108,1,maintain
0.943,79.3,79.4,2.14,0,4,0.948,82.4,0.116,9,upgrade
0.216,46.0,118.6,2.86,9,5,0.268,41.4,-0.256,5,downgrade
0.94,84.9,44.5,1.67,0,3,0.88,96.0,-0.068,9,upgrade
0.273,18.7,179.9,4.15,11,8,0.316,16.2,-0.137,4,downgrade
0.924,85.0,63.1,2.29,3,4,0.944,85.7,0.049,8,upgrade
0.925,77.8,42.3,2.11,0,2,0.945,87.4,-0.063,7,upgrade
0.826,80.1,108.1,2.55,1,6,0.94,89.1,0.21,3,upgrade
0.25,35.8,180,3.66,18,4,0.262,31.3,-0.03,6,downgrade
0.576,62.1,113.0,2.82,10,5,0.554,77.8,0.073,3,maintain
0.37,55.5,141.4,2.91,5,8,0.526,77.4,-0.018,1,downgrade
0.466,30.6,134.9,3.49,5,3,0.431,54.7,-0.181,4,downgrade
0.934,90.3,56.5,2.01,0,4,0.844,89.3,0.219,3,upgrade
0.326,36.2,131.6,2.81,12,5,0.417,54.9,0.19,2,downgrade
0.87,64.9,95.9,2.24,5,1,0.875,85.2,0.179,1,maintain
0.271,40.4,142.7,3.71,17,8,0.201,37.8,-0.126,5,downgrade
0.78,57.1,86.1,2.78,5,6,0.462,52.1,-0.059,10,maintain
0.921,77.3,60.9,2.17,0,4,0.904,92.6,0.253,2,maintain
0.17,63.0,160.5,3.05,14,8,0.156,53.7,-0.175,4,downgrade
0.911,86.9,52.7,1.76,3,6,0.835,90.6,0.16,9,upgrade
0.5,45,129.6,2.57,12,2,0.644,62.2,-0.006,5,maintain
0.967,75.1,59.5,1.93,0,5,0.868,80.3,-0.009,4,upgrade
0.368,56.6,114.8,2.7,12,5,0.451,47.9,-0.02,3,downgrade
0.223,32.1,137.9,3.77,9,8,0.1,50.2,-0.166,3,downgrade
0.903,87.7,24.9,0.98,0,2,0.79,84.3,0.138,7,upgrade
0.578,55.6,103.7,2.32,9,1,0.793,71.8,-0.143,1,maintain
0.5,63.7,108.3,2.22,8,2,0.562,59.4,0.058,9,maintain
0.422,19.5,93.7,3.4,9,2,0.646,9.7,-0.076,3,downgrade
0.444,21.8,128.5,3.66,4,5,0.453,38.0,-0.009,1,downgrade
0.647,45,121.5,3.07,4,6,0.479,64.5,-0.115,4,maintain
0.605,60.1,73.0,1.95,9,2,0.738,73.5,-0.273,2,maintain
0.611,83.0,109.2,2.18,10,8,0.769,62.0,-0.005,6,maintain
0.43,44.4,91.2,2.73,7,7,0.375,64.6,0.169,6,downgrade
0.206,41.0,177.6,3.48,15,8,0.166,36.7,-0.411,4,downgrade
0.927,76.7,63.8,2.11,0,5,0.908,81.1,0.207,9,upgrade
0.776,57.9,70.1,2.85,4,1,0.647,45,-0.097,8,maintain
0.481,42.0,127.6,3.61,8,6,0.677,44.6,-0.242,3,downgrade
0.886,85.5,47.7,1.8,1,7,0.906,90.1,0.072,8,upgrade
0.379,41.7,132.6,3.44,4,7,0.304,40.5,-0.188,8,downgrade
0.909,87.4,64.9,2.2,0,5,0.844,90.9,0.122,5,upgrade
0.347,35.3,158.8,3.29,16,4,0.333,15.5,-0.33,2,downgrade
0.283,20.8,142.6,3.91,16,7,0.209,30.6,-0.018,6,downgrade
0.196,11.9,132.2,4.09,17,7,0.541,5,-0.14,6,downgrade
0.259,31.9,96.5,3.23,4,5,0.179,37.3,-0.065,4,downgrade
0.283,40.1,100.9,2.38,9,1,0.655,70.9,-0.117,1,maintain
0.736,83.4,76.1,1.92,6,4,0.868,87.8,-0.439,10,maintain
0.886,78.5,96.7,2.51,5,5,0.906,100,0.113,5,upgrade
0.899,69.4,95.6,2.45,1,7,0.87,89.7,0.054,2,maintain
0.945,91.4,51.8,1.3,4,4,0.891,71.5,-0.053,9,upgrade
0.264,24.1,159.5,4.25,14,6,0.05,30.2,-0.336,5,downgrade
0.917,68.6,51.6,2.33,0,4,0.956,89.5,0.012,2,maintain
0.816,94.1,73.1,1.71,3,1,0.896,84.3,0.174,6,upgrade
0.593,68.1,89.6,1.99,5,4,0.645,64.5,-0.104,5,maintain
0.944,84.2,38.0,1.57,0,1,0.828,85.9,0.176,5,upgrade
0.872,99.5,45.6,1.22,1,4,0.936,96.0,0.098,7,upgrade
0.852,75.9,67.9,2.35,6,2,0.952,85.7,0.27,1,maintain
0.954,84.8,54.5,1.7,1,2,0.971,83.9,0.107,8,upgrade
0.221,42.1,152.8,3.42,13,8,0.05,57.6,-0.025,4,downgrade
0.25,17.9,128.3,3.91,13,4,0.05,13.5,0.032,2,downgrade
0.392,39.4,138.2,3.13,12,6,0.255,51.6,-0.156,7,downgrade
0.908,93.1,58.1,1.89,3,4,0.912,90.9,-0.09,8,upgrade
0.396,21.9,90.5,3.79,8,7,0.291,15.3,-0.085,8,downgrade
0.503,18.7,164.8,3.42,14,8,0.393,7.8,-0.043,2,downgrade
0.887,88.2,114.1,2.71,2,7,0.95,94.0,0.29,9,upgrade
0.209,41.3,106.2,3.23,9,8,0.11,36.8,-0.052,3,downgrade
0.559,59.9,149.6,3.15,7,6,0.804,59.3,-0.057,8,maintain
0.162,44.9,145.4,3.38,13,6,0.05,62.7,-0.171,7,downgrade
0.744,55.0,102.4,2.78,4,7,0.805,60.7,-0.139,5,maintain
0.259,23.4,140.7,4.32,12,5,0.05,33.6,-0.304,2,downgrade
0.373,12.4,124.4,3.69,9,3,0.359,29.8,-0.11,6,downgrade
0.866,76.2,67.8,2.31,0,7,0.975,88.3,0.039,9,upgrade
0.467,29.7,110.4,3.91,8,7,0.471,17.3,-0.448,6,downgrade
0.303,42.9,120.0,2.87,6,5,0.203,45.0,-0.324,5,downgrade
0.164,19.1,115.7,3.66,8,2,0.091,41.7,0.226,4,downgrade
0.416,33.7,100.6,3.14,8,2,0.383,34.5,-0.082,5,downgrade
0.455,50.8,99.6,2.76,7,4,0.437,63.2,0.123,7,downgrade
0.215,24.0,160.6,3.64,14,8,0.282,21.1,-0.321,3,downgrade
0.832,55.8,82.6,2.4,1,5,0.84,79.9,0.001,10,maintain
0.353,45.0,106.3,2.82,9,4,0.41,48.1,0.015,5,downgrade
0.165,30.0,143.3,3.01,14,2,0.266,35.1,0.011,4,downgrade
0.738,81.4,143.7,3.25,5,8,0.855,83.0,-0.428,9,maintain
0.66,55.4,106.3,3.05,0,3,0.727,60.2,0.034,9,maintain
0.725,66.7,120.4,2.86,7,8,0.947,84.0,-0.064,2,maintain
0.779,74.7,94.5,2.23,4,2,0.88,81.9,0.173,4,upgrade
0.451,48.2,118.7,2.44,12,7,0.498,63.1,0.087,1,downgrade
0.388,31.4,157.1,3.45,6,6,0.353,45.8,-0.156,2,downgrade
0.81,97.5,65.0,1.56,3,6,0.92,85.1,-0.052,3,upgrade
0.586,56.7,125.2,2.88,7,5,0.705,66.2,0.07,3,maintain
0.5,70.6,94.5,1.93,8,4,0.72,64.3,0.107,3,maintain
0.871,63.1,101.4,2.3,2,8,0.651,58.3,0.173,6,maintain
0.318,48.1,135.6,2.7,14,3,0.526,49.2,-0.254,6,downgrade
0.758,84.8,63.7,1.87,7,3,0.724,77.9,0.11,9,maintain
0.778,55.9,117.2,2.58,8,3,0.652,57.3,-0.066,1,maintain
0.86,83.5,100.8,2.32,2,6,0.831,92.9,0.13,4,upgrade
0.821,84.3,88.6,2.14,5,4,0.874,92.9,0.107,9,upgrade
0.216,27.1,118.7,3.87,9,5,0.119,23.0,-0.083,2,downgrade
0.634,68.2,115.2,2.47,8,4,0.506,64.8,0.032,4,maintain
0.894,77.0,68.2,2.12,0,5,0.91,75.4,0.126,4,upgrade
0.312,46.1,123.8,2.99,7,4,0.229,53.2,-0.207,5,downgrade
0.459,34.7,128.1,3.55,7,4,0.441,45.7,0.082,2,downgrade
0.92,64.5,89.9,2.85,2,4,0.658,67.3,0.106,6,maintain
0.766,71.8,72.8,2.13,3,2,0.934,85.9,-0.292,5,maintain
0.39,43.4,116.8,3.45,17,5,0.315,45.6,0.056,4,downgrade
0.777,84.8,72.9,2.23,2,8,0.902,78.3,-0.157,5,maintain
0.698,65.5,74.4,3.1,4,5,0.621,79.9,0.262,7,maintain
0.945,92.6,57.4,1.95,0,4,0.901,88.9,0.001,10,upgrade
0.778,74.0,91.4,2.0,0,7,0.863,81.8,0.216,1,maintain
0.749,78.2,81.7,1.86,7,1,0.84,74.2,-0.318,5,maintain
0.832,98.0,76.2,2.44,4,7,0.911,99.4,-0.09,7,upgrade
0.5,71.4,100.8,2.74,10,5,0.84,69.4,-0.399,1,maintain
0.93,70.8,69.0,2.55,0,4,0.868,88.5,0.068,4,upgrade
0.366,41.7,150.1,3.07,15,7,0.377,44.6,-0.124,5,downgrade
0.831,82.4,93.6,1.99,3,6,0.977,89.6,0.085,9,upgrade
0.71,61.1,112.6,2.8,2,4,0.566,72.9,-0.006,5,maintain
0.526,58.9,91.2,2.65,5,7,0.724,76.4,0.046,5,maintain
0.5,47.7,131.3,3.06,13,3,0.84,59.5,-0.015,3,maintain
0.862,77.9,91.5,2.38,3,3,0.935,79.5,0.12,6,upgrade
0.257,32.0,111.1,3.75,11,7,0.323,28.4,-0.049,7,downgrade
0.945,85.1,90.4,2.52,0,5,0.906,86.7,0.072,4,upgrade
0.983,80.7,86.5,2.07,0,6,0.968,78.2,0.104,5,upgrade
0.402,36.2,125.7,3.23,14,2,0.422,36.9,-0.116,6,downgrade
0.838,84.9,70.1,1.92,1,4,0.848,93.0,0.122,5,upgrade
0.435,16.0,159.5,3.84,8,7,0.582,23.2,-0.192,3,downgrade
0.806,83.1,97.5,2.2,4,5,0.905,96.0,-0.09,5,upgrade
0.6,27.3,122.6,3.78,9,5,0.669,22.1,0.045,1,downgrade
0.976,68.7,46.7,1.73,0,1,0.901,92.9,0.121,6,upgrade
0.214,5.3,113.8,3.92,10,2,0.278,16.2,-0.129,3,downgrade
0.596,52.1,112.0,2.8,8,5,0.619,55.1,0.04,10,maintain
0.921,87.9,69.9,1.92,3,2,0.887,89.8,0.027,8,upgrade
0.851,85.8,69.5,2.46,4,8,0.872,92.9,-0.448,10,maintain
0.331,39.3,132.9,3.42,11,7,0.352,40.0,-0.129,8,downgrade
0.395,33.8,123.5,3.48,13,2,0.272,29.5,0.198,1,downgrade
0.976,90.8,55.6,1.99,0,5,0.863,84.4,0.138,9,upgrade
0.946,74.7,88.0,2.36,1,3,0.966,88.9,0.007,1,maintain
0.933,77.2,41.0,2.1,0,2,0.945,88.1,0.275,4,upgrade
0.205,16.9,155.5,3.77,13,2,0.283,32.4,-0.221,1,downgrade
0.262,44.0,117.5,3.42,6,5,0.262,39.5,-0.009,6,downgrade
0.307,41.0,154.7,3.67,12,6,0.678,29.3,-0.091,3,downgrade
0.262,24.0,117.7,3.1,13,3,0.266,45.0,0.119,3,downgrade
0.687,73.5,109.7,2.39,7,5,0.84,79.9,0.148,3,maintain
0.486,39.2,128.5,3.67,7,3,0.391,46.9,-0.011,2,downgrade
0.323,30.8,180,3.65,14,7,0.191,24.5,0.025,2,downgrade
0.565,82.4,52.8,1.84,4,1,0.743,69.0,-0.077,9,maintain
0.308,25.5,105.3,3.85,6,6,0.339,68.7,0.196,7,downgrade
0.854,79.6,79.3,2.67,0,6,0.921,87.9,0.295,1,maintain
0.879,84.9,73.9,2.45,3,7,0.923,100,0.062,10,upgrade
0.281,37.9,97.2,3.48,14,2,0.386,49.3,0.075,3,downgrade
0.38,35.8,121.8,3.57,5,3,0.448,34.6,-0.284,7,downgrade
0.297,30.5,125.6,3.6,10,4,0.282,44.7,-0.214,2,downgrade
0.984,83.5,60.3,1.97,0,2,0.924,75.3,-0.037,5,upgrade
0.405,28.8,115.3,4.27,11,5,0.357,42.9,-0.384,2,downgrade
0.711,55.2,101.2,3.43,0,5,0.768,49.1,-0.029,5,maintain
0.84,88.2,108.3,2.38,3,6,0.871,80.4,0.054,10,upgrade
0.922,75.4,54.1,2.12,0,3,0.881,95.2,0.228,7,upgrade
0.5,66.5,123.4,2.64,14,6,0.741,45,0.028,8,maintain
0.42,33.7,140.4,3.02,10,3,0.446,47.3,-0.189,1,downgrade
0.635,45,77.4,2.41,5,6,0.714,61.2,-0.162,2,maintain
0.945,89.0,56.4,1.91,0,6,0.911,80.5,0.24,5,upgrade
0.911,76.5,98.0,2.43,4,5,0.93,90.8,0.106,8,upgrade
0.958,73.4,68.4,2.53,1,4,0.896,89.4,0.15,4,upgrade
0.86,88.8,60.6,1.84,4,3,0.992,85.7,0.027,9,upgrade
0.97,85.0,78.0,2.01,3,7,0.858,79.2,0.011,9,upgrade
0.635,59.0,96.3,2.88,4,3,0.588,53.4,0.215,5,maintain
0.174,31.2,127.1,4.12,14,8,0.05,47.1,0.005,2,downgrade
0.869,72.3,63.5,2.01,0,4,0.952,90.6,-0.287,7,maintain
0.766,85.7,74.5,1.92,1,3,0.902,87.7,-0.4,3,maintain
0.814,62.4,97.0,2.53,1,7,0.748,71.7,0.064,4,maintain
0.637,77.9,103.9,2.75,11,7,0.54,59.9,0.012,5,maintain
0.259,13.6,180,3.99,17,5,0.271,5,-0.226,1,downgrade
0.973,83.4,75.0,1.79,3,6,0.859,79.8,-0.013,6,upgrade
0.351,50.1,118.7,2.98,7,2,0.227,50.7,-0.127,8,downgrade
0.46,62.9,144.5,2.57,14,7,0.593,68.9,-0.243,7,downgrade
0.727,67.2,98.5,2.35,4,3,0.963,78.1,-0.272,9,maintain
0.534,45,134.2,3.09,6,4,0.84,70.9,0.159,7,maintain
0.843,69.5,87.8,2.45,1,6,0.89,83.9,0.1,9,upgrade
0.884,81.2,65.7,2.22,0,4,0.956,73.7,0.068,9,upgrade
0.371,28.1,154.1,3.58,6,7,0.317,35.9,-0.171,1,downgrade
0.412,19.2,180,3.72,11,8,0.586,27.1,-0.3,3,downgrade
0.571,83.8,74.4,2.12,9,6,0.627,77.0,-0.001,7,maintain
0.696,67.2,90.4,2.49,3,4,0.611,51.9,-0.072,1,maintain
0.5,58.1,81.6,2.76,5,4,0.786,79.9,0.069,6,maintain
0.396,37.1,144.9,3.15,17,5,0.331,67.5,-0.201,1,downgrade
0.7,57.8,89.4,2.71,5,5,0.576,66.7,-0.187,7,maintain
0.956,81.6,67.0,1.99,0,2,0.883,81.3,0.07,5,upgrade
0.877,77.8,88.0,2.26,3,4,0.884,91.0,-0.038,6,upgrade
0.242,44.2,140.6,3.18,10,2,0.333,62.0,-0.28,1,downgrade
0.546,55.9,87.2,2.87,5,4,0.58,73.8,0.085,8,maintain
0.213,37.5,138.3,3.34,11,8,0.248,28.9,-0.417,6,downgrade
0.959,82.2,40.5,1.55,0,1,0.979,76.7,0.078,8,upgrade
0.908,90.1,71.5,1.89,0,7,0.923,78.4,0.058,6,upgrade
0.339,45.4,180,3.18,14,8,0.39,28.4,-0.188,5,downgrade
0.871,93.0,54.2,2.03,1,4,1.0,76.1,0.127,9,upgrade
0.353,32.6,101.2,3.17,7,3,0.346,57.0,-0.206,3,downgrade
0.633,62.7,99.5,2.49,2,7,0.647,59.0,0.35,8,maintain
0.341,34.0,103.7,3.06,7,1,0.623,79.9,-0.049,8,maintain
0.927,98.4,44.6,1.88,1,4,0.913,74.4,0.007,10,upgrade
0.898,79.8,76.5,2.05,1,4,0.819,83.2,-0.049,10,upgrade
0.895,98.9,47.7,1.58,1,1,0.905,93.4,-0.003,9,upgrade
0.576,68.3,93.1,2.37,5,1,0.549,68.4,-0.093,7,maintain
0.467,55.9,78.2,2.87,6,6,0.396,58.7,-0.197,5,downgrade
0.811,88.7,70.0,1.87,8,4,0.877,80.6,0.102,6,upgrade
0.94,84.1,64.7,1.9,1,5,0.862,89.1,-0.002,2,maintain
0.815,84.1,59.2,2.25,4,5,0.901,87.3,0.238,3,upgrade
0.949,76.9,61.7,2.42,0,8,0.884,89.1,0.033,1,maintain
0.83,86.7,62.4,1.96,3,1,0.916,82.3,0.095,7,upgrade
0.92,53.0,100.5,3.28,2,8,0.45,79.9,0.02,9,maintain
0.28,40.2,119.4,3.12,18,5,0.378,39.6,-0.11,1,downgrade
0.855,81.3,71.6,2.42,0,7,0.91,84.9,0.146,5,upgrade
0.371,23.0,179.2,3.25,14,4,0.514,39.0,-0.166,6,downgrade
0.883,70.1,76.4,2.51,5,3,0.941,85.2,0.121,2,maintain
0.909,96.2,70.8,1.71,4,7,0.898,92.4,0.095,3,upgrade
0.334,19.9,173.2,4.26,6,8,0.596,18.9,-0.187,7,downgrade
0.293,31.4,120.3,2.96,14,5,0.223,54.8,0.017,1,downgrade
0.291,24.6,148.2,3.36,16,6,0.314,24.4,0.048,8,downgrade
0.855,70.2,94.2,2.48,6,1,0.964,83.1,0.012,8,upgrade
0.243,39.4,117.8,3.36,6,5,0.059,43.8,-0.148,6,downgrade
0.888,69.0,62.7,2.67,3,3,0.86,90.7,-0.226,7,maintain
0.957,80.0,66.9,2.15,3,4,0.95,81.7,-0.041,10,upgrade
0.706,52.5,133.4,3.0,6,7,0.734,64.6,-0.128,2,maintain
0.187,34.1,151.0,3.23,11,6,0.183,42.5,-0.279,2,downgrade
0.719,56.5,79.3,2.49,8,2,0.833,76.7,-0.049,5,maintain
0.747,75.8,98.8,2.29,6,8,0.94,90.7,-0.192,3,maintain
0.264,60.4,90.4,2.45,13,5,0.119,58.9,-0.248,8,downgrade
0.266,52.4,173.9,3.1,19,4,0.284,63.6,-0.08,3,downgrade
0.658,83.5,61.4,1.84,5,3,0.625,53.2,-0.043,3,maintain
0.755,80.0,77.9,2.33,1,6,0.88,84.0,0.123,8,upgrade
0.296,28.8,83.5,3.08,5,2,0.189,20.4,-0.076,5,downgrade
0.881,87.0,83.9,1.87,3,2,0.857,93.6,0.177,5,upgrade
0.877,97.1,71.6,1.68,4,6,0.91,90.7,0.192,7,upgrade
0.961,92.6,82.7,2.07,1,8,0.966,82.7,0.31,10,maintain
0.786,69.7,102.9,2.68,4,6,0.588,66.8,0.3,6,maintain
0.89,92.2,59.7,1.68,2,4,0.87,87.0,-0.048,4,upgrade
0.317,45.3,134.6,3.25,8,8,0.44,54.1,-0.018,5,downgrade
0.635,71.2,107.1,2.56,2,5,0.84,60.9,0.142,9,maintain
0.923,85.8,57.3,1.87,2,1,0.92,89.9,0.11,5,upgrade
0.818,84.7,77.0,2.14,5,4,0.957,92.3,-0.059,7,upgrade
0.568,41.2,115.6,3.29,5,6,0.636,30.0,-0.204,7,downgrade
0.437,40.7,122.4,2.83,9,3,0.614,14.9,0.004,3,downgrade
0.844,79.3,66.6,2.33,1,5,0.969,77.7,0.005,8,upgrade
0.853,80.5,46.9,1.9,3,2,0.907,92.3,0.073,5,upgrade
0.846,83.5,88.4,2.64,3,7,0.911,86.0,0.142,4,upgrade
0.751,87.0,72.6,2.15,5,5,0.871,91.3,0.035,1,maintain
0.928,90.3,62.9,1.28,4,6,0.879,85.2,0.045,3,upgrade
0.527,70.5,98.5,2.55,10,8,0.668,79.9,-0.011,8,maintain
0.833,65.2,96.4,2.49,4,1,0.939,87.2,-0.238,7,maintain
0.985,88.0,45.5,1.54,0,1,0.904,86.2,0.157,4,upgrade
0.422,24.7,117.7,3.41,11,2,0.375,16.8,-0.249,5,downgrade
0.5,74.3,68.0,2.17,11,7,0.63,63.7,0.345,9,maintain
0.576,59.0,88.9,2.84,5,8,0.653,58.1,-0.179,3,maintain
0.415,31.2,154.4,3.87,9,8,0.57,19.0,-0.369,4,downgrade
0.827,77.2,82.8,2.58,3,7,0.896,86.2,0.081,4,upgrade
0.862,89.9,54.9,1.7,1,4,0.896,85.0,0.085,9,upgrade
0.684,54.8,94.8,2.56,10,2,0.84,79.9,-0.039,1,maintain
0.934,73.7,48.2,2.1,1,2,0.934,81.5,-0.298,10,maintain
0.842,89.4,90.3,2.26,4,7,0.819,83.2,0.071,8,upgrade
1.0,85.3,41.5,1.67,1,3,0.976,81.9,0.002,7,upgrade
0.869,83.4,73.3,2.1,0,4,0.911,98.0,-0.044,5,upgrade
0.841,76.5,35.6,1.8,0,1,0.985,77.2,-0.023,3,upgrade
0.24,43.1,156.9,3.44,17,5,0.556,54.4,-0.473,4,downgrade
0.227,26.7,120.5,3.81,7,5,0.358,26.9,-0.002,3,downgrade
0.991,87.8,80.0,2.05,2,8,0.896,99.2,-0.057,10,maintain
0.929,83.7,46.3,1.64,5,2,0.933,80.2,0.139,7,upgrade
0.396,38.9,143.4,3.19,15,6,0.406,42.9,-0.335,1,downgrade
0.602,66.3,57.9,2.44,3,2,0.647,79.9,-0.059,4,maintain
0.685,57.9,62.8,1.99,4,3,0.84,73.8,-0.133,7,maintain
0.902,62,90.7,2.47,3,1,0.817,89.7,0.042,5,upgrade
0.358,39.3,122.8,3.44,7,3,0.529,45.0,-0.156,3,downgrade
0.816,72.5,84.3,2.41,2,5,0.931,82.5,0.052,4,upgrade
0.457,16.6,113.6,3.96,5,5,0.438,19.2,0.152,6,downgrade
0.651,64.9,64.6,2.33,4,2,0.558,68.1,-0.133,1,maintain
0.347,42.3,145.1,3.57,10,7,0.231,18.0,0.021,8,downgrade
0.265,44.2,125.3,2.66,19,2,0.505,36.5,0.182,7,downgrade
0.865,83.6,64.1,2.03,3,3,0.966,84.9,0.01,8,upgrade
0.948,91.3,54.6,1.48,0,2,0.848,95.7,-0.055,3,upgrade
0.89,75.2,60.0,1.99,0,3,0.906,65.3,0.073,9,upgrade
0.984,86.5,83.1,2.37,0,8,0.944,95.5,-0.044,6,maintain
0.19,36.1,140.4,3.63,11,5,0.235,34.2,0.01,1,downgrade
0.819,79.0,63.0,2.26,0,5,0.857,81.8,0.005,3,upgrade
0.318,40.5,119.5,2.7,11,3,0.05,50.0,0.047,8,downgrade
0.814,82.0,80.4,2.16,6,6,0.933,86.4,-0.44,7,maintain
0.19,35.1,108.9,3.35,9,4,0.384,39.9,-0.181,7,downgrade
0.781,67.1,86.1,2.29,1,3,0.877,88.6,0.036,2,maintain
0.943,79.5,78.8,2.04,4,1,0.936,77.2,0.014,5,upgrade
0.465,13.8,139.1,4.6,10,8,0.261,44.3,-0.377,5,downgrade
0.219,37.8,131.4,3.22,20,5,0.198,48.2,-0.023,3,downgrade
0.929,75.8,49.0,1.73,0,1,0.964,77.8,0.041,8,upgrade
0.778,83.9,118.9,2.37,9,5,0.736,73.3,0.125,8,maintain
0.319,49.7,89.1,2.78,9,3,0.202,75.7,-0.14,8,downgrade
0.797,76.7,32.2,1.55,0,1,0.595,74.5,0.093,6,maintain
0.733,76.2,109.5,2.08,8,4,0.888,83.2,0.165,2,maintain
0.974,96.5,52.0,1.54,0,5,0.895,84.9,0.047,8,upgrade
0.216,41.5,126.9,3.1,12,4,0.28,53.7,-0.023,8,downgrade
0.988,80.0,80.5,2.2,5,6,0.962,95.2,0.001,6,upgrade
0.793,64.8,68.1,1.91,6,2,0.719,53.9,0.066,1,maintain
0.66,68.4,72.7,2.39,6,5,0.53,72.7,-0.053,6,maintain
0.668,53.5,103.5,2.9,7,4,0.551,67.2,-0.081,4,maintain
0.603,62.7,112.6,2.67,8,1,0.753,49.2,-0.098,4,maintain
0.523,45,126.2,3.16,7,3,0.759,79.6,0.188,4,maintain
0.933,62.2,81.6,2.77,0,6,0.864,83.0,0.208,1,maintain
0.327,32.2,112.1,3.38,10,3,0.47,40.3,-0.04,8,downgrade
0.806,76.1,54.8,2.25,1,2,0.729,59.4,0.166,3,maintain
0.92,67.5,90.4,2.27,0,4,0.547,52.1,-0.164,1,maintain
0.888,92.0,61.2,2.14,2,8,0.904,94.6,-0.047,7,maintain
0.417,32.5,130.1,3.47,9,1,0.634,48.6,0.076,4,maintain
0.397,20.6,93.9,3.25,3,3,0.477,30.3,0.098,8,downgrade
0.781,69.8,97.3,2.77,3,8,0.713,58.2,0.08,8,maintain
0.676,88,111.8,2.33,7,6,0.688,54.6,0.064,6,maintain
0.592,53.5,82.9,2.32,5,1,0.84,49.8,-0.075,8,maintain
0.898,84.3,38.5,1.46,2,3,0.873,82.8,0.194,2,maintain
1.0,100,43.1,1.3,1,3,0.896,91.1,0.094,4,upgrade
0.934,89.2,48.5,2.22,0,7,0.912,83.3,-0.09,6,upgrade
0.63,69.2,121.8,2.46,8,6,0.526,70.2,0.099,7,maintain
0.811,61.1,106.5,2.68,3,8,0.528,45,-0.335,9,maintain
0.996,73.2,64.4,2.21,0,1,0.85,71.5,0.098,8,upgrade
0.185,47.8,77.5,2.64,7,2,0.285,55.5,-0.067,6,downgrade
0.92,51.0,84.4,3.12,1,6,0.597,76.3,-0.125,7,maintain
0.884,77.5,80.1,2.22,5,2,0.851,79.9,0.092,6,upgrade
0.92,72.8,70.2,2.11,0,1,0.726,73.4,-0.101,5,maintain
0.929,91.5,48.2,1.32,0,2,0.844,88.7,0.213,6,upgrade
0.188,40.5,146.6,2.87,19,5,0.342,53.4,0.102,2,downgrade
0.475,40.2,129.8,3.18,10,5,0.509,31.0,-0.193,4,downgrade
0.917,88.1,86.5,2.37,2,7,0.953,85.5,0.034,4,upgrade
0.709,45,124.4,3.16,7,7,0.738,63.8,0.25,4,maintain
0.417,37.8,125.4,3.76,5,8,0.469,56.6,-0.014,7,downgrade
0.353,33.6,142.5,3.28,6,4,0.427,42.0,-0.14,3,downgrade
0.814,84.1,57.8,1.58,4,3,0.904,84.5,-0.183,4,maintain
0.881,75.1,103.5,2.79,3,4,0.903,95.7,0.15,8,upgrade
0.895,72.3,96.6,2.06,2,6,0.86,86.1,0.018,1,maintain
0.836,88.0,89.9,2.04,3,6,0.831,85.0,-0.064,7,upgrade
0.9,77.4,77.9,2.52,1,6,0.75,94.6,-0.09,3,upgrade
0.294,20.9,158.2,3.83,17,7,0.28,25.0,0.098,8,downgrade
0.888,93.2,94.5,2.34,0,7,0.847,86.3,0.043,8,upgrade
0.866,71.5,47.7,1.89,3,1,0.875,80.9,-0.046,3,upgrade
0.969,63.4,85.0,2.5,0,4,0.891,86.7,0.054,10,upgrade
0.452,21.9,118.7,3.39,11,2,0.782,27.1,0.061,3,downgrade
0.935,90.2,76.7,1.87,4,5,0.897,97.8,-0.04,4,upgrade
0.726,79.3,56.8,2.27,4,3,0.891,78.1,-0.268,9,maintain
0.818,85.9,102.1,2.15,6,5,0.931,87.0,0.036,3,upgrade
0.238,26.8,155.2,3.89,9,7,0.131,32.9,-0.165,5,downgrade
0.515,82.6,104.9,2.11,9,3,0.84,66.6,0.07,10,maintain
0.423,26.9,122.4,3.46,8,5,0.608,29.5,-0.249,2,downgrade
0.441,28.8,138.3,3.64,11,2,0.439,32.7,-0.156,4,downgrade
0.898,81.8,88.6,2.18,0,6,0.923,93.2,0.017,6,upgrade
0.33,31.5,180,3.88,11,6,0.663,46.2,0.139,6,downgrade
0.867,56.0,87.1,3.14,1,7,0.84,79.9,-0.011,8,maintain
0.94,88.4,77.8,1.75,0,5,0.944,84.7,0.121,6,upgrade
0.904,95.4,60.3,1.61,1,3,0.878,88.8,-0.034,3,upgrade
0.869,94.9,51.1,1.57,4,6,0.923,84.1,0.145,6,upgrade
0.87,90.5,66.5,1.63,4,2,0.937,82.4,-0.021,6,upgrade
0.889,80.3,111.3,2.84,3,4,0.882,94.8,-0.079,6,upgrade
0.884,91.2,77.3,1.79,2,5,0.903,84.1,0.057,8,upgrade
0.392,25.1,91.7,3.6,4,4,0.446,35.6,-0.164,1,downgrade
0.248,29.0,147.0,3.67,18,6,0.415,43.8,0.047,7,downgrade
1.0,90.0,78.4,1.88,0,6,0.916,86.7,0.129,6,upgrade
0.834,88.0,64.3,1.6,4,5,0.849,83.1,0.07,6,upgrade
0.27,31.3,127.2,3.4,12,8,0.217,48.5,-0.199,3,downgrade
0.249,16.9,116.4,3.66,11,5,0.211,27.4,-0.132,3,downgrade
0.345,13.8,129.5,4.15,8,4,0.297,18.7,-0.126,4,downgrade
0.477,21.4,173.0,4.11,7,6,0.749,14.3,-0.083,7,downgrade
0.183,26.3,119.3,3.45,10,3,0.366,32.2,-0.156,3,downgrade
0.93,93.0,59.7,1.75,0,2,0.969,80.2,0.117,7,upgrade
0.289,21.7,179.2,3.96,10,6,0.373,19.2,-0.133,4,downgrade
0.929,86.9,51.1,1.8,1,3,0.941,66.4,0.126,4,upgrade
0.883,83.8,65.0,2.0,2,4,0.952,83.4,0.177,10,upgrade
0.752,55.7,119.1,2.67,8,4,0.84,56.8,-0.012,4,maintain
0.894,71.5,68.4,2.3,1,5,0.892,94.5,0.167,5,upgrade
0.651,55.2,99.7,3.24,4,7,0.84,66.5,-0.057,5,maintain
0.642,57.5,129.0,3.07,7,8,0.703,74.4,0.035,4,maintain
0.956,84.2,50.6,1.67,0,5,0.951,86.5,0.021,4,upgrade
0.93,90.1,58.5,2.1,0,5,0.847,84.6,0.105,9,upgrade
0.435,33.5,148.6,3.38,8,8,0.528,20.2,-0.157,7,downgrade
0.945,72.9,91.6,2.42,0,5,0.852,89.3,0.216,1,maintain
0.462,5,134.0,3.89,9,2,0.437,23.4,-0.144,7,downgrade
0.577,83.7,93.0,2.11,6,5,0.562,77.5,-0.219,8,maintain
0.42,29.2,112.5,3.32,12,3,0.548,28.6,-0.305,4,downgrade
0.338,34.4,135.8,3.63,9,7,0.487,15.8,-0.03,5,downgrade
0.745,68.8,67.4,2.41,2,8,0.961,86.4,0.01,2,maintain
0.944,93.7,64.6,1.53,5,5,0.939,75.4,0.028,10,upgrade
0.841,80.0,68.5,2.31,0,6,0.922,81.8,-0.118,9,maintain
0.737,68.6,80.4,2.65,2,8,0.827,54.6,-0.212,4,maintain
0.988,82.5,105.9,2.67,1,8,0.931,90.7,0.016,6,maintain
0.929,85.7,70.9,1.8,1,2,0.864,78.1,-0.089,10,upgrade
0.35,41.2,154.0,3.26,13,2,0.415,46.6,-0.252,6,downgrade
0.546,33.9,111.2,2.93,8,3,0.556,26.2,0.024,3,downgrade
0.97,72.4,74.7,2.26,0,3,0.946,76.1,0.128,4,upgrade
0.988,75.7,44.7,2.12,1,2,0.95,94.8,0.101,3,upgrade
0.316,38.1,116.7,3.07,7,2,0.243,29.2,-0.319,7,downgrade
0.248,44.6,108.8,2.7,15,3,0.502,58.3,-0.225,1,downgrade
0.212,25.8,171.5,3.98,17,8,0.318,25.1,-0.054,4,downgrade
0.859,86.0,43.8,1.41,3,1,0.845,91.5,0.028,7,upgrade
0.344,25.5,155.4,3.74,8,7,0.304,5,-0.271,7,downgrade
0.32,52.6,136.2,2.91,9,7,0.391,72.7,-0.343,1,downgrade
0.751,67.3,69.6,1.9,5,2,0.925,87.2,0.105,1,maintain
0.158,41.5,129.1,3.08,17,4,0.164,56.7,-0.106,4,downgrade
0.18,57.8,180,3.47,20,4,0.279,60.6,-0.006,7,downgrade
0.794,84.9,83.0,1.61,7,5,0.949,91.2,-0.433,9,maintain
0.282,29.1,106.8,3.83,13,5,0.412,14.3,-0.147,3,downgrade
0.915,79.6,54.5,2.21,2,3,0.9,79.1,0.082,9,upgrade
0.389,52.2,122.0,2.78,8,8,0.334,64.3,-0.064,5,downgrade
1.0,79.8,54.1,1.93,1,5,0.761,94.0,0.153,6,upgrade
0.222,27.3,116.2,2.88,13,3,0.112,39.9,-0.11,2,downgrade
0.689,19.0,88.8,3.49,0,2,0.85,35.3,-0.125,7,downgrade
0.796,65.5,115.0,2.85,5,6,0.774,54.0,-0.108,9,maintain
0.967,77.3,78.7,2.53,3,5,0.854,81.0,0.096,5,upgrade
0.906,73.9,49.6,2.24,0,4,0.84,66.8,0.082,1,maintain
0.826,85.5,66.3,1.83,3,1,0.874,79.9,0.26,3,upgrade
0.725,55.9,69.6,2.57,5,4,0.767,61.1,-0.036,4,maintain
0.967,79.6,101.7,2.6,2,6,0.925,90.7,0.216,9,upgrade
0.791,87.8,48.2,1.32,2,1,0.898,92.7,-0.051,2,maintain
0.3,43.8,91.5,3.08,6,5,0.199,60.2,-0.201,5,downgrade
0.823,79.6,59.4,2.06,1,4,0.921,98.0,0.294,10,upgrade
0.939,89.3,75.6,2.23,0,7,0.959,80.4,-0.059,8,upgrade
0.533,62.6,98.3,3.01,6,6,0.45,52.7,0.177,4,maintain
0.766,80.3,80.9,2.18,2,5,0.973,86.0,0.037,6,upgrade
0.815,62.9,78.9,2.65,4,5,0.571,79.9,-0.027,10,maintain
0.515,16.3,135.5,3.49,3,2,0.792,8.5,-0.223,7,downgrade
0.899,89.2,73.4,1.7,5,3,0.923,90.0,0.238,8,upgrade
0.254,65.7,142.5,2.92,16,4,0.299,78,-0.063,1,downgrade
0.965,87.5,46.8,1.68,0,4,0.978,73.8,0.135,9,upgrade
0.912,92.7,41.1,1.42,0,3,0.892,93.0,0.189,5,upgrade
0.834,100,73.1,1.96,5,5,0.909,93.1,0.092,8,upgrade
0.823,84.0,88.8,2.1,4,5,0.979,92.3,-0.043,5,upgrade
0.749,75.9,103.1,2.5,5,6,0.904,90.1,0.182,2,maintain
0.759,74.2,68.6,2.73,1,6,0.922,82.8,0.287,2,maintain
0.808,57.4,75.0,2.74,4,4,0.84,48.4,0.069,3,maintain
0.859,90.0,43.2,1.44,0,1,0.968,90.6,0.043,8,upgrade
0.377,38.7,80.2,2.83,5,2,0.396,45.5,-0.185,4,downgrade
0.92,63.3,118.9,2.51,4,7,0.724,76.7,0.057,4,maintain
0.897,73.2,89.1,2.7,0,7,0.909,91.4,-0.366,4,maintain
0.82,94.2,29.9,1.21,1,2,0.907,76.5,-0.09,8,upgrade
0.966,73.9,83.0,2.02,3,3,0.923,75.3,-0.017,3,upgrade
0.856,87.7,88.5,2.08,3,4,0.861,90.4,0.057,8,upgrade
0.158,53.1,113.8,2.15,18,4,0.085,73.4,-0.139,1,downgrade
0.706,67.7,99.4,2.84,7,8,0.827,55.1,0.112,9,maintain
0.569,75.3,90.4,2.49,9,5,0.616,62.1,-0.174,2,maintain
0.26,46.6,120.4,3.35,12,7,0.362,57.0,-0.101,3,downgrade
0.153,51.4,144.3,2.99,13,6,0.318,62.7,-0.208,6,downgrade
0.881,59.4,84.3,2.51,3,3,0.664,59.0,0.166,10,maintain
0.92,45,128.6,3.32,1,7,0.748,59.1,0.063,3,maintain
0.718,63.7,81.8,2.38,1,7,0.756,76.4,-0.117,5,maintain
0.607,77.0,110.6,2.43,10,6,0.836,57.8,0.186,1,maintain
0.885,78.5,72.4,2.12,2,7,0.934,77.3,0.0,5,upgrade
0.208,33.8,108.9,3.34,15,3,0.223,40.7,-0.212,6,downgrade
0.938,90.5,57.2,1.57,0,4,0.864,83.2,0.053,10,upgrade
0.64,79.0,85.0,2.33,7,5,0.619,74.3,-0.194,1,maintain
0.92,72.4,75.1,2.42,0,5,0.865,95.7,0.082,3,upgrade
0.999,75.8,86.1,1.93,1,5,0.886,88.0,0.004,10,upgrade
0.893,87.3,81.9,1.83,2,6,0.92,77.2,-0.012,3,upgrade
0.893,77.2,98.0,2.49,1,6,0.914,80.5,0.069,4,upgrade
0.294,65.4,145.0,2.48,14,5,0.368,78,-0.29,5,downgrade
0.887,90.5,49.5,2.16,2,1,0.874,90.3,0.212,7,upgrade
0.997,78.6,78.3,2.88,0,7,0.954,86.2,0.126,8,upgrade
0.079,38.7,129.8,3.7,10,8,0.05,28.0,-0.073,7,downgrade
0.908,65.7,76.3,2.79,1,2,0.938,93.2,0.226,10,upgrade
0.912,74.1,77.9,2.16,2,2,0.875,79.8,0.036,2,maintain
0.916,90.2,58.8,2.17,0,6,0.978,70.5,-0.03,8,upgrade
0.818,71.3,95.0,2.18,4,5,0.89,95.3,0.142,6,upgrade
0.274,35.0,118.3,3.81,12,7,0.339,63.2,0.075,7,downgrade
0.899,82.8,30.0,1.39,1,1,0.899,94.9,0.114,7,upgrade
0.453,38.6,138.0,3.64,12,6,0.844,59.9,-0.027,8,downgrade
0.91,90.5,75.6,2.22,2,5,0.81,94.5,0.292,3,upgrade
0.5,48.4,98.1,2.49,10,2,0.807,73.6,-0.095,7,maintain
0.922,86.0,46.3,2.27,0,2,0.919,88.8,0.144,4,upgrade
0.926,89.6,74.8,2.03,4,4,0.842,88.4,0.392,10,upgrade
0.837,82.4,94.1,2.2,6,5,0.911,74.5,0.327,3,upgrade
0.715,69.9,89.4,2.4,6,7,0.815,59.3,0.337,8,maintain
0.474,12.9,168.3,4.04,11,7,0.191,5,-0.31,4,downgrade
0.911,70.8,68.9,2.91,2,6,0.949,75.8,-0.067,10,upgrade
0.831,83.3,104.4,2.45,2,7,0.965,81.8,0.033,3,upgrade
0.92,61.7,56.6,2.04,6,1,0.84,53.9,0.057,5,maintain
0.831,84.4,86.6,2.1,1,5,0.92,79.9,-0.113,10,maintain
0.616,69.4,71.3,1.94,6,5,0.73,66.9,-0.194,6,maintain
0.802,82.3,77.5,1.88,5,5,0.877,87.4,0.038,7,upgrade
0.294,43.0,147.4,3.41,14,4,0.371,36.3,-0.087,1,downgrade
0.35,46.8,132.5,2.91,7,6,0.405,39.1,-0.123,1,downgrade
0.352,45.3,110.8,2.62,12,2,0.553,78,-0.102,2,downgrade
0.319,26.5,162.9,3.57,18,2,0.216,37.3,-0.428,2,downgrade
0.374,44.5,103.1,3.17,11,6,0.196,35.7,0.023,6,downgrade
0.425,30.4,154.7,3.59,9,6,0.558,41.4,0.136,6,downgrade
1.0,82.6,82.6,2.19,3,5,0.903,76.8,0.127,10,upgrade
0.226,45.0,156.3,3.52,16,8,0.333,50.9,-0.191,4,downgrade
0.806,46.8,119.6,3.12,4,7,0.652,70.1,-0.312,7,maintain
0.867,73.7,61.8,2.14,0,1,0.861,86.3,-0.024,2,maintain
0.926,83.3,68.0,1.95,3,3,0.901,88.1,0.078,10,upgrade
0.587,45,139.8,3.1,5,6,0.592,58.4,-0.217,8,maintain
0.679,64.4,70.8,2.18,1,2,0.797,79.9,-0.129,7,maintain
0.89,84.0,72.0,2.4,0,8,0.934,84.5,0.032,1,maintain
0.711,57.9,79.0,2.92,2,7,0.493,60.1,-0.273,7,maintain
0.393,35.2,136.7,3.68,6,8,0.33,13.6,0.1,8,downgrade
0.94,85.1,80.0,2.38,0,4,0.932,88.9,0.026,10,upgrade
0.374,17.4,180,4.13,16,5,0.389,18.4,-0.319,8,downgrade
0.86,66.2,51.0,1.74,3,1,0.858,89.0,0.251,1,maintain
0.581,83.5,65.5,2.07,4,6,0.669,51.3,-0.137,5,maintain
0.646,80.5,99.9,2.17,6,3,0.466,54.4,-0.211,1,maintain
1.0,90.6,59.2,1.7,3,2,0.821,99.7,0.026,10,upgrade
0.665,54.8,102.9,2.54,8,1,0.659,79.9,0.263,8,maintain
0.704,33.4,155.6,3.74,8,8,0.647,25.2,-0.182,6,downgrade
0.908,78.7,68.7,2.02,4,1,0.951,90.4,0.051,1,maintain
0.976,85.7,58.8,2.06,0,1,0.828,81.5,0.13,6,upgrade
0.308,12.8,166.6,3.97,13,5,0.543,7.9,-0.202,5,downgrade
0.233,42.7,138.9,2.52,17,1,0.933,80.4,-0.399,8,maintain
0.896,88.4,42.8,1.43,4,4,0.931,90.1,0.133,9,upgrade
0.352,39.6,105.3,3.22,11,4,0.444,28.5,-0.06,5,downgrade
0.864,92.3,55.8,1.85,3,3,0.879,81.1,0.063,6,upgrade
0.361,39.2,89.9,3.22,13,3,0.427,50.3,-0.251,5,downgrade
0.74,69.4,115.5,2.68,7,4,0.599,45,-0.044,6,maintain
0.839,93.3,72.0,2.23,0,7,0.906,83.8,0.004,4,upgrade
0.359,55.4,102.5,2.66,11,6,0.368,52.8,0.013,7,downgrade
0.425,35.1,155.5,3.29,10,3,0.418,27.5,-0.221,5,downgrade
0.164,40.7,180,3.43,14,6,0.368,44.9,0.0,4,downgrade
0.882,65.3,115.3,3.01,2,8,0.874,88.0,-0.415,3,maintain
0.58,49.2,81.0,2.64,7,5,0.695,79.9,-0.173,6,maintain
0.879,95.6,43.8,1.21,1,4,0.886,90.4,0.043,7,upgrade
0.761,87.6,78.0,2.27,6,7,0.885,100,0.085,5,upgrade
1.0,80.1,68.6,1.96,1,5,0.899,88.6,0.197,3,upgrade
0.798,93.7,83.1,1.76,6,5,0.941,86.1,0.102,10,upgrade
0.875,85.5,78.0,2.23,1,5,0.908,83.5,0.308,6,upgrade
0.94,90.9,81.1,2.09,1,2,0.795,93.4,0.188,4,upgrade
0.881,83.0,79.1,2.16,3,6,0.787,82.5,0.151,10,upgrade
0.186,11.7,158.4,3.87,15,5,0.096,6.8,-0.333,6,downgrade
0.22,40.6,170.7,2.94,17,4,0.072,45.7,-0.074,6,downgrade
0.426,11.8,144.5,4.23,5,7,0.413,5,0.25,4,downgrade
0.828,93.0,69.1,1.76,3,6,0.935,95.0,0.262,3,upgrade
0.608,37.2,126.3,3.53,0,5,0.68,40.0,-0.049,2,downgrade
0.666,74.2,87.0,2.16,5,3,0.762,67.8,-0.02,5,maintain
0.222,38.0,90.7,3.01,13,4,0.405,40.2,0.25,4,downgrade
0.899,87.1,80.6,2.05,4,4,0.859,90.0,-0.379,9,maintain
0.852,88.2,67.0,1.73,3,4,0.8,83.8,-0.09,6,upgrade
0.916,78.3,100.4,2.17,3,6,0.905,84.4,0.286,8,upgrade
0.85,78.2,80.5,2.35,2,4,0.912,87.0,0.076,7,upgrade
0.359,37.3,127.1,2.57,11,2,0.339,27.3,-0.248,7,downgrade
0.904,63.4,70.9,1.98,1,2,0.903,79.4,-0.212,7,maintain
0.364,22.0,111.5,3.65,13,2,0.348,16.7,-0.047,6,downgrade
0.676,88,87.6,2.34,6,8,0.84,58.5,-0.118,2,maintain
0.624,62.7,103.9,2.51,6,1,0.755,58.0,0.022,5,maintain
0.514,18.5,88.4,3.02,9,4,0.498,17.9,-0.041,2,downgrade
0.782,60.7,91.1,2.62,1,3,0.789,65.7,0.088,3,maintain
0.917,88.1,67.9,2.11,1,5,0.918,93.5,0.098,5,upgrade
0.827,88.6,90.5,2.37,2,5,0.907,94.6,0.16,3,upgrade
0.48,48.4,120.7,2.96,11,2,0.581,63.9,-0.186,1,downgrade
0.711,77.6,83.5,2.36,5,6,0.702,75.7,0.047,6,maintain
0.86,74.7,57.5,1.76,2,1,0.873,92.9,0.066,10,upgrade
0.205,22.9,119.7,3.51,13,5,0.19,5,-0.227,7,downgrade
0.963,92.9,78.7,2.25,2,8,0.961,95.1,0.331,9,maintain
0.982,74.7,67.8,2.42,1,3,0.91,82.8,0.201,4,upgrade
0.763,86.1,42.4,1.62,2,1,0.936,83.4,0.138,4,upgrade
0.831,45,91.1,2.97,0,1,0.761,68.8,-0.086,3,maintain
0.348,32.7,113.7,3.6,8,4,0.498,13.9,-0.33,8,downgrade
0.583,62.1,136.2,2.88,9,7,0.798,77.1,0.134,6,maintain
0.966,81.4,47.3,1.66,0,1,0.776,96.7,-0.007,8,upgrade
0.914,97.1,38.5,1.24,3,4,0.971,75.6,-0.016,10,upgrade
0.929,87.2,38.6,1.57,1,1,0.912,90.6,0.064,8,upgrade
0.216,29.9,176.2,3.48,11,6,0.199,36.0,-0.203,6,downgrade
0.782,69.5,109.3,2.53,0,8,0.931,80.8,-0.282,7,maintain
1.0,87.0,61.6,1.75,2,5,0.888,88.3,0.16,10,upgrade
0.914,83.9,50.6,1.68,2,1,0.847,95.6,0.111,10,upgrade
0.963,80.8,84.3,2.35,0,6,0.882,94.7,0.058,8,upgrade
0.306,35.7,109.5,3.27,7,8,0.194,58.8,-0.182,6,downgrade
0.5,76.0,97.2,2.15,9,3,0.671,68.8,-0.019,1,maintain
0.859,46.5,114.5,3.1,5,7,0.64,79.9,0.023,7,maintain
0.863,89.1,46.0,1.63,2,1,0.921,81.5,0.172,8,upgrade
0.75,57.2,76.4,3.1,3,7,0.619,79.9,0.104,1,maintain
0.861,100,67.6,1.64,4,1,0.928,98.8,-0.077,9,upgrade
0.884,95.3,73.0,1.75,2,3,0.892,80.9,0.121,8,upgrade
0.5,53.0,154.0,3.39,13,8,0.573,58.1,0.02,4,maintain
0.856,92.4,74.9,2.01,0,6,0.905,67.3,0.219,10,upgrade
0.932,69.3,66.4,2.16,0,2,0.939,83.9,-0.43,6,maintain
0.979,83.7,56.8,1.87,2,2,0.912,85.9,0.277,7,upgrade
0.886,70.0,73.6,2.58,0,2,0.964,90.7,-0.191,10,maintain
0.665,70.7,84.8,2.24,5,2,0.465,62.6,0.009,10,maintain
0.781,83.2,102.6,2.38,6,4,0.84,58.0,-0.057,2,maintain
0.819,56.2,82.5,3.22,3,6,0.84,47.2,-0.274,7,maintain
0.757,78.4,101.8,2.57,3,7,0.934,90.1,-0.147,8,maintain
0.575,69.0,81.7,2.33,8,4,0.84,58.0,0.06,3,maintain
0.472,57.5,98.2,2.63,12,2,0.388,52.4,-0.072,2,downgrade
0.864,66.7,75.8,2.22,3,6,0.639,64.6,0.048,1,maintain
0.818,86.2,107.0,2.46,3,7,0.925,86.7,0.269,10,upgrade
0.955,96.4,49.3,1.55,0,7,0.903,93.2,0.003,4,upgrade
0.5,64.8,92.3,2.8,12,6,0.84,79.9,-0.039,7,maintain
0.958,83.2,54.7,1.49,2,1,0.899,81.3,0.151,3,upgrade
0.316,24.2,154.0,3.45,8,8,0.365,34.4,-0.297,3,downgrade
0.731,81.8,87.9,2.47,4,8,0.927,79.3,0.041,2,maintain
0.503,26.6,148.6,3.7,12,8,0.457,38.1,-0.091,5,downgrade
0.886,71.8,62.0,2.12,0,1,0.943,74.3,0.112,6,upgrade
0.841,72.6,87.8,2.48,1,7,0.891,83.0,-0.044,9,upgrade
0.5,50.7,133.9,3.14,11,8,0.84,65.2,0.06,6,maintain
0.304,17.3,131.2,3.28,17,5,0.342,23.5,-0.164,2,downgrade
0.774,88.3,62.4,1.86,5,2,0.897,85.3,0.188,5,upgrade
0.909,77.0,82.5,2.19,0,5,0.942,85.0,-0.007,7,upgrade
0.975,86.5,52.1,2.04,1,4,0.88,100,0.06,9,upgrade
0.871,72.3,77.6,2.3,2,4,0.901,79.0,-0.129,6,maintain
0.5,66.0,80.5,2.06,10,1,0.84,57.5,-0.212,1,maintain
0.718,66.2,69.0,2.6,0,6,0.84,76.6,-0.167,5,maintain
0.789,68.7,97.9,2.46,2,4,0.84,64.7,-0.111,4,maintain
0.208,25.2,122.2,3.39,13,2,0.262,27.0,0.147,1,downgrade
0.824,82.9,107.6,2.34,6,8,0.955,79.5,0.283,2,maintain
0.459,29.0,133.9,3.57,11,5,0.543,23.9,-0.126,6,downgrade
0.789,45,101.6,3.02,7,3,0.751,72.7,0.104,9,maintain
0.93,82.4,88.1,2.6,2,7,0.932,88.6,-0.025,9,upgrade
0.852,89.9,69.7,1.79,3,5,0.874,95.0,-0.053,6,upgrade
0.901,77.9,62.4,2.29,0,1,0.97,91.7,-0.09,3,upgrade
0.839,82.4,65.3,1.6,2,5,0.853,90.0,-0.313,5,maintain
0.868,79.9,84.9,2.15,1,8,0.864,81.2,0.233,2,maintain
0.961,79.4,67.2,2.18,0,2,0.886,89.8,0.065,6,upgrade
0.977,80.4,72.1,2.44,2,6,0.944,100,0.068,10,upgrade
0.851,59.0,76.5,2.56,5,1,0.734,66.9,-0.068,6,maintain
0.856,80.3,77.9,2.02,2,5,0.902,92.4,0.082,10,upgrade
0.912,76.3,57.2,2.15,1,2,0.888,86.4,0.119,7,upgrade
0.755,85.5,53.7,1.81,5,1,0.775,55.4,0.116,3,maintain
0.345,59.4,122.6,2.62,10,5,0.372,61.2,-0.103,8,downgrade
0.689,73.7,102.9,3.01,6,7,0.824,62.9,-0.072,10,maintain
0.408,50.5,123.8,3.16,8,8,0.426,62.0,-0.174,8,downgrade
0.897,80.6,78.4,2.52,1,5,0.845,90.0,0.171,3,upgrade
0.492,21.3,117.6,3.4,10,4,0.335,27.2,-0.123,8,downgrade
1.0,89.4,38.9,1.69,0,3,0.896,85.4,0.156,5,upgrade
0.184,34.7,139.5,2.91,15,2,0.167,45.1,-0.138,2,downgrade
0.439,25.6,112.1,3.37,6,2,0.35,36.6,-0.068,4,downgrade
0.446,42.8,95.1,3.23,9,7,0.524,36.6,0.031,7,downgrade
0.238,25.3,153.9,3.63,15,7,0.05,31.9,-0.307,7,downgrade
0.484,35.0,143.4,3.91,8,8,0.509,45.5,0.044,7,downgrade
0.41,43.0,108.1,2.82,13,2,0.421,34.5,-0.228,2,downgrade
0.176,29.0,149.8,3.61,13,4,0.218,48.8,0.03,8,downgrade
0.813,85.7,85.9,2.16,2,7,0.94,89.9,-0.053,2,maintain
0.725,65.3,69.3,2.53,3,3,0.625,65.3,0.141,1,maintain
0.5,80.3,116.2,2.33,12,5,0.815,50.0,-0.065,9,maintain
0.496,16.8,156.5,3.92,10,8,0.53,16.7,-0.357,5,downgrade
0.726,69.5,102.4,2.74,4,3,0.581,79.9,0.039,4,maintain
0.806,87.1,71.6,1.9,5,2,0.855,84.0,0.119,2,maintain
0.589,52.6,113.0,2.73,10,4,0.807,66.7,-0.003,2,maintain
0.308,50.5,130.5,2.88,14,4,0.62,41.3,-0.281,2,downgrade
0.282,50.9,171.0,3.25,10,7,0.305,66.4,-0.113,2,downgrade
0.881,86.9,103.0,2.45,2,8,0.947,97.9,0.006,3,maintain
0.866,77.3,80.0,2.32,3,6,0.862,80.5,0.061,9,upgrade
0.768,84.0,100.8,2.19,2,8,0.912,85.0,-0.249,6,maintain
0.984,84.1,56.2,2.38,0,4,0.855,81.7,0.105,8,upgrade
0.425,40.4,130.6,3.44,15,8,0.435,54.4,-0.132,4,downgrade
0.929,85.2,47.7,1.9,0,1,0.929,86.7,0.079,9,upgrade
0.77,79.1,49.2,1.83,0,1,0.661,71.0,0.015,5,maintain
0.904,65.3,83.9,2.9,0,7,0.888,82.5,0.234,1,maintain
0.806,79.9,66.5,1.97,3,4,0.924,95.3,-0.09,5,upgrade
0.831,63.6,101.8,2.73,4,7,0.899,79.9,0.127,2,maintain
0.995,94.1,50.4,1.72,0,6,0.824,92.9,0.193,9,upgrade
0.341,40.6,135.6,3.57,14,8,0.395,59.0,-0.124,2,downgrade
0.314,33.3,126.6,2.69,14,3,0.343,37.8,-0.211,2,downgrade
0.362,26.0,154.3,3.56,6,6,0.378,32.4,-0.18,8,downgrade
0.795,46.2,89.3,3.04,1,4,0.614,69.5,-0.302,4,maintain
0.863,83.1,60.3,2.07,2,6,0.91,99.3,0.016,7,upgrade
0.285,19.9,180,4.01,13,3,0.286,33.4,-0.179,7,downgrade
0.383,18.8,98.6,3.7,10,4,0.311,42.4,-0.207,2,downgrade
0.741,69.6,47.4,1.42,3,1,0.798,78.1,-0.126,2,maintain
0.822,83.6,75.9,1.85,2,6,0.922,82.5,0.245,6,upgrade
0.927,94.8,56.5,1.65,1,4,0.954,75.5,0.147,9,upgrade
0.238,22.8,180,3.47,17,1,0.657,79.9,0.055,4,maintain
0.92,49.1,94.6,2.86,4,2,0.541,64.5,0.175,8,maintain
0.829,68.2,78.0,2.26,3,3,0.885,89.1,0.257,2,maintain
0.904,81.8,77.2,2.37,0,4,0.912,79.3,-0.021,9,upgrade
0.249,47.0,120.8,2.68,10,3,0.231,37.6,-0.386,5,downgrade
0.281,38.0,180,3.21,20,3,0.175,55.9,-0.118,4,downgrade
0.717,74.8,115.5,2.44,8,6,0.762,60.0,-0.049,6,maintain
0.809,76.6,66.7,1.97,1,2,0.508,60.6,0.091,9,maintain
0.574,66.9,103.0,2.45,11,4,0.761,56.4,0.153,1,maintain
0.594,70.8,103.6,2.37,14,3,0.84,45,-0.112,4,maintain
0.6,50.8,93.4,2.66,6,8,0.678,45.1,0.152,7,maintain
0.828,86.8,61.1,2.09,3,7,0.877,93.8,0.011,10,upgrade
0.411,10.6,171.5,3.58,9,5,0.456,9.7,-0.023,4,downgrade
0.479,27.4,180,3.66,15,5,0.404,42.4,-0.044,5,downgrade
0.227,40.7,132.2,3.3,10,7,0.051,40.0,-0.036,4,downgrade
0.51,73.1,102.0,2.21,10,7,0.628,61.5,-0.13,9,maintain
1.0,83.6,62.0,2.24,0,5,0.918,90.3,0.029,6,upgrade
0.804,81.3,59.3,1.95,1,5,0.791,95.6,0.191,10,upgrade
0.53,86.7,90.5,2.11,5,5,0.598,67.7,0.076,9,maintain
0.447,28.9,87.8,3.69,5,7,0.642,49.8,0.128,3,downgrade
0.275,25.2,158.1,3.81,13,5,0.205,22.9,-0.367,4,downgrade
0.849,83.7,100.9,2.93,6,7,0.978,85.9,0.138,4,upgrade
0.869,83.2,70.1,1.75,3,2,0.892,90.0,0.07,3,upgrade
0.859,87.2,70.6,2.26,4,5,0.913,89.3,0.104,5,upgrade
0.185,32.5,81.4,2.84,8,4,0.05,35.6,-0.278,6,downgrade
0.754,94.9,65.2,2.1,3,6,0.905,92.5,0.038,10,upgrade
0.943,71.3,75.4,2.8,0,8,0.89,89.1,-0.128,9,maintain
0.672,17.1,138.3,3.98,4,8,0.672,20.3,-0.154,4,downgrade
0.319,52.0,153.8,3.5,7,7,0.369,46.1,-0.151,2,downgrade
0.816,79.5,98.1,2.21,10,7,0.944,79.4,0.175,9,upgrade
0.581,20.9,113.3,3.82,4,8,0.475,40.4,-0.036,8,downgrade
0.923,82.3,48.2,1.24,2,1,0.888,88.0,0.186,6,upgrade
0.944,81.7,65.5,2.33,0,3,0.9,79.2,-0.353,10,maintain
0.416,34.4,116.5,2.93,9,4,0.567,65.4,-0.044,3,downgrade
0.778,61.2,99.9,2.6,8,3,0.533,54.0,-0.036,1,maintain
0.845,81.7,73.9,1.96,2,4,0.854,89.3,0.081,1,maintain
0.176,52.4,126.9,2.84,14,6,0.203,65.8,-0.149,7,downgrade
0.197,51.1,111.2,2.81,11,5,0.116,51.5,-0.394,2,downgrade
0.947,79.0,68.8,2.26,0,2,0.951,81.7,-0.319,8,maintain
0.392,46.9,127.2,3.46,7,5,0.306,64.5,-0.317,7,downgrade
0.519,38.9,97.7,3.3,6,5,0.489,60.4,-0.165,1,downgrade
0.898,66.5,100.5,2.91,0,8,0.548,65.5,0.049,8,maintain
0.86,84.2,94.4,2.04,7,2,0.902,91.9,0.027,7,upgrade
0.875,85.2,74.8,1.83,3,3,0.881,88.2,0.141,7,upgrade
0.88,91.4,60.0,1.96,4,4,0.934,74.3,0.225,5,upgrade
0.566,74.1,60.4,1.67,6,2,0.659,75.7,0.219,8,maintain
0.62,47.8,151.1,3.3,10,7,0.819,79.9,0.141,7,maintain
0.453,18.4,136.7,4.06,3,3,0.512,24.3,-0.141,2,downgrade
0.822,85.4,68.5,2.01,4,3,0.944,84.0,-0.256,3,maintain
0.35,36.3,99.7,3.53,8,5,0.481,44.0,-0.176,1,downgrade
0.889,97.6,81.0,2.12,4,7,0.932,76.3,0.142,8,upgrade
0.871,88.9,70.2,1.81,2,4,0.872,90.2,0.039,8,upgrade
0.508,47.5,118.2,2.9,8,3,0.45,62.0,0.011,10,maintain
0.184,46.5,129.6,3.09,16,7,0.272,53.1,-0.213,2,downgrade
0.92,76.3,74.8,2.02,0,4,0.952,91.4,0.19,7,upgrade
0.868,84.4,77.4,1.94,2,6,0.855,94.0,0.07,3,upgrade
0.639,77.8,105.0,2.62,3,7,0.509,67.5,-0.067,10,maintain
0.621,65.0,82.7,2.65,0,5,0.679,64.8,0.03,9,maintain
0.298,37.6,99.7,2.97,11,4,0.4,43.2,0.058,6,downgrade
0.984,85.5,60.1,1.65,0,2,0.918,85.2,0.021,9,upgrade
0.925,77.1,88.0,2.49,1,7,0.863,80.8,0.206,1,maintain
0.5,64.2,80.0,2.75,4,5,0.692,51.0,-0.03,9,maintain
0.441,39.1,111.8,3.12,9,1,0.967,89.8,0.165,1,maintain
0.963,91.2,59.8,1.91,0,5,0.861,88.2,0.152,5,upgrade
0.694,74.0,67.4,2.43,3,7,0.743,79.9,0.058,10,maintain
0.882,85.8,42.1,1.85,1,1,0.938,79.5,0.003,10,upgrade
0.848,79.5,44.5,1.79,3,1,0.92,85.9,0.044,10,upgrade
0.875,85.4,75.2,2.19,0,5,0.934,90.4,0.187,3,upgrade
0.806,83.1,110.5,2.31,4,7,0.949,89.8,-0.09,8,upgrade
0.917,57.8,107.2,3.17,5,3,0.749,79.9,-0.378,7,maintain
0.408,36.3,102.3,3.45,7,4,0.209,53.6,-0.258,6,downgrade
0.464,35.1,126.1,3.15,8,3,0.372,23.2,-0.139,1,downgrade
0.917,79.6,97.2,2.78,3,6,0.858,82.4,-0.09,9,upgrade
0.5,47.2,113.1,2.85,10,2,0.657,56.9,-0.178,9,maintain
0.242,47.1,120.7,3.0,11,3,0.296,52.6,-0.16,8,downgrade
0.389,27.2,130.8,3.64,10,3,0.512,36.1,-0.106,4,downgrade
0.578,78.7,83.2,2.4,6,8,0.644,68.6,0.043,7,maintain
0.773,81.3,98.2,2.33,4,7,0.761,67.2,-0.083,5,maintain
0.273,29.1,118.7,4.0,10,7,0.289,26.6,0.072,3,downgrade
0.649,88,75.8,1.76,10,3,0.75,65.0,-0.054,6,maintain
0.95,78.3,90.3,2.78,0,7,0.936,82.5,0.069,3,upgrade
0.338,52.0,100.4,2.73,9,4,0.434,39.1,-0.049,8,downgrade
0.309,36.1,110.7,3.39,8,6,0.375,30.6,-0.381,5,downgrade
0.408,48.3,113.0,3.03,13,5,0.323,76.7,-0.202,1,downgrade
0.387,12.3,126.3,4.44,14,5,0.366,7.7,-0.062,3,downgrade
0.402,16.4,152.1,3.88,9,4,0.263,27.6,-0.238,1,downgrade
0.926,85.7,53.2,1.84,2,2,0.831,99.3,0.162,10,upgrade
0.221,35.3,145.1,2.8,19,4,0.257,43.2,-0.367,3,downgrade
0.831,68.4,81.1,2.11,7,4,0.909,88.6,0.121,4,upgrade
0.366,10.7,121.4,3.75,15,2,0.482,19.8,0.25,3,downgrade
0.97,71.6,94.4,2.58,2,5,0.901,83.7,0.068,9,upgrade
0.652,62.6,108.6,2.6,7,3,0.825,53.7,0.128,5,maintain
0.328,17.5,133.6,3.1,17,3,0.359,29.0,-0.133,7,downgrade
0.432,33.4,102.2,3.4,10,6,0.456,28.7,-0.044,1,downgrade
0.395,16.2,139.8,4.28,14,5,0.595,29.1,-0.05,7,downgrade
0.951,74.2,65.7,2.24,0,6,0.982,79.9,0.153,3,upgrade
0.957,79.1,57.2,1.54,0,2,0.896,80.9,0.025,8,upgrade
0.332,26.3,156.7,3.56,11,5,0.472,42.5,-0.086,3,downgrade
0.742,73.8,125.4,2.9,7,8,0.955,92.2,0.116,1,maintain
0.453,14.9,156.5,3.68,11,2,0.48,26.2,-0.12,3,downgrade
0.73,57.1,80.0,2.74,3,2,0.682,62.6,0.175,7,maintain
0.82,69.1,97.9,2.65,3,1,0.565,59.0,0.068,5,maintain
0.555,66.0,108.9,2.63,12,2,0.599,70.7,-0.153,10,maintain
0.886,95.0,72.7,2.05,1,6,0.904,90.4,0.099,9,upgrade
0.618,85.9,86.7,2.04,9,7,0.751,59.3,-0.082,4,maintain
0.474,32.2,159.0,3.7,9,5,0.613,40.1,-0.276,7,downgrade
0.435,24.9,117.0,3.27,0,5,0.341,5,-0.203,1,downgrade
0.384,40.0,97.5,3.11,16,6,0.428,31.5,-0.233,4,downgrade
0.428,44.7,130.2,3.81,7,8,0.753,45.8,-0.043,8,downgrade
0.564,26.1,110.6,4.21,10,8,0.634,37.9,-0.449,1,downgrade
0.525,38.5,149.9,3.24,9,3,0.687,48.5,-0.138,2,downgrade
0.322,45.3,111.1,3.4,11,5,0.445,41.3,0.014,6,downgrade
0.295,20.8,124.7,3.8,11,6,0.381,19.6,-0.218,2,downgrade
0.494,23.3,155.0,3.32,13,3,0.591,25.0,-0.108,3,downgrade
0.876,92.6,45.1,2.02,0,3,0.878,88.8,0.088,4,upgrade
0.455,41.5,107.5,2.97,10,2,0.487,26.5,-0.217,3,downgrade
0.61,18.7,119.4,3.57,7,2,0.419,10.1,-0.346,5,downgrade
0.944,82.1,44.2,1.6,2,3,0.899,85.9,0.051,5,upgrade
0.93,81.4,91.3,2.29,2,6,0.892,81.9,0.053,4,upgrade
0.748,71.8,68.8,2.41,6,2,0.657,45,-0.005,1,maintain
0.84,66.6,97.2,2.34,4,1,0.792,52.6,0.056,3,maintain
0.733,68.7,147.0,2.85,8,6,0.84,62.1,0.249,10,maintain
0.937,78.5,97.8,2.34,1,7,0.927,86.5,0.09,4,upgrade
0.543,56.2,134.1,2.76,12,1,0.723,66.1,-0.005,8,maintain
0.832,89.0,56.0,1.59,4,1,0.943,89.0,0.071,8,upgrade
0.799,64.0,111.4,2.87,6,6,0.657,55.9,-0.049,10,maintain
0.868,82.3,67.4,2.52,0,6,0.865,96.0,0.048,6,upgrade
0.911,81.1,69.1,1.96,0,2,0.943,85.3,0.288,9,upgrade
0.758,51.6,86.1,3.06,5,5,0.84,59.2,-0.128,6,maintain
0.37,25.0,121.0,3.91,10,6,0.421,29.9,-0.095,5,downgrade
0.171,39.3,132.9,3.16,17,7,0.227,48.1,-0.01,8,downgrade
0.718,52.2,110.3,3.07,1,5,0.712,79.9,0.046,8,maintain
0.624,58.2,105.7,2.45,7,5,0.522,64.0,-0.013,10,maintain
0.916,100,39.2,1.61,1,1,0.948,80.3,-0.047,10,upgrade
0.256,52.3,127.1,2.54,17,3,0.498,48.8,0.022,4,downgrade
1.0,83.0,51.8,1.95,2,2,0.791,95.2,0.035,9,upgrade
0.832,76.2,59.2,1.84,6,2,0.84,64.0,0.253,9,maintain
0.334,30.4,145.1,3.72,16,4,0.428,21.6,-0.187,5,downgrade
0.923,93.8,57.2,1.86,0,6,0.819,89.5,0.233,10,upgrade
0.676,64.1,74.3,2.13,5,3,0.766,78.4,-0.205,8,maintain
0.844,64.7,61.9,2.01,3,2,0.607,79.9,-0.142,5,maintain
0.395,16.7,152.9,3.95,8,1,0.667,66.2,0.11,3,maintain
0.357,28.4,97.6,3.2,6,2,0.23,8.8,-0.136,7,downgrade
0.592,56.6,74.0,2.3,10,4,0.78,48.6,-0.018,1,maintain
0.833,70.7,56.3,1.79,4,1,0.842,96.0,0.019,8,upgrade
0.537,18.5,110.3,3.8,5,8,0.463,47.4,-0.02,6,downgrade
0.275,41.7,104.6,2.93,9,5,0.346,41.3,-0.219,3,downgrade
0.864,70.1,84.2,2.3,1,5,0.991,71.8,0.101,9,upgrade
0.226,33.7,129.0,3.34,13,5,0.05,48.3,-0.148,7,downgrade
0.641,80.4,70.9,1.51,9,4,0.648,60.8,-0.008,10,maintain
0.911,90.9,50.2,1.77,0,4,0.875,84.9,-0.085,10,upgrade
0.937,73.2,57.3,2.23,1,1,0.901,84.7,-0.013,6,upgrade
0.819,70.9,67.1,2.2,2,5,0.874,91.8,-0.158,4,maintain
0.773,73.8,79.5,2.11,5,5,0.941,84.7,0.214,8,upgrade
0.584,38.1,90.6,3.42,4,8,0.539,27.6,-0.267,1,downgrade
0.551,73.0,101.5,2.89,6,7,0.84,66.3,0.148,4,maintain
0.218,28.3,133.9,3.66,12,5,0.244,41.8,0.146,3,downgrade
0.974,68.5,115.4,2.68,0,7,0.936,80.3,0.057,6,upgrade
0.402,35.3,163.8,3.63,10,2,0.411,37.5,-0.277,8,downgrade
0.408,37.3,120.0,3.15,8,5,0.58,30.6,-0.111,6,downgrade
0.655,52.3,126.8,2.53,8,5,0.712,47.1,0.043,5,maintain
0.204,28.6,154.8,4.0,11,8,0.318,48.0,-0.036,2,downgrade
0.76,65.1,67.9,2.03,5,4,0.902,86.9,0.08,2,maintain
0.962,67.5,91.2,3.02,0,7,0.963,92.7,0.181,6,upgrade
0.852,75.1,48.4,2.09,2,2,0.875,87.5,0.13,2,maintain
0.343,18.8,120.0,3.66,7,5,0.175,38.0,-0.057,3,downgrade
0.728,81.7,82.3,2.28,6,7,0.7,72.5,0.047,2,maintain
0.655,81.1,106.8,1.93,7,8,0.709,72.9,-0.047,5,maintain
0.761,74.7,66.7,1.94,8,1,0.614,46.1,-0.042,9,maintain
0.286,29.8,180,4.09,13,8,0.29,29.6,-0.08,7,downgrade
0.924,87.1,87.8,2.36,5,4,0.959,73.6,0.147,8,upgrade
0.946,70.9,119.1,3.03,0,8,0.954,84.4,0.142,1,maintain
0.271,50.1,134.8,2.97,9,3,0.251,57.7,-0.139,2,downgrade
0.121,29.1,160.9,4.1,16,8,0.357,42.7,-0.133,7,downgrade
0.309,31.1,114.6,4.2,11,3,0.37,37.3,0.061,4,downgrade
0.778,77.9,80.9,1.95,3,2,0.907,78.8,0.046,9,upgrade
0.218,41.6,90.5,3.0,11,3,0.146,35.7,-0.052,7,downgrade
0.919,81.0,82.2,2.17,5,3,0.932,94.4,0.092,6,upgrade
0.322,48.6,111.4,3.17,14,6,0.504,57.3,-0.132,4,downgrade
0.905,62.9,92.5,2.63,4,4,0.857,89.1,-0.235,7,maintain
0.762,85.9,73.7,1.87,0,4,0.589,60.3,0.149,3,maintain
0.847,67.9,86.8,2.64,8,7,0.963,85.9,0.271,2,maintain
0.128,45.1,155.8,2.84,19,4,0.34,43.9,-0.292,5,downgrade
0.299,39.3,122.1,3.16,9,3,0.405,20.0,0.048,1,downgrade
0.255,12.1,109.2,3.78,7,2,0.597,7.2,-0.061,3,downgrade
0.579,24.3,150.1,3.8,10,8,0.78,27.8,0.007,5,downgrade
0.885,78.5,81.1,2.2,0,5,0.859,80.8,0.194,1,maintain
0.673,48.3,87.5,2.66,4,5,0.701,62.4,-0.111,8,maintain
0.162,46.5,114.3,2.73,12,2,0.05,50.1,-0.084,4,downgrade
0.801,45,107.8,2.94,4,3,0.506,57.0,-0.086,2,maintain
0.277,39.9,155.3,2.98,15,5,0.526,59.9,-0.329,4,downgrade
0.783,80.5,73.8,1.95,5,2,0.84,62.0,0.243,8,maintain
0.888,80.2,75.3,2.05,3,2,0.831,93.5,-0.01,7,upgrade
0.808,79.3,70.6,2.18,5,6,0.855,90.2,-0.075,2,maintain
0.5,64.5,99.6,2.3,6,5,0.84,61.2,-0.005,8,maintain
0.344,45.4,138.1,3.46,12,8,0.529,47.0,-0.227,3,downgrade
0.899,69.6,48.5,2.23,0,2,0.844,92.2,-0.047,10,upgrade
0.601,77.2,147.0,2.82,10,7,0.514,52.7,-0.149,5,maintain
0.392,11.4,164.5,3.74,11,5,0.284,26.6,-0.19,6,downgrade
0.22,38.5,86.9,2.88,8,2,0.05,53.0,-0.174,7,downgrade
0.254,54.6,122.9,3.19,10,7,0.215,66.7,-0.094,1,downgrade
0.169,27.7,101.7,3.06,12,8,0.226,25.3,-0.263,5,downgrade
0.575,55.2,141.1,3.03,7,6,0.808,77.0,0.095,4,maintain
0.299,34.3,105.8,3.14,6,6,0.353,20.5,-0.165,6,downgrade
0.27,42.3,126.6,3.12,16,2,0.261,62.1,-0.063,5,downgrade
0.843,75.6,75.6,2.36,3,3,0.867,84.0,0.095,6,upgrade
0.183,15.6,166.4,4.31,8,7,0.092,17.1,-0.073,1,downgrade
0.236,17.4,154.9,3.62,16,2,0.349,33.8,-0.238,6,downgrade
0.865,98.6,50.2,1.66,2,1,0.878,92.4,0.089,6,upgrade
0.239,14.7,169.6,3.69,14,2,0.411,47.4,-0.147,1,downgrade
0.445,36.4,97.5,3.49,6,3,0.768,27.0,0.045,5,downgrade
0.55,74.7,93.8,2.18,9,4,0.84,63.0,-0.208,4,maintain
0.509,61.4,130.5,2.73,12,1,0.727,79.9,0.038,1,maintain
0.807,66.8,76.3,2.62,3,4,0.854,88.4,0.287,2,maintain
0.996,90.9,43.8,1.63,0,2,0.911,74.7,0.076,6,upgrade
0.808,80.8,66.8,2.34,1,4,0.761,66.5,-0.013,9,maintain
0.249,46.1,156.0,3.26,14,8,0.246,55.7,0.056,5,downgrade
0.324,37.3,119.7,2.78,16,2,0.418,30.7,0.141,8,downgrade
0.16,40.2,147.5,2.99,11,6,0.254,34.0,-0.176,1,downgrade
0.817,84.8,60.5,2.52,3,6,0.92,87.4,0.201,3,upgrade
0.283,22.6,94.5,3.2,9,3,0.351,25.8,-0.131,4,downgrade
0.911,70.2,79.7,2.19,0,5,0.946,81.7,0.067,6,upgrade
0.201,15.7,167.5,3.87,18,5,0.216,28.2,-0.252,2,downgrade
0.908,72.2,61.2,2.53,0,1,0.893,80.2,0.294,2,maintain
0.73,78.8,70.5,1.62,7,1,0.549,73.8,-0.219,8,maintain
0.903,80.4,50.2,2.14,2,4,0.953,83.8,0.266,10,upgrade
0.761,69.9,98.3,3.03,5,7,0.872,80.4,-0.165,6,maintain
0.361,36.9,159.9,3.24,15,4,0.326,53.5,-0.117,4,downgrade
0.481,26.1,140.7,3.71,11,7,0.53,32.8,-0.161,5,downgrade
0.172,12.7,169.5,3.81,18,7,0.454,5,0.063,3,downgrade
0.855,68.0,109.9,2.5,1,7,0.968,85.3,-0.276,3,maintain
0.193,34.8,136.4,3.65,16,8,0.212,39.6,-0.188,7,downgrade
0.295,23.8,138.7,3.54,14,7,0.55,25.2,0.017,6,downgrade
0.886,93.4,69.2,2.0,2,6,0.869,89.4,0.054,3,upgrade
0.916,87.6,39.7,1.3,2,1,0.876,95.7,0.049,10,upgrade
0.782,65.9,76.4,1.98,4,1,0.965,88.8,-0.33,4,maintain
0.872,84.3,81.6,2.11,4,4,0.805,91.3,0.012,9,upgrade
0.222,37.3,146.5,3.06,15,2,0.348,66.3,-0.219,1,downgrade
0.952,96.0,63.9,1.96,2,5,0.845,82.4,0.025,5,upgrade
0.891,86.3,75.7,1.97,0,6,0.916,93.8,-0.025,4,upgrade
0.154,48.1,151.0,2.86,15,5,0.35,65.4,-0.055,1,downgrade
0.406,43.8,72.9,2.96,4,1,0.819,66.4,-0.024,1,maintain
0.393,21.5,129.8,3.76,8,2,0.637,22.9,0.071,2,downgrade
0.934,92.6,68.5,1.64,3,7,0.919,87.8,0.05,9,upgrade
0.397,14.4,176.0,3.75,18,2,0.524,15.0,-0.023,7,downgrade
1.0,86.6,44.0,1.84,1,2,0.912,81.1,-0.036,10,upgrade
0.843,89.4,45.1,1.88,3,4,0.813,87.6,-0.021,5,upgrade
0.372,48.6,94.9,2.53,11,6,0.344,46.3,-0.17,4,downgrade
0.726,68.0,83.3,2.85,4,7,0.859,80.6,-0.184,4,maintain
0.241,36.2,166.2,3.05,20,6,0.286,55.8,-0.382,4,downgrade
0.733,86.3,42.0,1.45,2,4,0.93,87.3,-0.28,5,maintain
0.824,80.7,76.6,2.0,3,3,0.616,74.1,0.037,1,maintain
0.985,88.0,61.4,2.07,3,4,0.917,83.4,0.079,5,upgrade
0.5,76.1,114.8,2.1,10,8,0.669,79.0,-0.203,10,maintain
0.918,79.9,96.3,2.45,2,4,0.875,85.0,0.175,7,upgrade
0.5,67.2,62.3,2.28,4,3,0.84,79.9,-0.142,9,maintain
0.838,78.1,51.1,2.06,5,3,0.874,78.6,0.103,3,upgrade
0.826,68.7,83.0,2.37,1,4,0.688,64.3,-0.255,4,maintain
0.371,23.8,122.1,3.14,14,2,0.32,28.7,-0.007,5,downgrade
0.853,48.1,81.0,2.95,4,3,0.764,70.6,-0.131,9,maintain
0.449,53.9,110.7,2.81,11,3,0.487,46.6,-0.144,6,downgrade
0.188,59.7,114.3,3.01,16,6,0.255,70.7,-0.101,7,downgrade
0.314,18.7,153.4,3.9,16,3,0.406,5,-0.214,8,downgrade
0.941,88.0,43.2,1.54,3,2,0.889,76.3,0.036,4,upgrade
0.814,89.0,76.9,2.17,4,7,0.921,87.0,0.003,7,upgrade
0.88,90.8,82.3,1.93,3,4,0.915,89.0,0.01,6,upgrade
0.188,50.7,123.5,2.98,16,8,0.104,63.4,-0.1,5,downgrade
0.872,75.1,55.3,2.19,2,6,0.926,84.7,0.058,4,upgrade
0.898,92.7,63.5,1.69,4,3,0.859,84.7,0.157,10,upgrade
0.894,78.2,73.5,1.81,1,3,0.821,87.8,0.072,8,upgrade
0.542,54.0,91.9,2.44,5,2,0.84,61.9,0.115,1,maintain
0.238,46.5,157.8,2.99,11,6,0.261,54.2,-0.27,2,downgrade
0.5,76.8,81.5,2.35,5,7,0.64,57.5,0.008,5,maintain
0.555,45,131.0,2.46,13,1,0.643,53.1,-0.013,6,maintain
0.847,79.1,81.2,1.84,5,4,0.885,90.9,0.058,8,upgrade
0.943,64.0,137.5,3.15,2,8,0.871,90.4,0.011,2,maintain
0.203,33.2,172.3,3.46,16,3,0.313,18.8,0.037,8,downgrade
0.213,30.4,130.1,3.57,12,4,0.241,19.0,-0.234,4,downgrade
0.596,57.9,82.9,2.73,7,7,0.633,78.4,0.06,6,maintain
0.572,29.6,167.3,3.8,7,6,0.678,48.8,-0.051,1,downgrade
0.252,42.5,86.4,2.8,5,1,0.909,78.5,0.275,1,maintain
0.871,80.7,66.9,2.39,4,6,0.944,79.5,-0.016,5,upgrade
0.995,96.4,50.8,1.51,0,1,0.939,92.7,0.061,4,upgrade
0.872,82.9,58.7,1.78,0,6,0.941,91.6,-0.022,8,upgrade
0.778,84.6,85.7,2.32,6,5,0.921,94.7,0.049,10,upgrade
0.897,95.3,74.9,1.77,1,7,0.857,87.1,0.187,7,upgrade
0.889,79.8,75.8,2.41,6,3,0.899,76.5,0.024,6,upgrade
0.847,82.0,68.3,1.93,0,3,0.888,91.4,0.012,8,upgrade
0.77,81.6,77.2,2.17,1,4,0.891,88.1,0.281,2,maintain
0.883,88.4,64.9,1.7,4,3,0.944,87.0,0.201,4,upgrade
0.869,87.5,75.5,1.71,4,6,0.928,82.0,0.114,5,upgrade
0.16,46.8,119.0,3.21,20,7,0.292,61.7,-0.074,5,downgrade
0.556,63.6,85.3,2.03,6,3,0.784,51.4,0.168,3,maintain
0.106,30.2,145.7,3.4,18,2,0.05,23.7,-0.294,6,downgrade
0.73,86.0,70.1,1.91,3,3,0.923,82.1,-0.31,7,maintain
0.813,84.5,65.5,1.87,1,5,0.875,86.2,-0.145,8,maintain
0.592,64.3,73.3,2.01,4,1,0.802,75.0,-0.074,3,maintain
0.869,74.3,93.8,2.64,3,6,0.955,91.3,0.123,10,upgrade
0.841,87.2,107.0,2.28,4,6,0.977,100,0.191,7,upgrade
0.607,56.3,81.8,2.76,2,7,0.741,74.4,-0.056,1,maintain
0.96,81.0,67.5,2.02,1,7,0.857,96.4,0.135,8,upgrade
0.822,81.7,75.4,2.23,4,7,0.851,69.0,-0.09,7,upgrade
0.76,45.2,90.4,3.36,2,8,0.479,55.6,0.108,10,maintain
0.774,66.9,86.2,2.76,3,5,0.922,92.4,0.019,7,upgrade
0.16,31.7,152.7,3.72,8,8,0.174,21.2,-0.419,1,downgrade
0.591,50.1,91.4,3.28,4,8,0.74,65.3,0.025,5,maintain
0.878,90.0,58.7,1.75,4,5,0.944,83.3,0.087,9,upgrade
0.866,86.8,65.5,1.89,0,5,0.914,83.6,0.111,1,maintain
0.185,31.2,158.2,3.7,20,7,0.05,55.5,-0.072,3,downgrade
0.315,32.8,142.9,3.38,10,6,0.343,17.1,-0.087,4,downgrade
0.355,22.6,175.3,4.08,16,7,0.467,19.4,0.134,8,downgrade
0.247,48.5,151.5,3.47,15,8,0.163,61.0,-0.115,5,downgrade
0.854,83.9,60.2,2.51,0,7,0.904,85.5,0.072,7,upgrade
0.281,36.6,122.9,3.23,17,2,0.467,18.9,-0.188,4,downgrade
0.805,85.2,75.4,2.37,6,5,0.955,81.3,0.234,9,upgrade
0.39,44.9,126.2,2.88,11,2,0.53,41.4,0.005,8,downgrade
0.938,70.5,70.9,2.22,0,7,0.842,92.4,0.119,9,upgrade
0.858,84.0,54.1,1.77,4,2,0.949,78.8,-0.389,3,maintain
0.89,93.4,80.5,2.05,0,6,0.972,94.0,-0.09,6,upgrade
1.0,73.0,90.1,2.51,1,5,0.903,79.6,0.171,3,upgrade
0.275,57.0,138.6,2.86,11,7,0.082,52.2,0.012,3,downgrade
0.809,93.1,67.9,2.28,1,7,0.93,77.0,-0.003,4,upgrade
0.885,88.9,86.7,2.38,1,7,0.946,74.9,0.106,10,upgrade
0.878,95.8,48.9,1.53,0,6,0.941,79.0,0.176,4,upgrade
0.722,61.4,70.7,2.78,4,4,0.707,59.4,0.113,3,maintain
0.283,42.2,107.3,3.07,14,3,0.376,52.3,-0.02,8,downgrade
0.461,29.9,83.9,2.91,6,2,0.371,40.8,-0.186,1,downgrade
0.791,71.0,85.2,2.67,4,6,0.597,70.5,-0.233,5,maintain
0.236,15.0,139.7,3.8,12,2,0.175,10.9,0.082,1,downgrade
0.443,43.1,143.6,2.73,9,5,0.588,39.5,0.009,6,downgrade
0.052,31.7,176.1,3.53,20,6,0.05,36.2,-0.028,1,downgrade
0.571,60.9,104.3,3.21,9,7,0.752,79.9,0.098,4,maintain
0.984,86.4,61.0,1.97,1,2,0.885,93.1,0.137,7,upgrade
0.5,65.7,104.0,2.66,10,5,0.695,45,-0.052,10,maintain
0.908,62.4,99.3,2.93,0,7,0.775,59.2,0.189,8,maintain
0.602,40.5,117.9,3.47,6,5,0.685,43.4,-0.11,1,downgrade
0.375,47.6,110.2,3.25,12,4,0.262,70.1,-0.153,5,downgrade
0.738,52.7,75.1,2.66,3,4,0.634,54.2,0.035,7,maintain
0.841,85.6,51.0,1.56,2,1,0.891,87.4,0.019,4,upgrade
0.313,21.8,134.7,3.68,13,5,0.434,22.6,-0.129,3,downgrade
0.688,66.4,91.9,2.8,7,2,0.753,79.9,0.097,2,maintain
0.591,45,98.3,2.63,4,3,0.623,68.8,0.066,6,maintain
0.548,16.6,133.7,3.75,5,7,0.819,5,0.143,1,downgrade
0.902,80.3,98.6,2.59,1,5,0.871,80.4,0.099,8,upgrade
0.259,54.0,133.1,3.05,15,8,0.114,62.1,-0.199,6,downgrade
0.911,88.7,93.3,2.06,3,7,0.957,100,-0.019,9,upgrade
0.745,46.2,116.5,2.9,6,2,0.675,58.3,0.06,1,maintain
0.923,83.7,64.4,1.69,0,5,0.889,85.0,-0.026,6,upgrade
0.557,64.4,116.2,2.7,7,6,0.822,63.9,0.005,2,maintain
0.542,23.5,126.4,3.69,8,5,0.461,20.7,-0.051,4,downgrade
0.891,86.3,39.3,1.75,0,2,0.965,100,-0.025,4,upgrade
0.622,72.6,79.8,2.01,9,1,0.84,65.0,-0.154,9,maintain
0.876,75.7,60.7,1.87,0,7,0.924,87.1,0.277,3,upgrade
0.433,37.6,145.4,3.75,9,7,0.594,32.2,0.029,4,downgrade
0.752,49.9,83.1,2.85,5,2,0.781,47.9,0.14,6,maintain
0.579,46.1,87.6,3.07,5,3,0.682,52.9,0.134,3,maintain
0.342,41.8,140.6,3.08,17,8,0.366,50.8,-0.209,2,downgrade
0.364,49.4,143.0,3.05,12,5,0.413,62.0,-0.022,4,downgrade
0.703,56.1,100.2,3.1,2,6,0.561,45,-0.201,1,maintain
0.761,64.6,79.4,2.85,3,6,0.788,49.6,-0.09,7,maintain
0.932,71.0,47.0,2.13,2,1,0.925,85.5,0.133,6,upgrade
0.795,79.4,79.1,2.51,2,5,0.864,94.1,0.049,3,upgrade
0.87,75.9,61.3,2.2,3,1,0.914,71.6,-0.036,4,upgrade
0.217,48.0,147.7,3.06,19,7,0.301,78,-0.252,5,downgrade
0.92,84.9,65.7,2.06,0,2,0.922,89.6,0.176,7,upgrade
0.672,48.3,156.8,3.18,8,6,0.571,73.2,-0.043,8,maintain
0.31,28.3,148.6,3.64,10,8,0.456,20.8,-0.117,7,downgrade
0.731,48.9,170.4,3.61,8,7,0.739,65.5,0.043,7,maintain
0.777,81.6,82.2,2.02,2,4,0.918,88.7,-0.127,3,maintain
0.254,38.6,169.0,3.47,16,7,0.264,57.5,-0.205,2,downgrade
0.439,12.7,84.4,3.93,5,3,0.439,14.3,-0.257,8,downgrade
0.17,52.3,87.9,2.7,11,2,0.33,68.8,0.11,3,downgrade
0.481,40.0,117.8,3.45,5,8,0.481,35.9,0.004,2,downgrade
0.849,75.4,72.8,2.16,2,4,0.78,69.8,-0.26,4,maintain
0.616,52.5,115.2,3.21,6,5,0.688,79.9,-0.114,8,maintain
0.496,19.0,112.2,3.74,8,5,0.657,19.9,-0.141,7,downgrade
0.958,80.1,80.7,2.19,0,6,0.877,83.6,-0.09,3,upgrade
1.0,81.1,40.5,2.12,0,2,0.905,79.8,-0.09,10,upgrade
0.96,100,41.4,1.2,0,2,0.895,86.9,0.065,3,upgrade
0.778,71.3,97.2,2.8,4,8,0.93,80.5,-0.251,9,maintain
1.0,81.2,57.9,2.1,0,2,0.976,84.7,0.05,4,upgrade
0.318,52.9,120.2,3.11,13,8,0.296,57.3,-0.125,5,downgrade
0.519,24.3,106.6,3.44,8,2,0.625,55.2,0.103,2,downgrade
0.474,31.9,101.6,3.03,9,5,0.435,38.7,-0.008,7,downgrade
0.92,47.1,70.9,2.99,0,2,0.788,53.4,0.168,6,maintain
0.771,50.5,91.6,3.08,6,4,0.795,68.4,-0.033,5,maintain
0.868,81.4,74.8,2.1,4,4,0.935,83.8,0.08,10,upgrade
0.811,90.8,81.6,2.42,3,7,0.962,87.6,0.138,10,upgrade
0.828,49.7,73.6,2.79,1,5,0.84,73.3,0.116,7,maintain
0.746,67.6,70.0,2.15,6,4,0.903,87.1,-0.265,8,maintain
0.239,51.4,150.9,2.85,16,5,0.143,39.8,-0.141,3,downgrade
0.99,72.2,75.7,2.3,1,4,0.822,89.7,0.098,8,upgrade
0.366,38.1,119.3,3.46,8,8,0.394,52.4,-0.076,1,downgrade
0.865,84.8,92.3,2.22,2,4,0.958,96.0,0.155,8,upgrade
0.4,20.5,169.4,4.13,10,6,0.567,22.5,-0.191,7,downgrade
0.381,29.7,113.8,3.61,10,5,0.33,23.1,0.125,4,downgrade
0.191,26.8,180,3.24,17,5,0.298,38.7,-0.141,8,downgrade
0.316,23.2,98.7,3.77,9,5,0.229,28.8,-0.25,6,downgrade
0.961,92.6,57.5,1.75,0,6,0.999,93.5,0.193,5,upgrade
0.311,47.5,97.6,2.3,18,3,0.237,30.0,0.008,7,downgrade
0.305,7.1,151.1,3.98,7,5,0.369,5,-0.016,8,downgrade
0.234,37.6,130.1,3.5,15,8,0.148,65.5,0.092,5,downgrade
0.184,38.8,167.4,3.4,15,5,0.235,55.9,-0.218,7,downgrade
0.874,83.5,72.6,2.04,2,1,0.945,87.5,0.165,3,upgrade
0.875,79.1,63.2,2.0,3,2,0.871,99.3,0.046,10,upgrade
0.92,75.7,58.5,1.71,2,1,0.751,53.7,-0.059,1,maintain
0.487,22.2,134.9,3.71,6,3,0.402,30.7,-0.094,6,downgrade
0.73,65.2,89.7,2.17,5,2,0.7,45,-0.014,3,maintain
0.83,91.7,59.9,1.9,6,2,0.911,89.7,0.094,4,upgrade
0.202,33.8,154.2,3.49,12,6,0.186,40.7,-0.316,4,downgrade
0.583,67.3,120.4,2.83,2,7,0.809,54.6,0.121,1,maintain
0.216,42.4,112.6,2.87,9,6,0.166,42.9,-0.218,1,downgrade
0.738,78.2,66.4,2.01,3,6,0.859,84.1,-0.256,8,maintain
0.852,79.8,72.4,2.03,2,4,0.869,90.2,-0.013,3,upgrade
0.924,82.3,66.1,2.22,0,4,0.883,77.3,0.176,9,upgrade
0.918,87.6,90.4,1.9,4,3,0.863,90.7,0.087,1,maintain
0.887,84.8,49.7,1.96,0,5,0.922,74.0,0.083,7,upgrade
0.909,64.8,49.6,2.17,3,1,0.761,61.1,-0.098,3,maintain
0.814,59.5,74.5,2.38,5,1,0.799,78.3,-0.171,5,maintain
0.163,27.9,180,3.86,20,5,0.199,45.3,0.047,2,downgrade
0.186,41.2,178.1,3.39,20,4,0.153,25.4,-0.113,8,downgrade
0.935,87.7,73.5,1.84,1,7,0.862,92.2,0.028,4,upgrade
0.5,65.2,76.2,3.09,4,3,0.726,72.7,0.07,7,maintain
0.873,69.8,105.3,2.71,1,8,0.868,83.7,-0.431,8,maintain
0.71,72.2,64.9,1.84,0,3,0.649,65.3,-0.008,3,maintain
0.624,66.5,68.3,2.36,8,1,0.646,51.2,0.134,7,maintain
0.94,76.3,77.5,2.12,1,3,0.822,83.4,0.062,5,upgrade
0.552,68.2,120.9,3.0,10,7,0.641,64.4,-0.23,6,maintain
1.0,87.6,60.0,1.78,0,6,0.915,81.6,-0.013,5,upgrade
0.863,89.5,50.9,1.71,3,1,0.92,81.2,0.057,10,upgrade
0.698,51.2,105.4,2.46,5,1,0.53,65.6,-0.14,10,maintain
0.361,28.6,115.8,3.6,13,7,0.372,76.2,-0.237,8,downgrade
0.655,67.3,117.3,2.91,7,8,0.789,74.5,-0.097,8,maintain
0.407,50.9,123.0,3.03,13,8,0.477,56.9,-0.257,1,downgrade
0.5,54.8,102.8,2.95,6,6,0.644,76.4,-0.175,8,maintain
0.177,41.2,141.6,2.97,15,3,0.411,36.1,-0.104,1,downgrade
0.59,28.5,126.5,3.63,10,5,0.727,29.0,0.161,4,downgrade
0.695,47.7,126.4,3.4,6,5,0.651,73.6,0.033,9,maintain
0.645,64.1,66.3,2.41,2,6,0.793,69.4,0.1,7,maintain
0.816,72.4,79.8,2.0,4,5,0.961,90.4,-0.027,2,maintain
0.926,85.2,42.6,1.89,0,1,0.974,81.3,0.048,5,upgrade
0.815,66.6,63.6,2.37,5,2,0.8,49.0,-0.016,5,maintain
0.179,32.0,159.7,3.92,8,8,0.155,48.8,0.065,6,downgrade
0.635,63.9,91.2,2.07,8,1,0.838,47.9,0.019,10,maintain
0.842,72.8,35.6,1.76,1,1,0.58,66.0,0.082,2,maintain
0.439,19.4,115.0,4.14,6,8,0.332,5,0.115,6,downgrade
0.505,30.1,113.5,3.38,11,6,0.509,43.7,-0.312,5,downgrade
0.159,34.1,167.4,3.58,11,3,0.231,42.6,-0.119,6,downgrade
0.811,87.5,69.9,1.65,5,3,0.959,82.2,0.19,5,upgrade
0.94,96.5,47.5,1.46,0,7,0.877,87.5,0.03,6,upgrade
0.378,36.9,108.9,3.12,12,5,0.314,58.5,-0.259,4,downgrade
0.249,50.2,124.7,2.5,13,3,0.242,40.4,-0.498,1,downgrade
0.626,53.2,114.4,2.99,4,8,0.749,60.3,-0.067,5,maintain
0.745,61.7,86.2,2.33,4,7,0.692,77.6,0.119,7,maintain
0.944,86.3,46.7,1.66,0,1,0.895,86.4,0.102,8,upgrade
0.231,10.7,124.7,3.88,11,4,0.337,5,-0.008,6,downgrade
0.22,55.1,157.8,3.56,9,8,0.154,63.2,-0.063,8,downgrade
0.257,49.6,119.1,2.97,13,3,0.193,38.6,-0.176,8,downgrade
0.864,88.8,55.3,1.46,4,2,0.894,92.1,0.27,10,upgrade
0.938,80.3,59.2,2.14,0,5,0.894,71.2,-0.062,10,upgrade
0.398,30.1,161.5,3.88,10,5,0.363,19.2,-0.486,3,downgrade
0.893,87.7,78.4,2.17,2,5,0.934,67.9,0.146,5,upgrade
0.632,67.4,77.4,2.3,7,6,0.84,79.9,-0.197,9,maintain
0.573,69.8,76.5,2.23,9,1,0.608,50.5,0.168,3,maintain
0.05,37.3,163.2,3.31,14,2,0.05,46.8,0.025,4,downgrade
0.609,72.9,79.2,2.11,6,2,0.542,71.5,0.229,2,maintain
0.319,25.7,161.7,3.2,16,2,0.589,15.7,-0.178,2,downgrade
0.32,44.2,81.1,2.91,14,2,0.296,46.2,0.119,5,downgrade
0.233,41.6,140.0,3.52,13,6,0.157,47.4,-0.068,7,downgrade
0.851,66.8,77.7,2.68,3,5,0.884,80.5,0.157,2,maintain
0.524,88,93.1,1.87,10,4,0.687,79.9,-0.042,6,maintain
0.37,28.4,122.1,3.61,9,5,0.384,6.9,-0.12,8,downgrade
0.437,29.0,115.4,3.56,10,6,0.642,17.7,0.171,3,downgrade
0.848,73.5,75.3,2.27,6,3,0.869,90.7,-0.227,10,maintain
0.911,81.5,49.5,1.46,2,2,0.947,75.2,0.002,8,upgrade
0.984,92.8,42.4,1.59,0,2,0.833,86.3,0.219,5,upgrade
0.5,63.7,66.0,2.21,6,3,0.753,69.6,-0.118,3,maintain
0.541,73.5,78.0,1.77,10,2,0.563,45,0.027,8,maintain
0.258,42.3,167.1,3.66,15,7,0.388,56.8,0.046,1,downgrade
0.655,55.2,92.3,2.51,7,2,0.722,72.6,0.024,9,maintain
0.366,43.0,113.4,3.13,15,5,0.523,60.2,-0.102,7,downgrade
0.216,12.5,103.1,3.77,8,2,0.191,25.9,-0.151,6,downgrade
0.688,59.9,98.1,2.58,8,3,0.674,79.9,-0.085,3,maintain
0.969,91.3,48.0,1.55,1,5,0.843,86.5,0.083,6,upgrade
0.664,68.4,113.5,3.0,6,5,0.613,58.4,0.016,10,maintain
0.697,60.6,133.4,3.48,5,8,0.735,62.4,-0.062,7,maintain
0.831,93.4,65.6,1.65,1,3,0.968,86.3,0.069,9,upgrade
0.875,48.4,84.3,3.01,1,2,0.631,76.0,-0.093,2,maintain
0.867,72.6,91.3,2.64,1,6,0.876,83.7,0.209,1,maintain
0.945,90.2,77.1,2.16,0,6,0.873,90.4,0.079,9,upgrade
0.353,32.7,151.8,3.63,13,8,0.224,22.4,0.137,1,downgrade
0.305,50.0,105.1,2.88,17,4,0.377,69.0,-0.124,1,downgrade
0.349,32.2,98.3,3.39,9,7,0.422,35.6,-0.211,1,downgrade
0.425,60.1,129.6,2.2,11,3,0.411,65.3,-0.117,4,downgrade
0.303,24.3,180,4.19,13,7,0.417,20.7,-0.314,3,downgrade
0.881,84.5,79.1,2.22,3,7,0.803,83.1,0.05,7,upgrade
0.951,80.3,71.7,2.52,0,6,0.916,89.1,-0.001,4,upgrade
0.837,90.6,76.7,1.78,3,7,0.955,82.2,0.32,3,upgrade
0.897,83.3,74.2,2.16,2,1,0.912,78.1,0.076,3,upgrade
0.692,59.9,120.7,2.88,5,6,0.752,79.9,-0.069,7,maintain
0.92,68.3,48.8,1.94,2,2,0.633,79.9,0.14,8,maintain
0.27,27.4,160.0,3.15,16,4,0.163,35.4,-0.44,6,downgrade
0.837,69.0,89.5,2.36,2,5,0.974,73.1,0.106,3,upgrade
0.309,36.7,143.3,3.46,11,5,0.441,25.2,0.065,1,downgrade
0.243,28.0,145.8,3.45,12,4,0.135,42.0,-0.318,6,downgrade
0.843,70.0,39.9,1.65,1,3,0.858,94.0,0.208,8,upgrade
0.541,26.9,110.8,3.72,5,5,0.506,48.0,-0.257,5,downgrade
0.5,59.9,115.9,2.61,10,5,0.769,61.2,-0.111,10,maintain
0.907,83.0,63.4,2.08,1,6,0.972,78.6,0.256,5,upgrade
0.889,92.8,83.6,1.9,2,5,0.874,78.6,0.195,8,upgrade
0.409,62.3,119.8,2.97,13,8,0.42,52.3,-0.174,3,downgrade
0.407,60.4,78.8,2.63,8,6,0.57,37.3,-0.258,5,downgrade
0.423,15.8,144.8,3.67,14,4,0.253,8.8,-0.331,6,downgrade
0.63,63.4,103.1,2.9,8,6,0.672,62.7,0.128,7,maintain
0.337,35.1,143.4,3.05,15,2,0.587,54.2,-0.223,3,downgrade
0.64,45.7,101.8,3.25,9,4,0.554,53.9,0.176,8,maintain
0.918,89.4,65.9,1.45,5,1,0.957,95.4,0.219,8,upgrade
0.926,76.2,85.0,2.09,2,4,0.953,100,0.051,9,upgrade
0.697,68.1,126.7,2.67,8,5,0.557,47.0,-0.09,8,maintain
0.759,59.3,59.2,2.47,2,2,0.652,54.6,-0.06,4,maintain
0.653,67.9,94.8,2.4,6,4,0.682,75.9,0.232,9,maintain
0.444,29.0,110.8,3.1,13,3,0.592,50.2,-0.305,4,downgrade
0.88,77.8,95.9,2.5,4,7,0.948,80.9,0.133,7,upgrade
0.424,37.4,133.6,3.27,10,7,0.833,31.0,-0.174,6,downgrade
0.556,78.4,108.3,2.13,12,3,0.769,60.8,0.21,9,maintain
0.258,37.1,147.2,3.42,13,4,0.42,37.9,-0.191,3,downgrade
0.87,95.9,48.2,1.49,3,1,0.979,76.3,0.136,7,upgrade
0.768,79.9,83.2,1.87,5,7,0.563,70.9,-0.071,3,maintain
0.196,42.9,180,3.46,15,5,0.05,65.0,-0.07,5,downgrade
0.559,29.8,124.9,3.26,12,3,0.508,47.1,0.153,6,downgrade
0.443,28.1,110.3,3.74,12,4,0.639,15.9,-0.156,7,downgrade
0.728,59.7,81.6,2.27,3,5,0.664,70.0,0.166,9,maintain
0.985,85.1,64.1,2.49,1,8,0.978,95.1,-0.065,5,maintain
0.812,67.4,105.2,2.7,6,8,0.803,66.8,-0.014,9,maintain
0.792,58.1,107.6,2.6,5,4,0.84,67.2,0.14,10,maintain
0.737,66.4,86.6,2.65,3,5,0.927,87.7,-0.288,5,maintain
0.367,33.9,155.5,3.33,9,5,0.521,39.3,-0.231,8,downgrade
0.896,45,84.7,3.35,3,4,0.595,69.8,0.038,6,maintain
0.547,28.2,115.9,3.95,6,8,0.53,30.9,0.034,5,downgrade
0.308,43.6,139.5,3.09,12,4,0.261,34.2,-0.182,4,downgrade
0.355,16.8,126.0,3.62,15,4,0.342,11.9,-0.08,8,downgrade
0.289,61.2,130.6,2.74,11,4,0.177,73.4,-0.061,7,downgrade
0.917,76.7,49.4,1.78,0,4,0.93,79.8,0.068,8,upgrade
0.303,28.7,167.8,4.11,9,7,0.409,27.8,-0.065,6,downgrade
0.826,91.4,93.6,2.29,2,7,0.97,82.5,-0.09,7,upgrade
0.819,73.1,53.3,2.5,1,6,0.925,86.5,0.091,7,upgrade
0.898,79.6,93.3,2.23,0,6,0.863,94.4,0.138,10,upgrade
0.973,87.6,58.3,1.87,0,6,0.825,87.4,0.071,5,upgrade
0.664,51.3,101.1,2.85,4,3,0.672,72.0,0.075,1,maintain
0.515,58.5,136.4,2.8,7,5,0.691,54.9,0.024,9,maintain
0.656,61.8,118.8,3.0,6,8,0.489,55.4,0.063,1,maintain
0.178,29.8,177.1,3.67,15,3,0.05,51.6,-0.28,2,downgrade
0.663,62.4,94.5,2.51,7,6,0.672,46.1,-0.051,2,maintain
0.416,30.6,137.1,3.26,9,3,0.645,41.8,-0.052,2,downgrade
0.85,79.7,71.8,2.32,4,6,0.908,84.2,0.05,9,upgrade
0.171,21.6,149.8,4.07,20,7,0.248,38.8,0.129,4,downgrade
0.906,89.3,72.3,1.78,0,6,0.848,92.5,0.138,4,upgrade
0.876,88.9,65.4,1.67,2,1,0.904,91.7,0.05,4,upgrade
0.839,74.4,87.1,2.54,3,8,0.929,83.7,0.136,2,maintain
0.428,25.8,107.0,3.56,5,2,0.491,28.1,-0.258,7,downgrade
0.286,30.6,89.9,3.27,6,3,0.528,38.9,-0.426,1,downgrade
0.542,75.9,81.3,2.28,8,4,0.532,54.9,0.119,7,maintain
1.0,89.3,62.5,2.13,1,5,0.882,89.1,-0.051,9,upgrade
0.786,86.3,89.5,1.81,6,5,0.942,81.7,0.259,2,maintain
0.871,71.6,78.3,2.64,4,5,0.629,59.8,0.156,9,maintain
0.287,61.0,121.7,2.49,16,8,0.284,62.9,-0.047,5,downgrade
0.54,52.8,77.6,2.29,4,1,0.495,51.9,0.056,9,maintain
0.887,87.2,53.9,1.51,4,6,0.924,94.7,0.109,9,upgrade
0.332,39.3,140.3,2.96,10,4,0.354,46.1,-0.23,1,downgrade
0.815,79.5,75.7,1.99,4,3,0.87,81.2,0.232,1,maintain
0.908,88.5,85.0,1.95,5,6,0.85,92.2,-0.068,10,upgrade
0.565,57.3,62.6,2.45,6,1,0.84,74.8,-0.162,4,maintain
0.739,80.2,78.2,2.45,2,3,0.745,61.5,-0.119,5,maintain
0.873,73.5,71.7,2.46,3,7,0.878,76.9,0.019,10,upgrade
0.219,35.1,121.3,2.76,19,2,0.243,26.0,-0.205,3,downgrade
0.938,84.1,67.6,1.9,0,3,0.894,88.7,0.189,9,upgrade
0.758,75.8,109.2,2.56,6,3,0.84,78.6,-0.286,3,maintain
0.924,88.3,73.8,1.78,0,6,0.916,78.9,0.062,9,upgrade
0.886,85.8,95.9,2.4,4,7,0.983,83.0,0.209,5,upgrade
0.264,33.3,151.9,3.19,16,3,0.368,19.2,0.007,8,downgrade
0.369,41.9,87.8,2.71,7,2,0.507,51.9,-0.024,8,downgrade
0.791,70.6,72.6,2.14,3,3,0.641,60.0,-0.172,6,maintain
0.88,87.9,46.1,1.82,1,5,0.918,94.6,0.128,7,upgrade
0.91,85.9,72.6,2.07,4,7,0.913,84.1,0.203,10,upgrade
0.937,85.8,61.3,2.02,1,6,0.874,88.5,0.204,10,upgrade
0.828,98.1,61.6,1.31,2,6,0.97,86.1,0.241,9,upgrade
1.0,92.0,65.8,1.75,0,2,0.937,95.2,0.309,8,upgrade
0.413,20.0,147.4,4.04,7,4,0.382,7.3,-0.332,1,downgrade
0.633,68.7,103.9,2.45,5,3,0.84,79.9,-0.03,3,maintain
0.934,84.1,69.6,1.61,1,4,0.857,88.9,-0.09,6,upgrade
0.861,90.4,52.8,1.83,3,4,0.891,88.1,0.137,10,upgrade
0.419,33.6,146.0,2.88,13,3,0.551,34.7,-0.113,7,downgrade
0.837,68.4,81.4,2.05,4,1,0.714,49.4,0.143,1,maintain
0.614,59.8,81.2,2.71,4,5,0.531,72.0,-0.196,10,maintain
0.83,76.2,60.3,2.06,1,5,0.952,73.3,0.272,9,upgrade
0.869,84.1,77.0,2.28,0,7,0.959,83.0,0.092,9,upgrade
0.949,91.7,45.0,1.24,3,2,0.973,86.5,0.19,10,upgrade
0.914,84.1,92.4,2.21,0,5,0.926,91.1,0.134,7,upgrade
0.35,56.9,77.2,2.71,11,7,0.332,50.5,-0.348,3,downgrade
0.845,92.3,63.5,1.94,3,5,0.952,85.3,0.202,10,upgrade
0.908,91.6,68.4,1.55,3,2,0.917,83.0,-0.05,3,upgrade
0.849,78.3,86.6,2.5,6,6,0.913,81.9,-0.358,3,maintain
0.472,35.9,119.5,3.03,8,3,0.319,35.0,-0.043,2,downgrade
0.932,81.1,65.2,2.61,0,7,0.888,91.7,0.111,6,upgrade
0.617,52.7,86.1,2.42,7,4,0.661,65.9,0.043,1,maintain
0.92,57.6,79.7,2.94,1,4,0.545,45,0.022,1,maintain
0.779,67.4,77.4,2.5,3,2,0.732,68.7,-0.259,5,maintain
0.919,100,49.7,1.71,4,1,0.942,87.9,-0.017,8,upgrade
0.878,87.7,84.3,2.14,5,5,0.583,76.0,0.072,7,maintain
0.474,24.6,138.4,3.78,10,2,0.302,29.0,-0.158,8,downgrade
0.33,37.9,115.3,3.12,13,5,0.192,21.7,-0.205,4,downgrade
0.513,82.8,79.3,1.7,10,2,0.661,79.9,-0.264,8,maintain
0.91,86.2,63.7,2.1,0,6,0.941,87.3,0.092,9,upgrade
0.744,73.9,79.9,2.32,4,7,0.948,89.0,-0.221,8,maintain
0.544,88,117.7,2.79,9,7,0.544,73.7,0.175,1,maintain
0.795,76.6,86.3,2.37,1,4,0.78,79.9,-0.118,9,maintain
0.906,89.0,82.7,1.94,2,5,0.805,88.3,0.063,9,upgrade
0.811,63.2,121.1,3.05,5,7,0.84,48.9,0.013,1,maintain
0.783,82.1,39.0,1.56,2,2,0.901,91.5,-0.397,10,maintain
0.844,92.9,41.1,1.49,0,2,0.888,81.5,0.032,9,upgrade
0.078,35.5,158.6,2.87,20,6,0.415,33.3,-0.018,8,downgrade
0.596,82.8,100.4,2.25,7,6,0.568,59.3,0.112,8,maintain
0.879,100,45.9,1.33,3,1,0.858,94.0,0.165,10,upgrade
0.157,54.8,146.3,3.14,20,8,0.331,50.9,-0.14,7,downgrade
0.5,52.7,111.2,2.31,10,1,0.808,68.2,-0.145,3,maintain
0.978,85.3,41.7,1.46,0,2,0.914,86.5,0.142,10,upgrade
0.852,86.6,41.8,1.54,1,2,0.841,84.5,0.166,7,upgrade
0.862,93.6,46.5,1.86,2,4,0.898,90.6,0.098,8,upgrade
0.843,50.9,102.8,2.8,4,5,0.84,78.4,0.095,6,maintain
0.777,79.2,88.2,1.83,5,2,0.913,93.6,0.135,4,upgrade
0.385,21.7,108.8,3.37,10,4,0.466,22.7,-0.264,2,downgrade
0.877,79.9,118.0,2.53,2,7,0.928,88.8,0.094,9,upgrade
0.765,84.5,65.9,2.14,2,2,0.901,78.1,-0.276,10,maintain
0.939,78.9,54.8,2.24,2,2,0.933,87.3,0.146,7,upgrade
0.401,19.7,180,4.15,12,8,0.441,36.4,-0.114,5,downgrade
0.384,27.9,152.7,3.53,6,7,0.497,34.9,0.025,2,downgrade
0.826,65.5,117.2,2.57,4,5,0.911,80.5,0.093,1,maintain
0.378,41.7,100.6,3.04,7,6,0.278,54.2,-0.137,8,downgrade
0.766,68.4,57.9,2.1,1,1,0.911,83.6,-0.046,1,maintain
0.333,36.7,133.4,3.74,13,8,0.362,34.7,-0.229,5,downgrade
0.269,49.4,93.0,2.69,9,3,0.428,55.6,-0.145,5,downgrade
0.809,56.9,103.3,3.06,4,8,0.84,74.1,-0.007,2,maintain
0.956,80.1,87.7,2.37,2,7,0.971,91.1,0.144,4,upgrade
0.27,27.2,88.2,3.66,7,6,0.438,49.7,-0.249,6,downgrade
0.179,27.8,170.3,3.66,14,2,0.224,39.8,-0.106,1,downgrade
0.649,77.8,73.4,2.37,3,6,0.53,62.2,0.021,10,maintain
0.639,67.9,109.4,2.72,7,6,0.548,79.9,0.087,5,maintain
0.822,64.8,64.8,2.33,4,4,0.659,64.8,0.268,6,maintain
0.639,61.4,90.1,2.66,9,4,0.576,71.9,0.118,4,maintain
0.258,37.0,143.3,3.95,15,8,0.197,62.1,-0.132,3,downgrade
0.917,80.4,87.1,2.02,2,5,0.831,82.3,0.038,3,upgrade
0.513,65.0,144.9,2.93,9,7,0.687,76.5,0.347,4,maintain
1.0,94.8,69.5,2.01,0,7,0.924,88.8,0.158,6,upgrade
0.79,75.2,69.1,2.39,1,6,0.598,60.3,-0.073,6,maintain
0.305,21.5,180,3.78,13,3,0.444,20.4,-0.161,8,downgrade
0.433,24.4,141.4,3.88,7,3,0.511,26.3,-0.024,8,downgrade
0.899,71.6,100.4,2.69,1,6,0.919,83.3,0.049,8,upgrade
0.918,100,48.2,1.46,1,2,0.895,78.7,0.06,5,upgrade
1.0,92.7,69.8,2.02,0,6,0.913,87.7,-0.09,10,upgrade
0.643,47.1,165.7,3.51,8,7,0.468,72.0,0.095,7,maintain
0.531,23.9,95.5,3.59,9,6,0.718,20.0,-0.228,5,downgrade
0.261,33.7,96.6,3.23,14,5,0.224,52.0,-0.282,5,downgrade
0.6,45,118.3,3.64,6,6,0.539,64.1,0.057,5,maintain
0.977,88.5,61.5,1.94,0,4,0.888,82.0,0.051,10,upgrade
0.416,41.3,121.1,3.3,8,6,0.641,57.0,-0.282,2,downgrade
0.971,92.4,68.4,1.49,5,3,0.866,94.9,-0.005,5,upgrade
0.983,84.7,67.1,2.38,1,8,0.887,83.0,0.095,8,maintain
0.908,92.0,65.4,1.83,3,1,0.872,82.6,0.097,10,upgrade
0.829,91.2,50.4,1.46,4,2,0.975,83.6,0.208,5,upgrade
0.854,92.4,83.8,1.76,5,3,0.966,92.6,-0.09,9,upgrade
0.5,76.8,95.8,2.42,7,3,0.836,79.9,0.169,6,maintain
0.358,20.8,125.6,3.93,12,6,0.287,28.6,-0.207,8,downgrade
0.735,56.8,71.9,2.65,8,6,0.609,79.9,-0.06,8,maintain
0.697,45,136.8,3.28,8,4,0.68,46.9,-0.161,7,maintain
0.98,89.9,77.8,2.04,0,5,0.808,83.3,-0.078,7,upgrade
0.927,93.6,71.8,2.22,0,2,0.963,94.1,0.204,9,upgrade
0.255,54.5,109.9,2.53,18,2,0.295,63.0,-0.257,2,downgrade
0.92,52.1,89.1,2.52,1,2,0.594,65.1,-0.101,9,maintain
0.326,5,171.1,4.24,17,5,0.427,16.1,0.044,2,downgrade
0.159,36.1,102.5,2.98,12,6,0.187,33.8,-0.023,6,downgrade
0.371,47.2,108.1,3.14,15,6,0.232,60.2,-0.144,6,downgrade
0.644,56.0,124.8,3.21,6,5,0.762,66.0,0.306,10,maintain
0.43,24.7,157.6,4.0,11,5,0.193,16.6,-0.1,3,downgrade
0.449,21.9,85.4,3.23,2,2,0.379,39.8,0.027,2,downgrade
0.906,86.0,81.7,2.0,3,1,0.878,91.1,0.121,8,upgrade
0.89,89.8,89.2,2.29,4,8,0.897,82.8,-0.039,5,maintain
0.835,74.3,59.4,2.26,2,3,0.918,87.6,0.064,7,upgrade
0.762,73.5,74.6,1.91,2,4,0.883,81.4,-0.08,1,maintain
0.689,88,64.9,1.8,6,6,0.776,69.6,0.102,9,maintain
0.561,66.9,68.7,2.0,6,1,0.765,66.6,-0.213,4,maintain
0.882,75.7,87.6,2.09,3,5,0.872,100,-0.021,10,upgrade
0.5,51.4,156.3,3.42,11,8,0.773,75.2,-0.193,1,maintain
0.894,82.7,96.1,2.0,3,5,0.949,92.2,0.017,9,upgrade
0.717,84.0,84.3,2.39,6,5,0.97,95.0,0.11,3,upgrade
0.551,24.8,140.3,4.08,7,8,0.64,30.2,-0.026,3,downgrade
0.5,76.5,123.4,2.64,12,3,0.84,65.5,-0.009,9,maintain
0.93,85.5,81.6,2.34,0,2,0.857,91.8,0.155,5,upgrade
0.646,18.9,145.3,3.56,8,4,0.673,28.4,-0.043,1,downgrade
0.5,62.5,100.8,2.71,14,6,0.674,52.6,-0.128,5,maintain
0.751,67.7,55.7,2.21,1,1,0.735,58.9,-0.004,1,maintain
0.85,100,43.3,1.31,6,4,0.911,86.0,0.123,3,upgrade
0.762,79.6,56.7,1.69,4,2,0.77,66.0,-0.148,2,maintain
0.652,57.6,90.5,3.13,2,7,0.812,76.9,0.034,2,maintain
0.903,91.9,34.0,1.34,0,2,0.964,90.0,0.007,3,upgrade
0.882,63.6,49.4,2.07,0,2,0.492,79.9,0.035,4,maintain
0.507,45,92.8,3.09,9,4,0.708,73.6,-0.072,8,maintain
0.906,78.2,80.2,2.26,1,7,0.959,85.2,-0.374,7,maintain
0.693,57.0,84.1,3.04,5,8,0.721,54.3,0.162,10,maintain
0.23,35.1,168.0,3.33,14,5,0.244,39.7,-0.298,7,downgrade
0.467,37.0,150.1,3.21,13,6,0.376,40.6,0.096,1,downgrade
0.887,77.4,55.6,2.17,1,4,0.891,93.6,0.136,9,upgrade
0.367,28.3,126.1,3.61,14,6,0.284,32.3,-0.269,5,downgrade
0.835,67.1,89.9,2.82,4,7,0.826,88.0,0.076,4,upgrade
0.142,62.6,130.0,3.1,8,5,0.133,78,-0.364,8,downgrade
0.36,30.9,124.0,2.87,8,2,0.25,11.1,-0.224,8,downgrade
0.862,73.6,56.3,2.38,1,3,0.961,84.4,0.115,1,maintain
0.563,54.8,98.7,2.49,8,1,0.57,61.7,-0.002,9,maintain
0.252,22.1,138.7,4.38,11,7,0.313,24.2,-0.264,6,downgrade
0.78,77.0,72.1,1.96,3,1,0.876,75.2,-0.09,3,upgrade
0.917,70.0,77.8,2.81,2,5,0.877,74.6,0.223,4,upgrade
0.849,83.7,78.1,2.33,2,5,0.952,86.6,0.165,7,upgrade
0.902,73.9,50.1,1.63,2,3,0.867,75.2,0.216,7,upgrade
0.779,54.3,125.1,3.0,5,2,0.605,57.4,0.018,6,maintain
0.381,39.3,126.7,3.44,9,8,0.68,31.8,-0.187,3,downgrade
0.963,82.8,80.1,2.25,2,1,0.875,87.3,0.158,7,upgrade
0.206,43.6,165.7,3.3,16,5,0.246,39.9,-0.201,4,downgrade
0.91,87.6,79.0,2.17,2,7,0.825,83.4,-0.016,8,upgrade
0.374,47.7,124.9,2.57,16,4,0.465,50.7,-0.232,8,downgrade
0.491,31.2,139.1,3.96,5,8,0.613,29.6,-0.099,6,downgrade
0.83,66.5,105.5,2.96,5,7,0.948,79.2,0.298,1,maintain
0.333,18.7,174.6,3.38,13,3,0.395,23.2,-0.236,3,downgrade
0.224,46.6,142.4,3.13,17,8,0.247,42.2,-0.014,7,downgrade
0.932,74.5,56.1,2.45,1,3,0.887,89.4,0.2,4,upgrade
0.633,34.0,124.4,3.04,6,4,0.833,49.4,-0.01,7,downgrade
0.962,100,41.7,1.38,0,3,0.898,85.0,0.136,6,upgrade
0.766,100,87.2,1.55,10,7,0.852,94.1,0.1,7,upgrade
0.723,83.5,77.5,2.12,6,3,0.905,86.8,-0.05,1,maintain
0.606,18.4,114.7,3.99,3,4,0.536,10.6,-0.298,8,downgrade
0.821,91.9,79.0,1.71,4,7,0.975,70.6,-0.017,6,upgrade
0.223,56.2,148.2,3.23,15,7,0.285,72.3,-0.19,4,downgrade
0.745,85.4,61.9,2.63,3,2,0.951,80.5,-0.012,2,maintain
0.626,31.0,160.4,3.74,6,7,0.791,44.0,-0.393,6,downgrade
0.899,83.9,50.3,1.53,5,1,0.922,90.1,0.012,6,upgrade
0.298,34.2,95.4,3.16,9,6,0.321,40.0,-0.093,2,downgrade
0.795,69.1,73.1,2.18,3,6,0.768,57.0,0.244,9,maintain
0.423,32.7,143.7,3.58,9,6,0.48,41.5,-0.195,6,downgrade
0.801,85.9,70.7,1.69,3,4,0.968,86.4,0.115,7,upgrade
0.279,38.6,119.3,3.45,11,7,0.351,35.1,0.012,3,downgrade
0.813,82.0,71.4,2.2,2,1,0.918,83.9,-0.073,5,upgrade
0.603,78.6,112.2,2.74,8,5,0.516,75.7,0.02,1,maintain
0.888,82.5,75.3,2.12,4,5,0.849,91.6,0.186,5,upgrade
0.872,91.3,41.5,1.66,3,1,0.884,87.0,0.02,6,upgrade
0.493,12.7,93.4,3.61,3,4,0.328,17.5,-0.209,3,downgrade
0.301,38.3,123.6,3.11,9,2,0.415,43.0,-0.165,3,downgrade
0.298,67.4,130.7,2.7,15,5,0.309,73.1,-0.083,6,downgrade
0.299,40.2,113.5,3.38,11,6,0.305,42.9,0.178,7,downgrade
0.875,62,80.7,2.83,1,4,0.92,85.3,0.054,4,upgrade
0.321,41.4,126.6,3.21,9,5,0.307,64.9,-0.433,7,downgrade
0.401,62.6,91.1,2.94,10,5,0.306,60.2,-0.108,1,downgrade
0.243,47.7,111.6,2.97,20,5,0.434,56.8,-0.138,1,downgrade
0.189,29.5,155.8,4.2,19,8,0.05,28.3,-0.231,2,downgrade
0.728,61.8,104.3,2.66,4,8,0.69,78.8,0.012,3,maintain
0.901,82.4,63.1,2.0,1,1,0.898,91.1,0.379,6,upgrade
0.985,100,44.0,1.46,0,7,0.933,80.6,0.107,6,upgrade
0.921,90.8,84.5,2.31,1,6,0.932,84.7,0.162,6,upgrade
0.848,82.2,47.4,1.65,0,1,0.975,84.9,-0.0,10,upgrade
0.196,55.0,88.7,3.2,7,8,0.327,39.0,-0.096,3,downgrade
0.323,42.5,175.7,3.63,11,7,0.297,46.9,-0.024,1,downgrade
0.692,63.4,111.9,3.01,5,7,0.597,50.3,0.169,3,maintain
0.928,95.6,64.4,1.54,3,6,0.929,85.2,0.117,9,upgrade
0.721,69.5,83.0,2.32,2,3,0.656,73.2,0.231,6,maintain
0.406,19.3,141.5,3.73,10,4,0.586,34.9,-0.288,4,downgrade
0.251,51.0,112.2,3.49,9,7,0.432,77.1,-0.097,7,downgrade
0.263,39.5,128.1,2.89,9,2,0.307,46.8,-0.126,2,downgrade
0.982,83.2,72.9,2.11,0,7,0.933,91.8,0.022,3,upgrade
0.333,30.0,159.1,3.96,17,3,0.315,57.0,-0.117,2,downgrade
0.725,74.1,94.9,2.48,6,3,0.937,80.6,0.174,2,maintain
0.219,36.8,142.3,3.31,14,8,0.177,31.0,-0.188,6,downgrade
0.922,84.7,88.7,2.56,2,4,0.907,94.6,0.062,6,upgrade
0.914,68.9,58.2,2.11,4,3,0.883,78.0,-0.165,7,maintain
0.684,53.7,91.4,2.4,5,3,0.84,60.9,-0.084,10,maintain
0.334,38.1,147.3,3.3,10,3,0.338,27.5,-0.214,2,downgrade
0.934,100,62.8,1.47,1,5,0.873,91.2,0.038,6,upgrade
0.986,93.3,71.6,2.3,0,7,0.896,83.3,0.132,9,upgrade
0.382,59.1,107.1,2.79,4,6,0.335,48.1,-0.274,7,downgrade
0.634,70.4,110.5,2.3,6,6,0.84,57.5,0.059,1,maintain
0.682,77.1,77.4,1.95,8,1,0.535,79.9,0.007,9,maintain
0.402,22.4,180,4.18,11,7,0.165,14.8,-0.153,3,downgrade
0.842,94.0,63.3,1.67,6,1,0.923,93.1,0.023,4,upgrade
0.735,73.9,49.9,2.22,3,2,0.678,56.7,-0.124,4,maintain
0.757,81.9,113.9,2.33,4,8,0.838,72.8,0.013,4,maintain
0.814,79.4,65.9,2.16,2,5,0.885,91.8,0.071,6,upgrade
0.913,95.9,60.8,1.64,0,1,0.911,93.8,-0.08,5,upgrade
0.582,45,90.1,2.51,7,3,0.743,56.8,0.06,6,maintain
0.829,94.7,60.4,2.0,2,5,0.969,94.3,-0.001,5,upgrade
0.554,27.4,90.8,3.23,6,3,0.707,35.3,-0.063,5,downgrade
0.361,37.8,134.2,2.88,12,5,0.221,45.3,-0.355,1,downgrade
0.814,86.2,92.9,2.33,5,5,0.853,89.8,0.209,4,upgrade
0.381,23.6,111.1,3.13,13,2,0.387,44.4,-0.062,8,downgrade
0.259,34.0,82.2,2.93,10,3,0.324,46.2,-0.298,2,downgrade
0.876,85.2,55.1,1.69,2,1,0.788,86.3,0.209,4,upgrade
0.5,68.7,106.9,1.76,12,2,0.84,77.9,-0.056,10,maintain
0.729,87.5,105.3,2.22,4,7,0.856,91.2,-0.444,7,maintain
0.782,77.2,105.2,2.6,2,8,0.563,66.0,0.114,7,maintain
0.909,92.3,75.1,1.71,4,2,0.93,85.7,0.181,10,upgrade
0.333,42.2,144.3,3.73,15,8,0.337,45.9,-0.223,7,downgrade
0.687,59.6,127.8,3.35,5,5,0.486,69.6,-0.059,7,maintain
0.92,71.9,92.8,2.56,2,2,0.667,79.9,-0.003,4,maintain
0.369,43.2,170.8,3.78,11,8,0.249,26.3,0.024,5,downgrade
0.934,80.4,65.2,1.96,1,5,0.905,81.7,0.124,6,upgrade
0.715,60.4,88.2,2.56,5,4,0.621,65.2,0.164,5,maintain
0.286,34.2,160.4,2.83,18,3,0.379,31.5,-0.139,1,downgrade
0.926,85.3,71.4,1.88,2,2,0.887,82.7,0.151,8,upgrade
0.442,10.0,177.2,4.02,14,6,0.421,49.3,0.058,5,downgrade
0.925,73.6,53.4,2.41,2,2,0.86,89.5,-0.342,7,maintain
0.865,58.7,78.6,2.78,3,4,0.749,55.6,-0.246,7,maintain
0.908,83.4,61.6,2.13,0,1,0.901,93.2,0.23,9,upgrade
0.684,63.0,105.3,2.4,5,4,0.538,65.0,0.141,7,maintain
0.721,64.0,95.9,2.29,7,1,0.927,82.5,-0.154,9,maintain
0.608,62.4,92.0,2.75,6,5,0.84,77.0,0.005,9,maintain
0.824,80.9,58.3,2.39,1,6,0.874,92.9,0.077,4,upgrade
0.796,87.6,91.7,2.11,5,4,0.973,93.6,-0.055,6,upgrade
0.812,56.7,109.7,2.63,2,7,0.716,48.9,0.019,5,maintain
0.918,84.1,64.0,2.24,0,2,0.894,95.6,-0.001,8,upgrade
0.179,26.0,113.3,3.55,7,4,0.177,34.6,-0.133,7,downgrade
0.706,61.1,90.0,2.4,8,1,0.67,65.1,-0.296,6,maintain
0.29,48.0,125.2,2.85,8,4,0.269,67.3,0.224,8,downgrade
0.27,39.6,115.0,3.34,14,8,0.296,28.2,-0.201,1,downgrade
0.821,100,51.5,1.45,3,3,0.866,78.0,-0.026,6,upgrade
0.29,30.9,112.3,2.99,16,5,0.424,16.2,-0.092,8,downgrade
0.574,70.5,137.2,2.86,7,8,0.65,61.5,-0.075,9,maintain
0.953,82.4,52.0,1.99,0,5,0.929,93.8,0.036,4,upgrade
0.889,88.6,50.5,1.88,3,4,0.925,90.0,0.157,3,upgrade
0.649,47.5,149.0,3.06,9,8,0.743,60.6,-0.169,4,maintain
0.831,63.1,88.6,2.36,4,3,0.967,92.0,0.29,1,maintain
0.5,52.6,89.3,2.5,11,1,0.84,61.8,-0.089,2,maintain
0.891,83.5,88.1,2.99,2,7,0.869,84.9,0.011,8,upgrade
0.688,45,80.9,2.99,5,4,0.6,79.9,-0.055,2,maintain
0.807,75.1,112.5,2.46,7,4,0.938,80.2,-0.072,2,maintain
0.407,23.4,102.9,3.37,13,4,0.514,21.5,-0.063,7,downgrade
0.84,76.1,62.7,2.09,3,4,0.894,91.2,-0.298,6,maintain
0.357,41.0,99.1,3.63,8,5,0.316,61.9,-0.182,8,downgrade
0.82,86.6,87.9,2.56,3,7,0.892,80.8,0.256,1,maintain
0.994,92.1,63.0,1.76,0,3,0.829,83.0,0.24,10,upgrade
0.832,85.9,84.4,1.93,4,7,0.85,87.9,-0.029,5,upgrade
0.215,48.6,103.2,3.21,7,7,0.118,71.6,0.195,4,downgrade
0.887,81.9,95.2,2.54,2,6,0.876,80.0,-0.27,10,maintain
0.347,9.4,153.4,4.19,13,6,0.487,7.3,-0.127,4,downgrade
0.924,90.7,37.5,1.77,0,3,0.906,88.7,0.154,10,upgrade
0.947,75.5,74.1,2.25,2,2,0.894,84.1,0.265,5,upgrade
0.417,34.6,119.2,3.02,7,3,0.54,24.9,0.052,6,downgrade
0.934,79.3,71.0,2.1,0,3,0.863,92.8,0.026,1,maintain
0.211,28.0,150.4,3.35,17,8,0.05,12.9,-0.346,5,downgrade
0.5,54.9,84.8,2.71,11,4,0.84,63.5,-0.019,6,maintain
0.965,84.0,58.7,1.86,0,2,0.976,75.0,0.149,7,upgrade
0.856,78.5,82.4,2.81,2,7,0.892,82.7,0.306,9,upgrade
0.855,82.7,56.9,1.87,5,2,0.743,78.3,0.034,3,maintain
0.74,82.3,54.0,1.83,4,4,0.928,83.8,0.113,1,maintain
0.797,97.7,76.5,1.87,2,6,0.932,81.9,0.179,9,upgrade
0.336,24.2,165.6,3.58,9,8,0.336,36.6,-0.053,3,downgrade
0.936,76.7,69.9,2.65,1,5,1.0,85.0,0.15,7,upgrade
0.253,41.5,128.9,3.12,14,8,0.243,43.0,-0.261,6,downgrade
0.203,35.4,116.7,3.14,12,4,0.073,29.4,0.185,5,downgrade
0.892,75.7,51.8,1.48,0,3,0.878,92.9,0.094,7,upgrade
0.865,86.5,91.9,1.98,4,2,0.929,82.6,0.269,2,maintain
0.897,77.7,72.5,1.95,0,2,0.844,95.5,0.039,7,upgrade
0.679,60.3,136.5,2.73,9,6,0.623,73.7,-0.024,5,maintain
0.274,16.3,140.6,4.19,5,6,0.334,15.2,-0.327,3,downgrade
0.435,5,126.3,4.49,14,4,0.308,8.1,-0.134,2,downgrade
0.667,77.1,113.8,2.47,8,6,0.58,79.9,-0.017,9,maintain
0.908,97.4,64.9,1.83,0,6,0.924,85.7,-0.001,8,upgrade
0.883,87.3,60.7,1.78,2,1,0.902,91.2,0.101,4,upgrade
0.689,77.5,108.3,2.35,3,8,0.648,54.2,-0.025,6,maintain
0.959,96.7,39.0,1.36,0,1,0.903,84.8,-0.016,10,upgrade
0.5,67.6,102.7,2.37,11,1,0.66,54.5,0.036,8,maintain
0.675,76.7,88.7,2.35,7,7,0.683,56.7,-0.296,2,maintain
0.941,81.7,97.7,2.52,2,5,0.818,93.5,0.161,8,upgrade
0.518,62.2,134.0,2.84,10,3,0.617,70.2,-0.136,8,maintain
0.97,84.2,68.6,1.78,0,6,0.948,90.9,0.061,6,upgrade
0.164,53.8,115.3,3.1,15,6,0.308,50.4,-0.237,2,downgrade
0.426,22.5,142.2,3.68,9,6,0.481,35.5,-0.056,2,downgrade
0.692,48.8,101.2,2.6,7,3,0.685,59.5,-0.01,4,maintain
0.869,82.0,90.9,2.34,1,3,0.852,84.0,0.134,4,upgrade
0.281,63.1,83.2,2.88,7,6,0.125,34.6,0.05,5,downgrade
0.464,28.8,123.1,3.72,9,8,0.487,30.6,-0.081,3,downgrade
0.644,53.1,99.9,2.65,6,1,0.744,65.4,0.191,7,maintain
0.5,74.2,133.2,2.59,9,8,0.69,62.2,-0.019,6,maintain
0.426,21.3,104.9,3.8,8,3,0.548,32.9,-0.144,4,downgrade
0.85,84.8,92.5,2.35,4,7,0.89,81.3,0.036,8,upgrade
0.372,62.9,120.6,2.62,14,2,0.432,65.1,-0.151,5,downgrade
0.963,72.9,109.5,2.97,0,6,0.979,68.3,0.141,7,upgrade
0.732,65.9,100.2,2.6,4,2,0.801,48.2,0.058,6,maintain
0.51,38.0,123.5,2.97,10,5,0.461,34.3,-0.328,6,downgrade
0.398,23.2,125.5,3.68,8,3,0.482,54.8,-0.184,3,downgrade
0.183,26.2,175.6,3.75,13,7,0.229,24.8,-0.021,1,downgrade
0.861,81.5,66.1,1.9,2,1,0.563,49.5,-0.133,2,maintain
0.395,33.5,135.7,3.13,16,2,0.35,46.4,-0.325,2,downgrade
0.748,46.9,61.3,2.82,0,4,0.601,66.1,-0.241,10,maintain
1.0,96.2,36.0,1.58,0,4,0.888,86.3,0.04,8,upgrade
0.951,88.3,84.2,2.67,3,8,0.979,95.3,0.12,10,maintain
0.5,66.1,100.9,2.43,9,6,0.776,63.9,-0.111,9,maintain
0.906,96.9,38.3,1.44,0,3,0.773,90.7,0.175,3,upgrade
0.804,48.2,78.2,3.28,1,7,0.597,68.7,0.155,2,maintain
0.765,56.3,99.5,3.17,4,6,0.84,63.3,0.079,3,maintain
0.247,39.5,138.7,3.28,11,4,0.515,52.1,-0.116,3,downgrade
0.806,52.6,129.7,3.06,5,2,0.737,79.9,0.253,1,maintain
0.698,83.3,33.3,1.57,0,2,0.84,45,-0.064,5,maintain
0.964,87.4,74.2,2.17,0,3,0.916,78.8,-0.079,4,upgrade
0.869,74.1,52.1,2.2,3,1,0.745,45,-0.031,4,maintain
0.632,50.0,73.9,2.71,5,5,0.771,77.0,0.164,10,maintain
0.386,46.8,84.0,2.94,8,3,0.342,72.6,-0.246,2,downgrade
0.896,100,64.3,1.61,1,4,0.854,88.4,0.229,8,upgrade
0.208,40.6,113.4,3.04,6,6,0.124,52.7,-0.246,8,downgrade
0.974,92.9,47.4,1.92,0,4,0.938,89.2,0.097,5,upgrade
0.509,58.6,113.2,2.33,11,6,0.566,75.6,-0.169,3,maintain
0.631,57.6,99.5,3.03,4,7,0.45,77.6,-0.118,1,maintain
0.821,90.6,53.0,1.73,1,4,0.879,81.0,0.216,8,upgrade
0.932,74.7,81.9,2.48,2,7,0.98,75.3,0.149,7,upgrade
0.979,73.4,85.0,2.58,1,4,0.835,81.3,0.198,7,upgrade
0.397,22.2,115.0,3.85,7,4,0.356,19.0,-0.181,8,downgrade
0.688,45.6,84.9,2.77,4,4,0.58,73.5,-0.024,9,maintain
0.781,56.3,148.6,3.19,6,7,0.722,61.6,0.174,9,maintain
0.273,51.1,134.8,3.27,11,8,0.194,68.8,-0.181,7,downgrade
0.878,71.3,58.5,2.03,0,3,0.918,92.4,0.194,8,upgrade
0.818,83.9,102.9,2.64,5,6,0.874,82.7,0.166,2,maintain
0.913,80.3,63.1,1.68,4,5,0.899,85.0,0.122,5,upgrade
0.936,83.7,79.0,1.87,3,3,0.922,84.0,0.199,3,upgrade
0.902,82.2,70.4,2.41,1,4,0.961,65,0.166,5,upgrade
0.91,86.8,48.3,1.67,3,1,0.93,94.3,0.133,6,upgrade
0.885,77.5,87.2,2.36,3,4,0.881,92.1,0.228,8,upgrade
0.859,77.5,56.8,2.4,0,4,0.953,91.6,-0.037,5,upgrade
0.685,58.2,90.3,2.31,5,1,0.679,77.9,-0.091,9,maintain
0.732,63.3,123.6,3.04,2,8,0.576,76.6,0.01,7,maintain
0.909,90.1,74.8,1.89,1,4,0.943,89.9,-0.03,4,upgrade
0.266,44.9,102.9,2.84,12,3,0.365,32.2,-0.042,4,downgrade
0.833,83.1,57.9,2.19,4,7,0.87,80.0,-0.134,6,maintain
0.502,58.0,99.9,2.93,8,7,0.659,68.3,-0.048,2,maintain
0.74,60.0,92.9,2.58,2,6,0.599,79.9,-0.212,7,maintain
0.917,88.7,71.6,1.8,2,8,0.941,87.3,0.115,4,maintain
0.442,43.8,107.0,3.45,9,2,0.462,70.9,-0.308,8,downgrade
0.871,67.4,66.4,2.51,0,1,0.725,58.7,0.162,8,maintain
0.434,34.5,106.5,3.41,12,8,0.591,34.9,-0.035,7,downgrade
0.988,82.3,65.8,1.84,2,2,0.909,97.6,0.133,4,upgrade
0.359,29.4,98.2,3.35,6,6,0.233,31.6,-0.038,7,downgrade
0.747,86.5,56.6,1.75,4,2,0.941,85.3,-0.319,7,maintain
0.802,73.2,58.6,2.2,2,6,0.62,72.2,-0.071,1,maintain
0.467,17.2,143.8,3.92,7,6,0.454,35.2,-0.368,3,downgrade
0.789,96.4,61.5,1.8,1,3,0.87,80.6,0.12,4,upgrade
0.868,77.0,63.0,2.05,1,4,0.905,82.8,-0.253,7,maintain
0.926,78.5,62.0,2.45,0,7,0.957,83.9,0.141,9,upgrade
0.951,85.7,82.4,2.59,1,6,0.869,86.4,0.204,3,upgrade
0.232,18.3,140.7,3.65,17,4,0.403,30.3,-0.348,5,downgrade
0.896,95.5,64.4,1.65,2,2,0.9,84.5,-0.01,9,upgrade
0.851,74.8,52.7,1.87,3,1,0.97,83.9,-0.022,5,upgrade
0.444,35.9,175.0,3.84,7,7,0.546,50.3,-0.029,2,downgrade
0.7,86.4,62.6,1.91,3,4,0.733,64.4,0.094,3,maintain
0.896,66.5,75.9,2.21,0,1,0.858,85.1,0.199,1,maintain
0.786,45,91.7,2.78,4,2,0.84,79.3,-0.06,1,maintain
0.241,27.1,172.4,3.63,17,6,0.326,20.4,-0.114,7,downgrade
0.816,90.3,59.4,1.55,3,4,0.891,86.9,0.067,7,upgrade
0.759,61.6,97.2,2.32,8,2,0.663,49.7,-0.288,7,maintain
0.263,41.7,175.1,3.02,17,6,0.492,44.3,-0.171,6,downgrade
0.908,79.7,78.2,1.82,5,1,0.938,88.2,-0.0,9,upgrade
0.539,80.2,68.2,1.58,6,1,0.609,71.1,-0.05,2,maintain
0.52,66.2,104.2,3.02,11,6,0.84,69.3,0.333,10,maintain
0.548,83.1,98.2,1.94,11,8,0.625,54.0,-0.081,5,maintain
0.195,53.6,103.5,3.31,16,8,0.05,64.5,0.039,8,downgrade
0.516,36.7,161.6,3.7,6,8,0.508,49.9,-0.159,5,downgrade
0.304,10.5,121.7,4.22,9,6,0.441,5,-0.206,5,downgrade
0.79,81.6,50.2,1.74,2,6,0.74,70.3,0.023,3,maintain
0.831,95.5,70.1,1.84,4,4,0.85,80.2,0.176,7,upgrade
0.811,88,83.8,2.42,7,7,0.595,72.0,-0.285,9,maintain
0.23,15.2,142.0,3.75,16,4,0.136,5,0.112,1,downgrade
0.5,79.3,89.7,2.21,14,3,0.642,69.3,0.194,7,maintain
0.633,45,109.9,3.13,11,1,0.763,58.8,0.082,5,maintain
0.493,41.7,116.3,3.56,13,7,0.435,46.7,-0.026,8,downgrade
0.637,61.7,78.1,2.3,4,3,0.647,62.1,0.17,3,maintain
0.174,54.6,110.1,2.99,10,3,0.23,58.0,-0.185,8,downgrade
0.975,87.3,58.1,1.41,0,4,0.945,90.9,0.039,4,upgrade
0.399,10.0,156.4,4.11,7,4,0.656,16.0,-0.211,3,downgrade
0.788,82.2,80.4,2.3,5,6,0.505,70.4,0.057,10,maintain
0.385,23.3,127.6,3.61,4,5,0.395,15.2,-0.122,2,downgrade
0.419,11.8,121.8,3.57,8,4,0.217,32.6,-0.047,2,downgrade
0.195,42.8,138.4,3.01,16,4,0.336,54.4,-0.082,8,downgrade
0.784,49.4,115.4,3.01,5,3,0.689,79.9,0.092,3,maintain
0.539,78.2,81.4,2.31,5,6,0.84,74.2,-0.159,3,maintain
0.664,77.9,68.6,2.53,3,2,0.759,79.9,-0.041,4,maintain
0.402,18.9,162.8,3.95,10,5,0.26,23.5,-0.283,2,downgrade
0.571,67.2,74.0,2.41,7,2,0.668,46.4,0.139,10,maintain
0.585,74.6,96.6,1.96,9,5,0.685,45,0.096,8,maintain
0.745,62.2,98.2,2.94,0,8,0.611,64.4,-0.014,7,maintain
0.933,75.9,58.3,2.12,0,4,0.871,85.3,-0.051,7,upgrade
0.898,85.6,83.5,2.11,2,8,0.933,96.7,0.043,8,maintain
0.845,89.3,98.5,2.32,3,6,0.942,90.3,0.108,6,upgrade
0.626,73.3,81.2,2.66,7,4,0.655,65.2,0.103,10,maintain
0.713,80.3,68.7,1.75,4,2,0.902,92.2,-0.068,5,upgrade
0.489,30.4,114.3,3.79,8,6,0.219,50.5,-0.186,6,downgrade
0.522,83.6,81.8,1.95,9,5,0.78,62.0,0.092,9,maintain
0.859,95.2,61.2,1.85,2,7,0.892,99.4,-0.09,5,upgrade
0.75,82.4,82.7,2.28,6,6,0.957,91.9,-0.018,2,maintain
0.918,100,21.1,0.93,0,1,0.962,85.0,0.111,10,upgrade
0.645,77.1,92.9,2.14,6,8,0.828,61.1,-0.215,6,maintain
0.351,39.8,111.6,3.17,9,3,0.305,31.4,-0.288,7,downgrade
0.272,47.2,88.1,3.49,11,6,0.39,58.6,0.147,6,downgrade
0.241,46.7,106.9,3.38,8,7,0.301,20.2,-0.333,8,downgrade
0.288,26.7,109.8,3.3,7,2,0.28,24.6,-0.104,8,downgrade
0.401,15.0,122.4,3.61,11,1,0.54,45,0.166,9,maintain
0.185,24.1,116.3,4.16,7,6,0.07,36.0,-0.066,1,downgrade
0.908,91.7,41.7,1.31,0,1,0.943,85.7,0.062,6,upgrade
0.172,20.4,153.1,3.46,16,7,0.188,18.3,-0.28,5,downgrade
0.213,30.3,151.7,3.7,13,5,0.236,41.5,-0.249,3,downgrade
0.793,65.0,87.8,2.26,6,6,0.934,84.1,-0.274,4,maintain
0.427,27.1,156.3,3.8,11,3,0.309,44.6,-0.281,4,downgrade
0.288,18.7,101.4,3.92,5,7,0.513,29.3,-0.253,5,downgrade
0.681,62.5,88.1,2.57,7,1,0.811,68.8,0.18,10,maintain
0.746,88,87.1,1.94,4,4,0.652,55.5,-0.046,2,maintain
0.281,61.2,98.6,2.24,8,3,0.366,68.1,-0.152,3,downgrade
0.838,86.6,92.3,2.29,5,5,0.946,86.8,0.205,4,upgrade
0.323,46.1,88.8,2.68,18,2,0.576,45.2,-0.077,4,downgrade
0.274,32.9,180,3.56,14,7,0.427,44.7,-0.175,6,downgrade
0.5,60.0,137.2,2.94,15,8,0.468,74.7,0.006,7,maintain
0.867,94.7,79.7,2.0,0,6,0.968,83.1,-0.016,9,upgrade
0.253,32.0,98.4,3.54,12,2,0.338,38.9,-0.125,7,downgrade
0.66,64.2,83.5,2.39,4,6,0.84,64.4,0.327,6,maintain
0.858,99.8,35.0,1.15,0,3,0.851,92.0,0.148,8,upgrade
0.834,62.4,67.4,2.21,2,2,0.939,86.6,0.185,2,maintain
0.264,48.7,87.7,3.08,6,6,0.334,51.7,-0.246,6,downgrade
0.836,79.3,73.3,2.57,2,5,0.771,89.8,0.095,9,upgrade
0.4,19.7,128.5,3.86,11,5,0.277,31.6,-0.101,8,downgrade
0.962,81.2,73.6,2.24,0,6,0.936,89.3,-0.09,9,upgrade
0.92,74.6,82.0,2.25,0,3,0.803,63.8,0.15,4,maintain
0.414,38.7,105.2,3.19,6,2,0.401,33.2,-0.305,8,downgrade
0.5,66.4,121.9,2.56,10,5,0.63,57.9,-0.072,2,maintain
0.813,96.0,75.6,1.76,2,7,0.876,83.7,0.163,8,upgrade
0.5,87.5,81.1,1.85,8,3,0.692,62.7,0.126,4,maintain
0.657,53.7,82.5,2.09,6,1,0.682,57.2,-0.127,6,maintain
1.0,86.9,64.9,1.63,2,3,0.945,93.0,0.116,6,upgrade
0.205,24.1,153.2,3.32,12,8,0.29,32.6,-0.265,4,downgrade
0.398,57.2,90.9,3.13,6,8,0.46,75.0,-0.108,1,downgrade
0.979,77.1,83.1,2.09,3,3,0.94,89.0,0.393,10,upgrade
0.871,100,70.9,1.69,4,6,0.886,89.5,0.151,4,upgrade
0.792,72.3,81.6,2.05,5,4,0.84,52.4,0.128,9,maintain
0.5,56.4,118.3,2.48,5,6,0.817,59.9,0.005,4,maintain
0.744,61.9,88.1,2.47,5,2,0.45,68.8,0.01,6,maintain
0.334,36.9,126.3,3.06,11,6,0.206,48.0,-0.06,2,downgrade
0.392,31.0,130.8,3.69,12,7,0.493,38.6,0.013,3,downgrade
0.812,73.7,70.9,2.25,4,1,0.808,62.0,-0.006,6,maintain
0.848,56.7,105.2,3.01,4,8,0.7,47.1,-0.041,9,maintain
0.5,45,113.3,2.95,6,4,0.748,47.7,-0.017,4,maintain
0.879,72.6,43.8,1.76,1,2,0.824,89.0,0.14,7,upgrade
0.278,33.4,150.8,3.35,18,7,0.502,33.1,-0.094,2,downgrade
0.392,38.2,136.2,3.33,9,3,0.261,34.7,0.069,2,downgrade
0.889,76.9,84.8,2.32,5,6,0.976,81.3,-0.078,6,upgrade
0.372,19.4,167.5,3.67,14,3,0.736,27.2,-0.149,4,downgrade
0.625,63.3,93.1,2.27,11,4,0.715,55.9,-0.178,6,maintain
0.412,52.9,108.2,2.85,8,4,0.226,59.7,-0.269,3,downgrade
0.544,25.5,101.0,3.37,8,2,0.77,32.9,0.024,3,downgrade
0.902,75.0,61.1,2.0,0,3,0.903,92.4,-0.09,4,upgrade
0.203,29.9,159.7,3.45,19,5,0.054,40.9,-0.037,5,downgrade
0.625,61.9,102.0,2.87,9,4,0.633,57.8,-0.013,2,maintain
0.934,78.1,67.4,2.1,0,4,0.944,65,0.062,7,upgrade
0.839,84.5,70.4,1.82,4,2,0.972,92.0,0.047,8,upgrade
0.242,32.0,74.3,2.89,9,3,0.169,42.7,-0.165,6,downgrade
0.192,38.5,158.8,3.58,19,3,0.399,38.3,-0.01,7,downgrade
0.919,90.4,41.7,1.77,1,4,0.946,84.9,-0.05,8,upgrade
0.848,97.5,46.1,1.59,2,1,0.798,90.8,0.164,8,upgrade
0.809,84.1,73.3,1.84,4,3,0.83,87.0,0.062,8,upgrade
0.332,47.3,100.1,2.98,9,6,0.46,37.1,-0.324,6,downgrade
0.506,47.0,87.4,2.74,4,1,0.72,48.5,-0.05,2,maintain
0.829,65.8,68.9,2.54,4,4,0.698,62.6,-0.035,3,maintain
0.405,26.7,144.9,3.51,14,7,0.517,35.4,-0.062,7,downgrade
0.451,36.3,73.3,2.74,6,2,0.472,36.6,-0.215,5,downgrade
0.881,75.4,92.0,2.55,4,7,0.817,86.6,0.093,7,upgrade
0.866,88.8,49.3,1.93,0,4,0.86,90.2,0.081,9,upgrade
0.684,56.8,127.8,2.97,3,6,0.761,73.2,-0.054,4,maintain
0.288,50.5,130.6,2.58,11,4,0.253,38.6,-0.213,4,downgrade
0.986,100,52.9,1.51,3,4,0.96,85.3,0.23,5,upgrade
0.892,87.4,72.0,2.19,0,2,0.965,77.0,-0.006,7,upgrade
0.878,91.8,38.3,1.47,2,2,0.938,81.6,0.124,10,upgrade
0.904,92.1,70.0,1.53,3,4,0.858,93.0,0.001,8,upgrade
0.982,83.3,66.2,1.88,0,4,0.937,85.6,-0.024,5,upgrade
0.937,85.0,93.0,2.09,3,6,0.89,95.0,0.06,8,upgrade
0.692,69.3,80.1,1.97,6,2,0.572,65.5,-0.187,7,maintain
0.827,66.0,80.8,2.3,0,1,0.867,80.9,-0.209,7,maintain
0.95,79.5,81.4,2.6,0,5,0.862,88.6,-0.272,5,maintain
0.658,54.5,91.1,3.03,7,5,0.45,62.0,0.078,7,maintain
0.519,77.6,72.6,2.33,5,4,0.655,59.4,0.019,6,maintain
0.825,94.4,77.0,2.16,1,5,0.949,88.9,-0.002,9,upgrade
0.59,56.9,82.9,2.97,9,8,0.664,62.8,0.028,6,maintain
0.211,35.1,108.1,3.31,15,4,0.245,34.6,0.02,5,downgrade
0.258,37.4,151.7,3.5,17,8,0.216,38.5,-0.228,3,downgrade
0.835,65.3,88.8,2.4,3,3,0.711,73.4,-0.24,10,maintain
0.279,44.3,119.3,3.15,16,8,0.307,54.7,-0.0,5,downgrade
0.699,63.9,63.1,2.17,3,1,0.522,70.8,-0.129,1,maintain
0.948,80.5,89.1,2.3,1,6,0.829,93.7,0.151,3,upgrade
0.892,85.1,61.4,1.7,1,2,0.891,88.4,0.151,10,upgrade
0.551,66.7,73.1,2.25,6,5,0.45,79.9,-0.088,7,maintain
0.965,100,81.3,1.97,1,6,0.893,81.2,0.128,6,upgrade
0.828,79.6,54.2,1.97,3,1,0.988,88.6,-0.041,6,upgrade
0.695,65.8,66.2,2.48,4,4,0.598,45.2,0.136,8,maintain
0.387,34.4,86.7,3.14,6,4,0.284,52.7,0.001,5,downgrade
0.23,34.9,150.1,3.73,11,8,0.167,48.5,0.028,6,downgrade
0.623,16.4,158.5,4.02,7,7,0.347,37.7,-0.193,8,downgrade
0.208,17.0,180,3.73,17,3,0.338,5,-0.331,2,downgrade
0.728,86.0,70.0,2.3,3,7,0.948,89.3,0.136,1,maintain
0.866,76.6,94.9,2.83,4,6,0.744,70.9,-0.201,7,maintain
0.305,41.1,160.8,3.31,13,6,0.203,31.1,-0.159,2,downgrade
0.166,45.2,127.1,3.07,18,6,0.397,32.3,-0.215,7,downgrade
0.755,86.7,118.4,2.48,5,8,0.901,88.2,0.05,1,maintain
0.885,88.1,79.1,2.38,1,6,0.787,93.1,0.066,7,upgrade
0.5,86.8,114.4,1.92,8,8,0.697,61.0,-0.041,7,maintain
0.555,63.8,100.1,2.33,5,6,0.563,56.7,0.321,9,maintain
0.186,43.4,122.8,3.06,11,3,0.382,55.0,0.0,3,downgrade
0.734,61.9,52.1,2.24,1,2,0.781,62.0,0.22,2,maintain
0.317,34.7,103.7,3.32,15,5,0.416,40.9,-0.215,4,downgrade
0.879,67.6,72.4,2.67,1,3,0.918,86.9,-0.416,7,maintain
0.5,65.7,83.9,2.41,8,2,0.84,45.2,0.067,8,maintain
0.872,91.0,65.5,1.57,3,1,0.971,90.9,0.027,3,upgrade
0.701,45,78.1,2.98,1,6,0.8,79.9,-0.007,5,maintain
0.993,88.8,54.0,2.01,0,5,0.885,87.7,0.162,7,upgrade
0.836,84.2,74.8,2.18,4,5,0.877,82.0,0.218,6,upgrade
0.2,24.3,160.8,3.63,13,5,0.257,5,-0.025,1,downgrade
0.845,72.9,65.5,2.45,3,1,0.924,89.8,0.183,1,maintain
0.932,91.2,69.4,1.89,4,7,0.91,91.3,-0.057,9,upgrade
0.843,69.8,60.3,2.13,4,7,0.853,89.2,0.016,6,upgrade
0.96,76.0,43.5,2.05,1,1,0.893,82.6,0.023,7,upgrade
0.851,86.5,61.0,1.67,4,1,0.925,77.1,0.078,10,upgrade
0.215,30.1,146.1,3.28,7,8,0.291,36.3,0.211,2,downgrade
0.8,74.4,77.5,1.95,4,4,0.827,90.1,0.046,4,upgrade
0.257,22.3,180,4.14,14,4,0.257,30.1,0.115,3,downgrade
0.727,51.8,78.2,2.51,6,2,0.652,70.0,0.107,5,maintain
0.995,81.4,63.3,1.89,1,5,0.908,71.3,0.207,8,upgrade
0.67,55.5,85.9,2.64,3,1,0.796,70.7,0.049,8,maintain
0.649,45,130.0,3.13,7,2,0.72,79.9,-0.005,9,maintain
0.939,81.1,77.1,2.05,3,3,0.986,79.9,0.355,8,upgrade
0.416,34.4,123.1,3.35,10,3,0.488,35.0,0.01,8,downgrade
0.885,93.7,67.9,2.06,2,2,0.876,89.2,0.055,4,upgrade
0.678,79.6,71.7,2.13,9,1,0.63,79.9,0.072,1,maintain
0.914,95.8,35.1,1.38,0,2,0.94,70.0,-0.012,9,upgrade
0.666,60.0,89.3,2.65,5,6,0.824,79.9,-0.116,7,maintain
0.81,45,106.1,2.74,4,2,0.788,67.6,-0.086,7,maintain
0.427,30.4,119.1,3.84,8,5,0.497,34.3,-0.291,4,downgrade
0.793,62.1,129.1,3.3,2,6,0.631,45,-0.073,6,maintain
0.261,55.7,104.8,2.32,12,2,0.254,55.1,-0.025,2,downgrade
1.0,86.9,91.2,2.21,0,6,0.893,86.9,0.242,9,upgrade
0.398,25.9,86.6,3.34,9,5,0.487,35.0,-0.174,1,downgrade
0.328,49.8,100.6,2.49,10,4,0.472,78,-0.114,8,downgrade
0.731,60.8,110.7,2.62,5,3,0.703,49.1,-0.185,6,maintain
0.199,42.7,153.0,3.48,11,6,0.299,60.4,-0.049,8,downgrade
0.564,60.3,78.3,2.89,7,7,0.683,70.3,0.242,8,maintain
0.856,90.0,42.5,1.09,0,3,0.966,85.9,0.043,10,upgrade
0.271,39.6,147.6,3.03,11,3,0.326,41.2,0.143,2,downgrade
0.578,70.1,111.8,2.27,9,3,0.681,45,0.104,4,maintain
0.29,38.9,152.1,3.42,12,5,0.345,34.9,-0.368,5,downgrade
0.948,78.1,100.6,2.31,3,6,0.943,80.1,0.139,10,upgrade
0.857,90.0,94.1,2.44,3,6,0.919,74.9,0.154,10,upgrade
0.882,83.4,67.6,1.92,0,4,0.861,82.4,0.226,6,upgrade
0.197,38.2,130.7,3.41,7,6,0.279,48.6,-0.247,7,downgrade
0.298,43.7,112.2,2.84,14,5,0.282,45.2,-0.439,2,downgrade
0.663,65.9,103.1,2.38,6,3,0.606,79.7,0.195,5,maintain
0.826,58.4,69.7,2.89,4,6,0.616,57.9,-0.02,3,maintain
0.415,34.5,155.8,3.94,13,6,0.713,11.0,-0.071,6,downgrade
0.973,74.6,45.1,2.2,0,2,0.791,85.7,0.143,5,upgrade
0.281,28.8,168.6,3.32,17,8,0.379,30.2,-0.14,5,downgrade
0.901,78.4,62.8,1.79,1,4,0.894,94.8,0.079,5,upgrade
0.279,45.2,129.9,2.78,12,4,0.371,59.6,-0.142,5,downgrade
0.934,84.1,40.9,1.73,0,1,0.935,82.8,0.115,6,upgrade
0.902,80.9,76.2,2.14,1,5,0.929,83.4,0.186,1,maintain
0.799,82.6,65.1,1.68,3,1,1.0,94.8,0.095,10,upgrade
0.843,66.2,58.6,2.41,4,2,0.926,84.8,-0.188,9,maintain
0.886,78.2,100.4,2.22,3,5,0.887,83.8,0.052,4,upgrade
0.432,14.6,113.3,3.9,11,3,0.374,16.7,0.061,4,downgrade
0.899,90.6,54.6,1.76,3,5,0.915,91.1,-0.011,6,upgrade
0.851,86.0,51.5,1.45,2,1,0.913,94.2,0.168,8,upgrade
0.33,12.2,146.0,3.72,14,2,0.188,42.4,-0.205,5,downgrade
0.267,25.3,176.5,4.03,10,7,0.092,31.8,0.016,2,downgrade
0.884,93.9,67.7,1.61,4,3,0.866,94.7,0.216,6,upgrade
0.518,19.6,144.6,3.69,9,8,0.501,26.0,-0.259,4,downgrade
0.264,50.6,99.8,2.95,10,2,0.225,48.4,-0.278,6,downgrade
0.747,83.5,81.3,1.91,7,5,0.834,94.2,0.038,4,upgrade
0.953,94.9,52.4,1.53,0,3,0.916,89.6,0.136,10,upgrade
0.188,14.8,168.1,4.07,7,5,0.384,13.3,-0.089,7,downgrade
0.857,85.4,87.8,2.54,3,6,0.965,83.0,0.057,10,upgrade
0.386,42.5,157.2,3.29,10,6,0.52,38.3,-0.007,6,downgrade
0.47,32.2,128.9,3.79,8,6,0.499,49.8,-0.16,2,downgrade
0.855,84.4,74.6,1.97,5,6,0.903,74.8,0.085,9,upgrade
0.362,9.4,101.5,3.85,10,2,0.345,10.4,-0.145,2,downgrade
0.963,86.9,64.2,1.79,0,4,0.892,86.5,0.188,10,upgrade
0.322,30.5,130.0,3.22,11,3,0.443,42.7,-0.17,6,downgrade
0.576,75.0,78.3,2.1,7,6,0.692,48.8,0.017,1,maintain
0.802,56.8,82.9,2.85,4,5,0.686,52.2,-0.037,4,maintain
0.777,64.9,65.3,2.19,1,4,0.899,82.4,0.029,2,maintain
0.175,61.1,114.2,2.79,20,4,0.376,51.5,-0.006,5,downgrade
0.343,23.3,141.6,3.67,14,2,0.3,5,-0.042,2,downgrade
0.36,40.1,153.8,3.07,14,2,0.377,40.3,-0.047,1,downgrade
0.441,30.8,114.3,3.96,11,6,0.401,44.0,-0.263,6,downgrade
0.932,88.3,76.1,1.98,1,2,0.787,95.6,0.178,3,upgrade
0.904,77.3,52.4,1.74,1,3,0.884,79.3,0.112,10,upgrade
0.91,91.3,79.3,1.86,0,6,0.893,92.0,-0.09,7,upgrade
0.906,69.0,91.0,2.44,2,7,0.956,79.1,0.235,2,maintain
0.556,65.8,83.1,2.7,7,6,0.45,66.9,0.081,2,maintain
0.761,68.5,72.4,2.63,4,4,0.508,71.2,-0.076,4,maintain
0.658,56.8,77.2,2.67,6,5,0.835,71.2,-0.032,10,maintain
0.919,94.2,50.0,1.65,0,7,0.954,95.9,-0.074,5,upgrade
0.361,46.9,115.5,3.04,13,5,0.426,48.1,-0.326,4,downgrade
0.666,57.9,104.7,3.0,4,8,0.537,63.5,-0.047,3,maintain
0.403,33.5,88.5,3.34,8,5,0.682,20.4,-0.185,5,downgrade
0.372,25.3,139.8,3.52,10,4,0.351,15.2,0.126,8,downgrade
0.356,38.8,102.9,3.13,9,2,0.58,50.4,-0.163,3,downgrade
0.925,81.6,68.1,1.97,0,4,0.869,93.8,0.024,8,upgrade
0.832,71.9,64.0,2.08,4,1,0.961,85.7,-0.304,5,maintain
0.432,38.5,153.8,3.58,15,6,0.251,33.5,-0.092,8,downgrade
0.5,86.4,68.2,1.84,7,5,0.614,74.1,0.17,9,maintain
0.383,26.4,180,4.02,11,7,0.486,24.0,-0.169,5,downgrade
0.18,32.2,91.1,2.85,9,3,0.21,35.8,-0.262,7,downgrade
0.852,81.7,51.6,1.67,1,1,0.965,84.0,0.016,9,upgrade
0.387,21.5,106.0,3.27,12,2,0.494,36.1,-0.192,6,downgrade
0.662,73.8,103.5,2.6,2,7,0.67,66.6,-0.027,6,maintain
0.228,36.5,139.4,3.24,15,3,0.322,31.2,-0.32,4,downgrade
0.883,82.7,81.2,2.07,3,2,0.956,91.0,-0.015,2,maintain
0.946,81.0,43.9,1.84,0,2,0.807,94.0,-0.09,4,upgrade
0.721,45.6,82.9,2.8,5,1,0.82,48.2,-0.074,7,maintain
0.83,45,98.4,2.95,4,5,0.751,59.9,0.08,6,maintain
0.326,34.5,86.0,3.26,10,5,0.632,45.8,-0.112,4,downgrade
0.921,70.8,76.7,2.07,0,5,0.961,98.9,0.184,10,upgrade
0.133,35.5,107.5,3.01,9,2,0.099,40.2,-0.119,3,downgrade
0.943,90.6,50.7,1.82,0,6,0.964,94.3,-0.016,8,upgrade
0.766,60.5,65.0,2.41,1,1,0.544,46.7,0.052,10,maintain
0.37,35.3,103.6,3.27,7,7,0.519,48.3,-0.312,3,downgrade
0.192,54.6,139.0,3.24,11,6,0.213,72.5,-0.041,2,downgrade
0.197,35.0,180,3.51,17,8,0.164,27.8,0.122,7,downgrade
0.386,44.8,131.5,2.99,8,3,0.344,67.7,-0.063,6,downgrade
0.823,77.7,71.7,2.36,2,6,0.849,89.1,0.047,3,upgrade
0.898,92.7,91.0,1.94,4,7,0.938,92.0,-0.021,8,upgrade
0.373,41.1,116.6,3.19,16,4,0.448,36.4,0.134,4,downgrade
0.394,55.2,101.1,2.54,7,4,0.546,36.7,-0.226,7,downgrade
0.891,68.8,93.0,2.49,0,6,0.87,93.0,0.136,10,upgrade
0.5,72.5,101.2,2.68,9,5,0.632,71.9,0.019,3,maintain
0.572,56.4,79.9,2.66,6,7,0.604,67.8,0.086,6,maintain
0.87,77.9,82.5,2.09,4,6,0.973,91.5,0.141,5,upgrade
0.996,88.8,42.1,1.79,0,7,0.941,94.3,0.102,8,upgrade
0.368,29.0,125.4,3.32,15,2,0.271,36.9,0.136,7,downgrade
0.5,71.1,79.4,2.89,4,8,0.78,47.9,-0.328,5,maintain
0.89,85.6,74.9,1.84,5,1,0.831,85.7,-0.014,8,upgrade
0.823,85.5,94.3,2.0,7,6,0.954,78.9,0.167,10,upgrade
0.248,36.1,122.6,3.56,11,6,0.172,32.7,-0.208,4,downgrade
0.895,69.1,71.5,2.73,1,6,0.895,89.4,0.076,3,upgrade
0.914,66.9,47.0,2.15,0,4,0.906,89.2,0.08,1,maintain
0.587,61.4,92.5,2.43,5,4,0.84,58.3,-0.243,6,maintain
0.887,80.4,55.1,1.53,2,1,0.912,91.4,-0.003,4,upgrade
0.342,24.3,147.8,3.98,13,7,0.363,47.6,-0.23,7,downgrade
0.882,85.1,34.1,1.74,0,1,0.857,91.2,-0.372,8,maintain
0.873,85.1,70.0,1.94,2,5,0.941,95.8,0.188,4,upgrade
0.846,70.3,101.6,2.62,5,6,0.585,68.2,-0.062,3,maintain
0.368,36.1,130.6,3.51,9,7,0.331,31.6,-0.169,1,downgrade
0.735,62.5,100.9,2.68,3,7,0.627,79.9,0.14,4,maintain
0.945,88.4,64.9,1.89,1,4,0.907,91.5,0.136,3,upgrade
0.236,46.0,126.6,3.35,11,2,0.207,30.3,-0.294,6,downgrade
0.916,90.1,94.0,2.2,3,5,0.885,85.7,0.212,7,upgrade
0.876,72.8,93.5,2.44,1,6,0.894,93.0,-0.052,1,maintain
0.565,36.9,104.4,2.88,11,3,0.519,52.6,-0.127,5,downgrade
0.711,67.2,86.4,2.21,11,2,0.694,78.2,0.087,2,maintain
0.49,49.3,103.3,2.7,4,3,0.641,50.7,-0.078,1,downgrade
0.976,75.2,71.4,1.95,3,1,0.907,81.9,0.133,8,upgrade
0.68,63.0,103.2,2.69,5,6,0.476,64.3,-0.167,5,maintain
0.932,69.8,82.5,2.06,2,2,0.896,89.6,0.211,8,upgrade
0.853,82.5,81.3,2.51,8,4,0.944,92.2,-0.387,7,maintain
0.203,53.4,103.8,2.55,17,2,0.278,51.4,-0.066,1,downgrade
0.78,65.0,83.0,2.59,1,3,0.677,79.9,-0.036,1,maintain
0.365,33.8,104.4,3.5,5,6,0.246,40.0,-0.16,2,downgrade
0.588,25.4,111.5,3.59,11,5,0.519,29.9,-0.393,3,downgrade
0.824,84.6,66.9,2.21,2,6,0.892,65,0.095,4,upgrade
0.944,92.2,78.5,2.09,1,5,0.908,75.9,-0.05,4,upgrade
0.883,79.1,61.6,2.21,1,4,0.888,75.2,-0.005,4,upgrade
0.5,52.2,85.9,3.07,8,5,0.84,79.9,-0.167,1,maintain
0.5,63.2,89.7,2.46,13,1,0.499,56.1,-0.003,10,maintain
0.855,85.1,50.3,1.69,2,4,0.813,86.6,0.023,4,upgrade
0.416,31.7,152.4,3.56,8,7,0.534,26.8,-0.339,5,downgrade
0.917,80.1,44.7,2.0,0,7,0.75,85.7,-0.015,4,upgrade
0.866,87.9,53.8,2.0,1,3,0.869,84.9,0.06,6,upgrade
0.514,17.8,123.7,3.48,10,4,0.391,8.3,-0.466,3,downgrade
0.81,84.5,74.6,1.78,6,2,0.952,71.5,-0.069,9,upgrade
0.572,32.3,146.7,3.35,9,7,0.542,22.5,0.0,3,downgrade
0.766,73.4,116.9,2.54,9,7,0.887,80.3,-0.349,7,maintain
0.685,64.1,130.6,2.51,8,7,0.575,47.2,-0.019,9,maintain
0.816,75.1,95.8,2.22,6,4,0.88,94.5,0.005,7,upgrade
0.738,45,86.9,2.61,1,1,0.84,46.1,-0.209,9,maintain
0.445,52.5,83.1,2.65,7,6,0.637,69.2,-0.185,3,downgrade
0.249,35.7,162.2,3.31,16,6,0.437,31.4,0.12,8,downgrade
0.232,21.3,131.8,3.59,10,8,0.196,5,0.139,4,downgrade
0.457,18.7,106.6,3.85,7,4,0.717,12.2,-0.025,4,downgrade
0.89,79.3,74.1,2.07,0,2,0.921,86.7,0.292,3,upgrade
0.861,65.3,83.6,2.68,5,7,0.479,73.5,0.088,4,maintain
0.394,18.4,134.3,4.1,12,6,0.54,15.3,-0.37,6,downgrade
0.998,76.7,52.7,2.2,0,2,0.987,82.3,0.104,6,upgrade
0.892,78.2,67.4,2.32,0,5,0.951,75.4,0.117,10,upgrade
0.297,42.6,139.1,3.12,13,7,0.443,53.4,-0.409,3,downgrade
0.968,92.2,90.0,2.05,0,7,0.831,87.2,0.211,10,upgrade
0.459,23.1,82.8,3.64,3,4,0.465,19.8,-0.327,4,downgrade
0.314,47.3,117.8,3.0,17,6,0.41,36.1,-0.055,6,downgrade
0.593,55.4,120.5,3.01,5,5,0.8,54.8,0.155,5,maintain
0.878,73.0,83.9,2.2,3,1,0.982,74.5,0.138,10,upgrade
0.212,34.8,96.7,3.22,7,5,0.32,35.4,0.06,4,downgrade
0.892,79.2,67.6,2.35,3,6,0.925,76.5,0.169,9,upgrade
0.656,69.4,84.0,2.09,7,4,0.674,74.8,0.061,7,maintain
0.244,43.1,99.6,3.4,12,4,0.154,47.4,-0.253,6,downgrade
0.611,66.7,86.3,2.65,3,3,0.624,79.3,0.051,4,maintain
0.272,43.1,158.5,2.87,12,7,0.246,59.6,-0.098,1,downgrade
0.893,81.0,42.3,1.73,0,1,0.925,78.7,0.27,4,upgrade
0.544,72.4,86.3,2.27,12,1,0.684,75.1,0.033,6,maintain
0.597,60.5,67.3,2.63,8,3,0.84,50.9,-0.001,2,maintain
0.867,92.3,62.3,1.79,0,4,0.888,87.3,0.3,5,upgrade
0.772,79.0,101.6,2.44,3,7,0.815,94.0,-0.09,10,upgrade
0.21,31.0,174.7,3.45,17,1,0.905,88.5,0.287,2,maintain
0.581,62.1,118.5,2.49,6,5,0.84,78.1,-0.083,4,maintain
0.418,33.4,165.6,3.19,12,4,0.465,38.3,-0.276,5,downgrade
0.865,69.4,85.8,2.95,5,7,0.832,80.9,0.173,8,upgrade
0.237,46.2,140.5,3.14,6,5,0.24,22.2,-0.026,1,downgrade
0.724,72.5,61.3,1.97,3,1,0.875,80.2,0.205,2,maintain
0.379,33.7,118.9,3.02,14,4,0.359,52.5,-0.008,3,downgrade
0.836,100,54.0,1.25,6,3,0.931,71.8,0.06,5,upgrade
0.965,84.4,29.2,1.51,0,1,0.931,78.0,-0.055,10,upgrade
0.38,27.1,127.6,3.31,11,3,0.472,20.7,-0.202,7,downgrade
0.845,64.8,68.3,2.0,5,3,0.873,83.8,-0.396,6,maintain
0.787,78.9,71.6,1.97,3,4,0.961,84.8,0.071,2,maintain
0.173,57.8,117.5,2.63,14,7,0.26,78,-0.002,6,downgrade
0.72,88,71.4,2.29,4,4,0.735,79.9,-0.039,9,maintain
0.919,56.6,50.5,2.06,0,1,0.536,69.6,0.156,10,maintain
0.933,80.9,88.6,2.25,1,5,0.854,85.9,0.151,2,maintain
0.929,91.6,47.7,1.42,0,3,0.922,80.6,0.112,6,upgrade
0.818,80.5,30.9,1.61,0,1,0.945,91.4,0.227,8,upgrade
0.329,26.4,155.9,3.81,12,7,0.29,27.3,0.123,7,downgrade
0.258,29.4,144.9,3.44,18,8,0.343,30.0,-0.187,2,downgrade
0.5,49.4,79.2,2.66,8,1,0.84,58.6,-0.02,9,maintain
0.281,40.5,127.1,3.43,16,4,0.295,47.1,-0.221,2,downgrade
0.953,77.1,101.3,2.65,1,5,0.899,83.2,0.085,3,upgrade
1.0,98.0,58.1,1.44,2,5,0.905,88.1,0.173,4,upgrade
0.405,11.0,137.4,4.29,8,8,0.337,40.0,0.103,4,downgrade
0.28,43.6,111.7,3.42,13,7,0.235,45.5,-0.329,4,downgrade
0.951,62,74.3,2.7,0,6,0.888,81.7,0.169,6,upgrade
0.64,76.4,87.4,1.78,10,2,0.459,79.9,-0.069,5,maintain
0.854,73.0,93.3,2.48,5,5,0.852,79.0,0.185,1,maintain
0.77,82.2,64.5,1.49,8,2,0.865,85.2,0.069,2,maintain
0.942,91.5,67.4,1.89,2,7,0.916,79.0,0.104,8,upgrade
0.432,33.7,141.2,3.82,8,8,0.307,41.5,0.023,6,downgrade
0.324,51.3,100.1,2.48,17,3,0.075,74.8,0.045,1,downgrade
0.618,45,144.8,3.73,5,8,0.726,62.1,0.001,2,maintain
0.183,32.1,107.5,3.3,13,4,0.359,46.3,-0.096,2,downgrade
0.454,42.9,119.2,3.18,11,5,0.439,35.1,-0.256,8,downgrade
0.334,47.8,135.4,3.04,12,3,0.381,36.9,-0.034,2,downgrade
0.928,90.8,50.4,1.4,1,5,0.981,86.4,0.116,6,upgrade
0.852,88.6,61.8,2.08,1,4,0.812,94.7,-0.017,4,upgrade
0.745,84.9,52.3,1.86,4,2,0.688,45,-0.098,9,maintain
0.161,54.5,138.0,2.74,20,3,0.05,44.1,-0.099,8,downgrade
0.9,81.0,44.0,1.86,1,2,0.952,90.0,0.137,7,upgrade
0.961,85.1,40.7,1.6,2,1,0.905,89.3,0.271,7,upgrade
1.0,92.4,44.1,1.45,0,3,0.928,92.9,0.231,10,upgrade
0.939,82.4,48.3,2.08,1,1,0.906,87.3,0.197,5,upgrade
0.422,38.4,96.2,3.38,5,7,0.706,41.7,-0.197,5,downgrade
0.6,84.9,96.3,1.99,7,2,0.84,71.7,-0.244,6,maintain
0.568,22.6,114.3,3.6,7,4,0.544,37.1,-0.324,8,downgrade
0.279,20.8,126.7,3.52,13,7,0.362,37.1,-0.094,4,downgrade
0.5,77.3,81.9,1.93,9,2,0.735,54.8,0.113,5,maintain
0.892,80.7,84.3,1.94,3,5,0.899,78.7,-0.007,1,maintain
0.433,62.2,99.5,2.38,13,2,0.238,45.3,0.03,2,downgrade
0.833,84.2,44.6,2.02,2,1,0.85,79.4,0.093,6,upgrade
0.352,27.3,149.0,4.14,15,8,0.543,5,-0.231,4,downgrade
0.193,47.1,150.2,3.06,20,3,0.142,51.6,-0.174,3,downgrade
0.375,30.4,127.1,3.25,10,4,0.356,30.4,-0.024,7,downgrade
0.25,34.9,113.5,2.65,9,2,0.301,29.8,0.042,2,downgrade
1.0,100,48.8,1.6,0,4,0.907,84.0,0.119,8,upgrade
0.429,25.7,113.4,3.48,8,2,0.42,43.1,0.203,7,downgrade
0.543,63.9,160.4,2.99,13,5,0.818,61.3,-0.033,3,maintain
0.392,32.6,102.0,3.52,9,5,0.299,29.0,-0.487,5,downgrade
0.563,16.5,120.7,4.11,5,7,0.455,8.4,-0.12,3,downgrade
0.241,70,104.9,2.52,9,5,0.52,68.1,-0.21,1,downgrade
0.816,79.6,83.9,1.92,4,4,0.529,52.3,0.015,9,maintain
0.885,88.7,60.3,2.15,1,3,0.785,91.1,0.047,4,upgrade
0.579,72.2,73.1,2.51,2,8,0.722,71.7,0.149,7,maintain
0.686,81.2,75.5,1.73,6,4,0.496,79.8,-0.063,9,maintain
0.257,19.5,151.6,4.0,10,8,0.395,31.3,-0.114,1,downgrade
0.278,34.9,90.8,3.21,8,4,0.377,47.2,-0.121,8,downgrade
0.926,82.5,79.0,2.48,3,6,0.947,88.9,0.155,4,upgrade
0.994,83.0,43.1,1.7,0,3,0.943,88.6,0.183,3,upgrade
0.794,54.8,79.2,2.37,1,3,0.659,62.6,-0.1,6,maintain
0.6,65.1,63.9,2.29,7,3,0.84,79.9,0.012,3,maintain
0.281,37.9,124.2,3.05,16,2,0.401,55.2,-0.166,6,downgrade
0.308,26.3,156.5,3.38,12,5,0.291,22.4,0.029,8,downgrade
0.786,83.0,54.9,1.89,4,1,0.822,95.4,0.207,10,upgrade
0.874,78.5,71.4,2.01,6,6,0.845,93.9,-0.09,8,upgrade
0.739,79.3,86.4,1.99,6,5,0.871,84.2,0.133,2,maintain
0.211,29.5,176.0,3.68,20,7,0.382,25.3,-0.205,3,downgrade
0.243,38.1,180,3.34,14,5,0.189,46.5,0.076,5,downgrade
0.716,76.9,89.7,2.24,8,5,0.821,76.1,0.011,3,maintain
0.664,69.2,65.5,2.5,2,5,0.732,54.9,-0.082,8,maintain
0.3,33.5,180,3.63,18,8,0.341,37.0,-0.209,2,downgrade
0.817,77.1,99.7,2.47,5,7,0.936,90.6,-0.031,7,upgrade
0.944,88.4,56.3,1.88,0,5,0.9,74.7,0.214,7,upgrade
0.5,73.5,110.2,2.25,7,5,0.689,67.6,0.097,3,maintain
0.32,43.2,122.3,2.96,8,2,0.368,74.0,-0.059,2,downgrade
0.92,56.6,79.6,2.87,0,4,0.84,77.6,0.059,5,maintain
0.602,85.0,74.1,2.11,5,1,0.645,79.9,-0.063,2,maintain
0.299,38.3,112.3,3.13,9,3,0.366,34.0,-0.289,6,downgrade
0.338,40.7,169.7,3.64,13,6,0.343,37.0,-0.133,5,downgrade
0.406,31.0,117.4,3.22,15,3,0.415,41.1,-0.179,4,downgrade
0.348,34.4,180,3.87,19,3,0.428,55.5,-0.198,4,downgrade
0.524,65.1,81.7,2.49,4,7,0.747,76.3,0.08,2,maintain
0.3,29.9,138.8,3.31,13,5,0.249,12.4,-0.332,4,downgrade
0.732,60.6,103.2,2.87,3,8,0.589,77.9,0.02,5,maintain
0.709,59.7,97.9,3.11,7,8,0.45,61.9,0.028,6,maintain
0.64,60.0,88.9,2.22,8,3,0.645,71.4,-0.04,9,maintain
0.329,33.3,103.9,3.82,5,8,0.425,42.8,-0.168,3,downgrade
0.695,49.1,80.2,2.86,7,6,0.816,45.2,-0.006,1,maintain
0.942,83.8,98.4,2.27,3,6,0.913,94.1,0.109,7,upgrade
0.327,21.7,132.9,3.66,7,7,0.357,9.9,-0.147,3,downgrade
0.479,39.3,92.4,3.14,5,8,0.518,16.9,-0.342,5,downgrade
0.751,62.8,136.0,3.02,5,8,0.864,81.9,-0.168,4,maintain
0.629,57.6,80.7,2.78,7,3,0.496,79.9,-0.299,4,maintain
0.889,91.9,41.9,1.65,0,4,0.793,85.7,0.078,9,upgrade
0.745,75.1,57.1,1.77,2,1,0.84,58.0,0.074,7,maintain
0.285,53.4,115.3,3.22,14,7,0.292,42.3,-0.159,3,downgrade
0.253,52.2,105.7,3.3,6,7,0.208,74.7,-0.171,1,downgrade
1.0,86.7,38.7,1.4,0,2,0.923,88.2,0.02,7,upgrade
0.247,28.6,139.4,3.61,11,8,0.303,42.7,-0.099,4,downgrade
0.382,40.8,104.6,3.28,13,2,0.313,51.2,-0.004,4,downgrade
0.353,22.9,152.5,3.9,11,8,0.403,33.6,-0.203,8,downgrade
0.221,53.1,133.0,2.96,17,7,0.187,43.3,-0.377,2,downgrade
0.698,65.2,128.9,2.94,4,7,0.765,79.9,0.084,8,maintain
0.933,92.8,72.6,1.74,0,5,0.919,80.6,0.086,6,upgrade
0.632,60.4,85.1,2.33,2,4,0.767,66.2,0.053,3,maintain
0.54,53.6,84.0,2.79,5,4,0.765,67.2,-0.042,3,maintain
0.691,68.3,110.5,2.34,8,5,0.585,62.9,0.147,7,maintain
0.817,89.9,76.5,2.39,3,6,0.851,84.8,0.085,8,upgrade
0.865,89.6,39.7,1.58,2,3,0.939,87.0,0.199,9,upgrade
0.303,18.8,142.1,4.37,5,7,0.355,33.9,-0.119,3,downgrade
0.925,75.9,82.1,2.48,0,6,0.953,94.4,0.039,3,upgrade
0.9,60.4,81.0,2.39,2,6,0.45,67.7,-0.017,10,maintain
0.587,46.8,114.2,3.25,7,2,0.636,47.3,0.15,10,maintain
0.839,82.2,83.2,2.04,5,6,0.977,76.1,0.377,8,upgrade
0.41,32.9,129.3,3.39,16,2,0.439,31.3,-0.078,8,downgrade
0.665,73.2,93.1,2.34,6,5,0.653,53.4,-0.181,9,maintain
0.328,25.7,180,3.9,14,3,0.234,47.2,-0.04,4,downgrade
0.318,23.8,149.4,3.46,10,5,0.575,32.7,0.062,3,downgrade
0.639,48.5,94.8,2.87,2,8,0.486,57.9,-0.16,7,maintain
0.792,84.4,87.8,2.13,4,2,0.904,75.9,0.147,3,upgrade
0.506,48.2,96.2,2.72,10,1,0.629,53.9,-0.151,4,maintain
0.921,88.0,55.8,1.83,2,4,0.818,94.1,0.088,4,upgrade
0.383,45.4,103.7,2.61,14,3,0.414,49.7,-0.095,2,downgrade
0.154,52.2,118.4,2.47,13,2,0.295,40.5,-0.24,8,downgrade
0.261,29.3,128.4,3.51,13,8,0.293,56.4,-0.148,8,downgrade
0.789,76.5,80.1,2.35,5,7,0.973,83.7,0.191,6,upgrade
0.592,50.1,106.6,2.58,7,3,0.742,56.5,0.143,4,maintain
0.764,75.4,87.8,1.83,7,2,0.977,71.4,0.063,10,upgrade
0.988,71.0,58.6,2.69,0,4,0.944,83.3,0.176,4,upgrade
0.875,82.3,60.3,1.83,5,2,0.902,74.9,0.074,3,upgrade
0.92,79.5,62.5,2.19,0,3,0.809,94.7,0.106,6,upgrade
0.5,65.7,82.0,2.24,8,3,0.677,45,0.079,3,maintain
0.579,35.0,114.8,3.26,10,4,0.716,31.9,-0.014,1,downgrade
0.279,37.2,131.6,3.91,6,7,0.773,54.9,-0.283,3,downgrade
0.914,90.8,58.5,1.79,4,1,0.908,78.3,-0.047,9,upgrade
0.858,83.1,67.9,1.39,5,2,0.868,93.8,0.038,7,upgrade
0.311,28.8,175.5,3.51,15,5,0.178,37.1,-0.011,5,downgrade
0.865,82.9,70.3,2.31,0,7,0.928,82.1,0.162,4,upgrade
0.86,94.5,43.1,1.43,3,1,0.967,81.0,0.147,5,upgrade
0.877,86.0,54.6,1.52,2,2,0.89,86.6,0.105,3,upgrade
0.944,72.4,80.9,2.38,4,8,0.862,78.0,0.116,1,maintain
0.369,17.4,180,3.86,16,6,0.477,32.9,-0.05,6,downgrade
0.331,25.9,112.8,3.77,6,5,0.573,31.7,-0.295,1,downgrade
0.431,24.0,136.6,3.3,7,3,0.52,63.5,-0.354,1,downgrade
0.541,61.0,67.5,2.07,14,1,0.492,71.2,-0.214,10,maintain
0.926,88.3,51.9,1.93,0,4,0.865,87.0,-0.017,9,upgrade
0.456,31.1,112.2,2.94,15,3,0.626,28.8,0.062,2,downgrade
0.456,23.6,123.5,3.62,5,3,0.392,46.0,-0.089,8,downgrade
0.92,86.3,67.9,2.45,0,4,0.944,88.3,0.057,6,upgrade
0.894,87.0,44.4,1.47,0,1,0.931,81.0,0.127,10,upgrade
0.528,27.5,104.0,3.57,7,3,0.698,12.1,0.071,3,downgrade
0.206,22.8,180,4.03,10,8,0.297,22.2,0.005,8,downgrade
0.958,90.2,62.8,1.74,2,1,0.903,80.3,-0.076,3,upgrade
1.0,92.1,63.2,1.82,4,3,0.93,76.6,-0.047,4,upgrade
0.225,25.2,174.8,3.24,18,2,0.39,12.0,-0.096,1,downgrade
0.86,88.1,74.3,1.79,1,3,0.872,93.9,0.161,3,upgrade
0.792,66.2,55.3,2.16,0,3,0.945,78.4,-0.402,9,maintain
1.0,85.1,42.7,2.17,0,2,0.892,80.5,-0.043,10,upgrade
0.876,82.3,47.5,1.74,0,7,0.856,86.4,-0.368,4,maintain
0.872,81.9,59.5,1.76,3,1,0.942,86.4,0.11,3,upgrade
0.859,85.2,48.9,1.85,4,2,0.922,80.3,-0.404,8,maintain
0.337,43.3,94.2,3.16,11,4,0.281,49.0,-0.145,4,downgrade
0.66,72.1,87.8,2.31,6,3,0.692,79.6,0.229,5,maintain
0.962,94.5,76.0,1.79,3,6,0.956,78.4,0.079,7,upgrade
0.864,60.1,65.3,2.92,0,3,0.796,71.1,-0.329,3,maintain
0.36,55.0,102.8,2.78,9,3,0.249,78,-0.029,3,downgrade
0.879,93.8,47.7,1.35,0,4,0.863,79.2,0.012,8,upgrade
0.247,38.8,140.0,2.85,13,2,0.294,42.8,-0.041,2,downgrade
0.806,47.8,89.6,2.82,2,1,0.759,45,-0.011,5,maintain
0.87,96.9,50.4,1.53,4,1,0.968,88.0,-0.046,10,upgrade
0.4,22.7,122.0,3.91,15,4,0.469,12.3,0.007,3,downgrade
0.41,46.8,158.6,3.22,12,7,0.424,65.5,-0.294,8,downgrade
0.578,78.3,53.4,2.07,3,1,0.759,79.9,-0.273,8,maintain
0.941,76.9,56.1,2.29,2,4,0.877,89.9,0.005,4,upgrade
0.515,69.0,129.1,2.39,11,6,0.712,61.5,0.026,5,maintain
0.828,77.9,82.6,2.39,4,7,0.895,87.9,-0.042,5,upgrade
0.92,63.6,92.1,2.74,3,6,0.745,66.3,0.157,3,maintain
0.157,5,89.3,3.51,8,2,0.358,7.7,0.194,8,downgrade
0.377,38.3,171.7,3.81,9,8,0.418,71.5,-0.374,3,downgrade
0.82,91.6,45.1,1.4,3,1,0.957,73.6,-0.012,6,upgrade
0.885,92.4,49.0,1.76,1,4,0.931,95.7,0.021,9,upgrade
0.622,66.4,108.8,2.41,4,8,0.64,53.5,0.032,8,maintain
0.748,75.9,73.0,1.98,3,1,0.921,85.6,0.029,1,maintain
0.571,77.9,78.2,2.73,5,7,0.731,55.5,0.189,5,maintain
0.17,28.5,148.8,3.09,17,3,0.355,33.7,0.015,1,downgrade
0.914,69.0,71.4,2.47,0,4,0.88,88.3,0.235,2,maintain
0.217,36.1,180,3.87,17,8,0.258,40.0,-0.04,3,downgrade
0.317,31.3,145.8,3.63,17,6,0.355,22.2,-0.187,4,downgrade
0.166,43.0,126.5,3.04,16,3,0.134,45.9,-0.184,6,downgrade
0.406,19.5,153.4,4.28,9,8,0.399,17.2,-0.13,6,downgrade
0.232,17.0,158.2,4.08,18,5,0.05,33.1,-0.066,7,downgrade
0.424,20.4,105.5,3.61,14,3,0.359,31.9,0.042,4,downgrade
0.643,50.0,65.5,2.57,3,5,0.718,73.7,-0.034,2,maintain
0.5,45,130.5,3.48,11,7,0.746,50.0,-0.13,5,maintain
0.661,5,88.1,3.89,2,6,0.779,7.8,-0.393,3,downgrade
1.0,90.1,54.8,1.77,2,3,0.925,84.2,0.256,3,upgrade
0.35,41.3,158.8,3.49,9,7,0.52,51.0,0.072,4,downgrade
0.741,63.9,134.6,3.24,6,8,0.93,83.6,-0.079,1,maintain
0.934,82.0,99.7,2.39,1,7,0.908,89.9,0.127,5,upgrade
0.93,83.3,67.2,2.07,0,5,0.966,90.5,0.077,8,upgrade
0.404,36.1,121.8,3.3,10,7,0.362,49.1,-0.32,4,downgrade
0.933,80.5,86.5,2.33,0,5,0.898,87.6,0.105,5,upgrade
0.981,88.5,63.5,2.54,0,7,0.92,92.5,0.096,10,upgrade
0.839,70.0,90.1,2.85,0,8,0.672,79.9,-0.069,2,maintain
0.578,53.9,108.5,2.78,6,7,0.601,79.9,0.165,7,maintain
0.504,13.3,177.4,4.34,5,7,0.542,5,0.061,7,downgrade
0.733,64.8,108.6,3.05,2,8,0.632,66.1,0.23,4,maintain
0.505,14.3,174.9,3.77,11,4,0.632,23.9,-0.183,1,downgrade
0.884,88.1,47.3,1.38,5,4,0.895,83.9,0.042,10,upgrade
0.314,29.6,106.8,2.85,8,2,0.261,33.1,-0.36,3,downgrade
1.0,99.5,57.3,1.57,1,6,0.962,83.7,0.086,5,upgrade
0.626,17.7,157.2,3.82,7,8,0.283,9.8,-0.109,3,downgrade
0.717,83.9,90.1,2.13,4,5,0.659,45,0.116,1,maintain
1.0,80.4,76.1,2.28,0,7,0.873,92.1,0.101,3,upgrade
0.927,86.2,76.0,2.2,0,5,0.805,87.4,0.006,4,upgrade
0.804,62.2,62.4,2.24,0,2,0.783,48.2,0.063,8,maintain
0.266,52.9,134.8,3.83,14,8,0.25,77.4,-0.169,3,downgrade
0.881,76.7,62.6,2.18,1,5,0.897,84.0,0.061,4,upgrade
0.687,45,101.8,2.92,6,8,0.742,79.9,-0.128,8,maintain
0.864,52.7,62.1,2.98,1,5,0.561,67.5,-0.205,8,maintain
0.711,61.6,77.9,3.38,2,4,0.58,67.5,0.171,10,maintain
0.956,75.3,74.7,2.85,1,6,0.943,91.2,0.076,3,upgrade
0.201,19.8,168.5,4.12,13,7,0.379,18.8,-0.189,5,downgrade
0.854,84.8,78.4,1.9,4,6,0.878,93.4,-0.01,4,upgrade
0.622,88,102.2,2.23,8,6,0.66,49.8,-0.072,6,maintain
0.5,59.2,77.5,2.29,4,2,0.812,73.3,0.283,10,maintain
0.782,79.6,58.1,1.64,0,1,0.899,80.7,-0.131,6,maintain
0.886,75.4,83.7,2.17,2,2,0.891,71.1,-0.068,10,upgrade
0.866,80.8,77.0,2.41,3,5,0.76,58.7,0.11,8,maintain
0.723,50.6,120.0,3.05,4,4,0.665,69.6,-0.124,9,maintain
0.915,88.9,38.8,1.65,0,5,0.791,94.0,0.105,9,upgrade
0.588,67.1,107.8,2.82,7,8,0.779,59.5,-0.073,10,maintain
0.852,81.5,85.9,2.42,0,1,0.88,88.5,0.22,7,upgrade
0.376,32.8,129.2,3.31,7,7,0.486,39.2,-0.311,2,downgrade
0.86,83.2,49.9,1.73,4,3,0.829,80.6,0.038,6,upgrade
0.695,47.7,109.8,3.14,3,8,0.805,75.4,-0.193,1,maintain
0.521,58.3,122.2,3.03,13,8,0.728,56.1,-0.022,6,maintain
0.288,41.0,153.3,3.21,7,8,0.405,12.7,0.039,6,downgrade
0.899,80.3,54.7,2.12,1,5,0.936,85.9,-0.021,5,upgrade
0.951,98.9,37.3,1.21,2,1,0.858,86.0,0.164,3,upgrade
0.438,18.9,106.3,3.68,8,4,0.44,37.0,-0.161,5,downgrade
0.773,83.4,57.6,1.69,1,1,0.945,85.7,-0.09,7,upgrade
0.958,73.8,60.7,2.19,0,2,0.901,82.0,0.103,9,upgrade
0.413,20.0,127.4,3.66,14,3,0.469,29.7,-0.135,8,downgrade
0.321,41.5,135.9,2.79,15,2,0.168,49.1,-0.285,5,downgrade
0.241,38.4,139.5,2.97,12,5,0.4,36.9,-0.164,2,downgrade
0.817,87.0,75.8,2.07,6,5,0.917,84.2,0.014,9,upgrade
0.909,92.9,90.6,2.08,3,7,0.945,84.9,0.081,5,upgrade
0.628,64.9,92.8,2.07,6,3,0.5,70.2,0.053,7,maintain
0.716,45,110.3,3.18,3,5,0.683,45,0.35,8,maintain
0.9,85.0,60.8,2.04,0,4,0.812,91.7,0.03,8,upgrade
0.189,33.2,82.2,3.32,13,2,0.239,53.1,-0.323,1,downgrade
0.766,80.1,82.5,2.07,4,3,0.871,81.9,0.028,2,maintain
0.932,83.1,92.9,2.53,2,6,0.881,91.0,-0.09,9,upgrade
0.397,15.3,128.3,4.16,16,6,0.417,22.2,0.081,4,downgrade
0.92,58.8,108.7,3.08,6,7,0.642,52.1,-0.073,9,maintain
0.367,31.1,115.8,3.41,15,4,0.357,29.8,-0.226,6,downgrade
0.297,37.8,138.6,3.02,9,2,0.324,23.3,0.116,2,downgrade
0.258,46.9,133.8,3.18,10,8,0.216,47.4,0.236,1,downgrade
0.626,72.0,122.1,2.48,10,8,0.604,73.0,0.207,1,maintain
0.234,27.8,123.2,3.86,10,6,0.418,61.5,-0.121,2,downgrade
0.256,39.4,179.1,3.18,19,6,0.196,55.3,-0.01,5,downgrade
0.808,64.9,127.4,2.92,4,7,0.861,82.4,-0.046,2,maintain
0.77,84.9,68.6,1.67,3,3,0.891,88.9,-0.044,4,upgrade
0.661,63.7,85.4,2.68,1,8,0.763,59.0,-0.025,3,maintain
0.266,39.3,119.7,2.96,15,5,0.354,40.2,-0.309,2,downgrade
0.908,92.2,54.1,1.77,3,1,0.973,85.6,0.062,7,upgrade
0.906,96.7,48.4,1.43,1,5,0.933,92.7,0.065,9,upgrade
0.677,60.9,80.7,2.12,5,2,0.587,67.6,-0.038,6,maintain
0.907,70.5,90.9,1.91,3,7,0.958,74.8,-0.005,4,upgrade
0.915,94.2,69.0,1.87,7,7,0.829,86.6,0.124,3,upgrade
0.253,41.2,133.1,3.17,7,2,0.385,25.8,-0.099,7,downgrade
0.341,47.8,115.8,2.64,5,3,0.565,61.1,-0.404,7,downgrade
0.807,66.7,79.4,2.25,2,1,0.898,85.7,0.128,2,maintain
0.908,93.3,59.3,1.81,1,3,0.868,88.5,0.031,5,upgrade
0.92,76.8,70.3,1.93,1,3,0.693,55.8,-0.016,8,maintain
0.365,44.6,123.5,3.31,13,6,0.452,50.2,0.25,6,downgrade
0.22,36.6,121.8,3.01,8,4,0.172,32.9,-0.17,5,downgrade
0.787,81.1,60.2,1.9,1,4,0.88,92.1,0.273,2,maintain
0.739,67.7,70.4,1.87,5,1,0.952,92.3,-0.034,2,maintain
0.891,80.9,42.9,2.05,2,1,0.946,81.1,0.112,6,upgrade
0.414,33.8,154.1,3.82,9,4,0.508,35.5,-0.214,1,downgrade
0.949,84.3,63.5,1.74,0,3,0.875,97.3,0.139,5,upgrade
0.723,74.3,86.8,2.43,5,6,0.65,61.3,-0.161,5,maintain
0.272,43.0,92.6,3.0,8,2,0.32,44.9,-0.425,7,downgrade
0.875,73.6,74.7,2.39,2,5,0.959,81.3,0.059,8,upgrade
0.918,82.1,100.0,2.24,3,6,0.858,91.9,0.099,2,maintain
0.863,69.2,102.0,2.72,5,5,0.951,86.3,0.187,1,maintain
0.599,49.8,120.3,3.03,6,2,0.685,79.9,0.168,8,maintain
0.832,83.3,44.0,1.84,1,6,0.95,79.1,0.278,1,maintain
0.794,77.2,81.2,2.14,5,4,0.72,66.4,-0.313,6,maintain
0.815,77.7,68.9,1.73,2,4,0.597,45,0.093,9,maintain
0.628,27.6,96.2,3.13,10,3,0.62,36.4,0.09,7,downgrade
0.34,44.2,141.6,3.56,12,4,0.481,40.6,-0.043,4,downgrade
0.881,86.4,73.7,1.98,0,6,0.972,85.4,0.103,3,upgrade
0.849,64.9,62.1,2.11,3,5,0.961,82.8,-0.416,9,maintain
0.873,73.7,66.3,1.65,3,3,0.925,86.8,0.282,1,maintain
0.658,45,90.9,3.27,5,8,0.695,79.9,-0.08,3,maintain
0.948,84.3,61.1,2.08,2,2,0.924,85.5,0.006,3,upgrade
0.887,84.5,69.6,2.2,0,6,0.878,89.1,0.164,4,upgrade
0.926,88.2,70.5,2.02,0,4,0.946,73.3,0.239,9,upgrade
0.556,68.2,64.1,2.55,6,3,0.629,62.9,-0.03,2,maintain
0.888,83.5,49.7,1.75,0,6,0.853,78.9,0.375,6,upgrade
0.894,83.4,58.9,1.98,2,1,0.967,66.8,-0.006,9,upgrade
0.656,71.6,97.3,2.46,8,3,0.776,57.0,-0.072,9,maintain
0.791,56.2,51.0,2.61,0,1,0.743,62.1,0.077,9,maintain
0.661,52.0,97.4,2.94,2,3,0.7,79.9,-0.336,10,maintain
0.594,30.1,130.4,3.6,7,8,0.568,16.8,-0.363,4,downgrade
0.884,95.0,62.3,1.74,2,6,0.831,94.0,0.04,9,upgrade
0.203,36.5,122.8,3.38,14,5,0.054,41.2,-0.154,6,downgrade
0.92,71.5,80.8,2.53,1,4,0.589,76.1,0.07,2,maintain
0.685,72.0,92.3,2.85,3,8,0.756,58.9,0.15,5,maintain
0.932,91.0,59.2,1.83,0,2,0.927,73.2,-0.09,6,upgrade
0.311,39.2,105.1,2.88,13,3,0.432,34.8,0.088,1,downgrade
0.199,29.2,165.7,3.79,10,8,0.304,42.1,-0.016,6,downgrade
0.296,35.3,127.5,3.16,12,5,0.22,21.6,0.081,4,downgrade
0.507,56.0,77.7,2.51,9,6,0.798,52.0,-0.4,8,maintain
0.91,74.0,65.8,1.93,0,4,0.908,87.1,0.142,8,upgrade
0.314,18.5,150.8,3.87,10,8,0.311,17.0,0.106,8,downgrade
0.5,60.1,144.0,2.99,7,7,0.645,54.5,0.095,6,maintain
0.926,89.3,34.7,1.26,1,1,0.929,85.9,-0.072,6,upgrade
0.683,66.8,117.3,2.89,7,8,0.679,58.9,0.092,10,maintain
0.878,51.7,72.6,2.68,2,2,0.813,68.8,0.123,5,maintain
0.325,15.9,159.5,3.86,16,4,0.406,16.4,-0.195,4,downgrade
0.929,87.0,81.3,2.13,0,7,0.982,92.0,0.037,3,upgrade
0.892,79.8,75.2,2.36,1,1,0.961,84.0,-0.013,7,upgrade
0.438,31.4,113.3,3.33,12,2,0.491,53.6,-0.177,8,downgrade
0.895,90.3,36.3,1.09,4,1,0.946,92.0,0.036,5,upgrade
0.731,55.4,112.9,2.58,4,4,0.526,74.6,0.007,5,maintain
0.92,64.0,116.3,3.1,3,8,0.697,48.1,0.147,5,maintain
0.338,47.2,127.2,3.34,14,6,0.056,48.9,-0.278,5,downgrade
0.795,83.2,90.2,2.2,7,6,0.785,83.4,0.21,6,upgrade
0.841,83.3,82.8,2.5,4,6,0.905,84.2,0.177,5,upgrade
0.877,80.1,75.8,1.94,2,5,0.927,88.3,0.227,8,upgrade
0.202,40.3,129.0,2.85,8,2,0.175,49.5,-0.165,3,downgrade
0.295,36.8,159.6,3.54,13,8,0.361,46.7,0.126,4,downgrade
0.976,82.7,55.9,1.87,0,4,0.799,91.9,0.184,7,upgrade
0.332,52.7,163.0,2.78,18,3,0.623,47.6,-0.078,4,downgrade
0.052,32.6,131.5,3.01,20,2,0.059,44.9,-0.393,7,downgrade
0.5,70.4,112.2,2.17,10,6,0.707,79.9,0.001,8,maintain
0.859,86.8,53.0,1.81,3,6,0.897,86.9,-0.339,9,maintain
0.243,37.9,141.9,3.28,17,3,0.361,51.8,0.105,3,downgrade
0.85,92.7,65.2,1.65,4,2,0.892,95.5,0.015,5,upgrade
0.379,23.9,175.8,3.74,15,7,0.547,13.0,-0.164,6,downgrade
0.5,71.1,127.2,2.54,13,3,0.649,76.5,-0.193,10,maintain
0.821,70.3,109.1,2.58,6,5,0.897,86.6,-0.036,3,upgrade
0.961,95.0,47.0,1.56,0,3,0.975,87.3,0.158,5,upgrade
0.438,42.7,121.7,3.43,10,7,0.591,29.1,-0.001,7,downgrade
0.915,75.5,80.1,2.41,1,5,0.944,82.8,0.281,7,upgrade
0.822,85.9,85.1,2.4,2,5,0.939,88.0,0.25,1,maintain
0.88,86.5,76.0,1.89,2,4,0.876,93.6,0.043,3,upgrade
0.302,39.1,137.7,3.78,7,8,0.445,39.3,-0.149,6,downgrade
0.319,17.9,153.9,3.67,10,2,0.362,13.5,-0.214,6,downgrade
0.777,81.2,87.5,2.36,4,3,0.922,90.2,0.058,2,maintain
0.92,72.7,77.2,2.31,2,7,0.834,69.7,0.051,5,maintain
0.865,94.1,44.9,1.87,2,1,0.865,92.0,0.127,8,upgrade
0.958,71.6,66.6,2.17,2,1,0.91,95.0,-0.09,3,upgrade
0.351,52.0,104.2,2.58,9,7,0.387,50.7,-0.11,4,downgrade
0.899,84.7,36.8,1.52,0,1,0.934,75.5,0.087,5,upgrade
0.948,84.8,59.2,1.99,1,4,0.822,89.9,0.19,5,upgrade
0.987,98.0,76.0,1.68,1,6,0.878,90.9,0.037,9,upgrade
0.555,39.9,90.9,2.84,10,2,0.289,39.6,0.141,1,downgrade
0.609,5.0,111.2,3.85,4,3,0.643,5,-0.046,7,downgrade
0.529,62.7,68.3,2.53,7,3,0.662,45,0.113,8,maintain
0.656,60.3,105.4,2.51,6,4,0.475,50.3,-0.034,4,maintain
0.5,56.1,121.7,2.72,9,7,0.581,76.9,-0.146,1,maintain
0.84,87.3,44.7,1.68,3,2,0.928,95.9,-0.044,4,upgrade
0.847,84.5,70.5,2.05,2,7,0.889,98.1,-0.012,10,upgrade
0.374,34.9,96.1,3.57,9,7,0.465,36.1,-0.103,1,downgrade
0.446,25.3,168.3,3.48,15,3,0.392,39.1,-0.0,3,downgrade
0.176,18.9,128.1,3.9,11,5,0.263,5.9,-0.03,2,downgrade
0.326,42.6,114.5,3.23,10,6,0.567,64.9,-0.272,7,downgrade
0.33,40.9,146.5,3.53,8,3,0.261,40.8,-0.237,8,downgrade
0.857,88.2,55.8,2.42,0,7,0.914,92.2,-0.002,7,upgrade
0.894,90.0,61.6,1.59,1,2,0.778,87.5,0.063,3,upgrade
0.735,63.4,118.9,3.01,2,6,0.634,55.8,-0.291,6,maintain
0.603,52.7,119.6,2.84,6,4,0.84,79.9,0.272,9,maintain
0.872,87.9,61.0,1.63,3,6,0.817,89.6,0.062,8,upgrade
0.185,30.2,148.0,4.62,17,7,0.05,31.9,-0.111,4,downgrade
0.351,20.7,126.7,3.84,16,6,0.2,40.2,-0.179,6,downgrade
0.397,41.3,148.2,3.36,9,4,0.452,49.0,-0.414,5,downgrade
0.924,77.3,58.3,1.74,1,5,0.894,81.9,-0.049,8,upgrade
0.274,65.1,136.0,2.66,18,6,0.416,78,-0.258,7,downgrade
0.889,86.9,57.3,1.93,2,4,0.925,91.0,0.133,4,upgrade
0.877,78.7,73.8,2.06,2,5,0.973,81.7,-0.016,3,upgrade
0.453,25.8,130.2,3.64,10,3,0.395,34.0,-0.12,1,downgrade
0.184,16.6,115.4,3.5,9,3,0.257,47.3,-0.025,8,downgrade
0.915,86.3,82.7,2.18,1,5,0.914,90.9,-0.087,3,upgrade
0.625,74.1,108.4,2.75,9,5,0.741,66.3,0.088,6,maintain
0.823,80.5,94.1,2.19,6,5,0.918,88.7,0.061,8,upgrade
0.649,65.8,91.9,2.8,7,6,0.84,45,-0.147,2,maintain
0.596,71.3,92.7,2.3,6,3,0.817,65.6,-0.237,1,maintain
0.472,34.1,104.2,3.38,9,6,0.617,53.7,0.162,5,downgrade
0.182,27.9,132.1,3.36,12,4,0.167,36.8,0.13,7,downgrade
0.927,77.1,85.3,2.46,1,6,0.939,86.6,0.209,6,upgrade
0.874,73.4,79.0,1.86,3,4,0.978,83.0,0.176,8,upgrade
0.183,31.1,180,3.27,20,4,0.333,41.5,-0.044,4,downgrade
0.921,70.7,106.2,3.19,0,3,0.899,91.2,0.269,1,maintain
0.75,78.1,85.8,3.07,4,8,0.917,85.9,-0.019,1,maintain
0.912,82.9,39.2,1.56,2,1,0.872,82.3,0.242,6,upgrade
0.627,69.3,109.1,2.78,5,3,0.772,48.2,-0.206,10,maintain
0.502,19.0,168.0,3.87,8,7,0.556,41.2,0.0,1,downgrade
0.297,33.3,164.0,3.12,16,5,0.243,43.8,-0.249,2,downgrade
0.654,79.1,101.2,2.32,4,7,0.547,67.9,-0.039,3,maintain
0.51,18.6,168.7,4.32,6,5,0.611,8.0,-0.218,5,downgrade
0.508,76.7,67.2,1.92,4,1,0.631,45,-0.018,9,maintain
0.676,79.9,97.1,2.79,4,5,0.681,64.2,0.02,10,maintain
0.585,65.6,80.6,2.63,6,2,0.589,74.0,-0.0,3,maintain
0.4,23.6,145.1,3.32,10,8,0.658,36.8,-0.222,1,downgrade
0.846,85.7,82.1,1.86,3,4,0.887,92.3,0.12,9,upgrade
0.687,73.4,62.9,2.47,1,5,0.687,62.6,-0.018,10,maintain
0.883,89.5,59.6,2.3,0,4,0.838,86.5,0.219,4,upgrade
0.871,77.5,48.1,1.63,4,2,0.933,95.0,-0.027,10,upgrade
0.426,42.4,127.1,3.16,12,4,0.444,60.3,0.102,1,downgrade
0.437,35.6,138.3,3.5,11,5,0.489,23.3,-0.043,2,downgrade
0.356,20.7,147.2,3.55,6,7,0.206,16.6,-0.048,2,downgrade
0.976,90.6,57.2,1.86,0,6,0.91,82.1,0.075,10,upgrade
0.451,9.6,128.1,3.89,11,3,0.487,18.3,-0.37,1,downgrade
0.595,18.1,118.4,3.79,4,3,0.631,32.6,-0.328,2,downgrade
0.29,21.7,180,4.24,12,8,0.297,23.1,-0.128,6,downgrade
0.642,68.3,103.3,2.65,2,5,0.667,59.9,0.275,4,maintain
0.96,88.4,58.0,1.98,0,6,0.973,69.6,-0.061,7,upgrade
0.879,89.6,70.2,1.78,0,4,0.943,90.8,0.041,7,upgrade
0.767,69.3,93.1,2.37,4,5,0.736,66.7,0.17,2,maintain
0.812,83.9,60.5,1.86,3,1,0.768,95.3,0.126,6,upgrade
0.896,78.6,55.6,2.14,4,1,0.948,71.5,0.01,9,upgrade
0.505,45,110.0,2.85,6,3,0.648,78.4,0.014,5,maintain
0.854,85.3,81.3,1.97,4,1,0.595,77.3,-0.207,10,maintain
0.889,89.4,61.1,1.79,2,4,0.838,91.4,0.125,5,upgrade
0.605,60.2,84.9,2.34,6,1,0.622,48.5,-0.138,4,maintain
0.269,26.9,133.1,3.09,14,2,0.218,39.9,-0.287,5,downgrade
0.809,86.3,60.4,1.91,4,2,0.45,62.3,-0.055,3,maintain
0.533,45,139.2,3.32,10,1,0.795,79.9,-0.012,10,maintain
0.815,61.3,70.2,2.44,2,2,0.753,64.8,-0.015,2,maintain
1.0,83.5,56.0,1.98,1,2,0.934,91.3,0.066,7,upgrade
0.729,66.5,65.9,2.22,6,2,0.898,80.2,0.145,2,maintain
0.6,32.9,157.1,3.27,11,5,0.723,54.2,-0.27,2,downgrade
0.663,53.4,90.2,2.67,5,3,0.633,67.5,0.215,9,maintain
0.238,42.9,144.3,3.83,19,8,0.279,51.7,-0.312,1,downgrade
0.782,80.1,38.1,1.46,6,1,0.891,90.0,-0.136,3,maintain
0.484,42.8,120.1,2.6,9,1,0.506,68.7,0.002,6,maintain
0.905,89.3,57.6,1.59,4,2,0.906,73.5,0.111,4,upgrade
0.856,68.2,86.4,2.42,0,8,0.582,66.9,0.176,9,maintain
0.243,37.6,110.9,2.59,9,4,0.175,43.5,-0.208,4,downgrade
0.246,41.2,75.2,3.49,5,2,0.229,34.7,-0.048,8,downgrade
0.657,62.9,124.0,2.97,8,6,0.84,60.9,0.107,4,maintain
0.2,27.8,112.2,3.06,14,2,0.36,41.6,-0.147,5,downgrade
1.0,73.1,66.3,1.9,1,7,0.883,89.5,0.079,8,upgrade
0.815,77.6,76.9,2.2,5,4,0.838,88.5,0.143,6,upgrade
0.811,67.3,108.0,3.2,1,7,0.536,69.7,-0.121,9,maintain
0.979,84.1,60.4,2.21,0,3,0.882,77.9,-0.073,10,upgrade
0.826,77.0,62.3,1.75,5,2,0.522,75.8,0.038,10,maintain
0.449,19.2,103.0,3.59,7,3,0.514,47.9,-0.475,4,downgrade
0.161,41.2,172.5,3.55,13,7,0.146,54.0,-0.31,6,downgrade
0.209,43.3,133.4,3.65,9,7,0.385,49.1,-0.045,8,downgrade
0.307,49.5,99.0,2.97,13,6,0.328,67.8,-0.354,8,downgrade
0.938,94.4,97.7,2.27,3,8,0.918,95.4,0.285,6,maintain
0.326,10.5,118.5,3.48,11,4,0.156,11.3,-0.024,7,downgrade
0.509,45,134.6,3.09,11,8,0.84,57.7,-0.069,1,maintain
0.934,83.4,59.8,1.63,1,1,0.819,93.0,0.103,10,upgrade
0.607,18.2,154.6,3.63,7,4,0.701,37.5,-0.03,1,downgrade
0.9,79.9,44.1,1.81,3,5,0.916,94.6,0.055,9,upgrade
0.22,16.9,148.3,4.85,13,7,0.138,15.7,-0.088,2,downgrade
1.0,80.5,89.6,2.33,0,7,0.898,92.2,0.186,10,upgrade
0.54,32.6,128.7,3.58,7,3,0.547,35.5,-0.117,5,downgrade
0.241,36.1,122.7,3.95,9,7,0.05,40.6,-0.049,2,downgrade
0.906,74.9,72.5,2.29,4,4,0.892,88.8,-0.014,10,upgrade
0.858,81.1,105.3,2.5,4,4,0.951,86.3,0.134,6,upgrade
0.816,45,95.4,3.1,5,4,0.814,65.8,0.03,6,maintain
0.516,16.9,163.1,3.49,8,5,0.572,6.1,0.044,8,downgrade
0.876,87.7,56.9,1.48,2,6,0.892,83.3,-0.072,4,upgrade
0.578,30.7,134.3,3.08,10,4,0.62,36.5,-0.161,5,downgrade
0.928,100,83.0,2.2,3,6,0.921,72.1,0.054,7,upgrade
0.391,32.4,159.8,3.78,11,8,0.488,40.1,-0.183,3,downgrade
0.997,83.5,62.7,1.87,2,4,0.893,93.1,0.055,5,upgrade
0.84,90.8,69.3,1.79,3,3,0.809,92.7,0.033,6,upgrade
0.302,42.6,172.1,3.68,18,7,0.389,43.5,-0.144,5,downgrade
0.923,72.5,105.7,2.7,4,4,0.823,93.8,-0.006,9,upgrade
0.685,67.6,116.2,2.71,8,6,0.571,75.0,0.097,7,maintain
0.879,79.1,81.0,2.0,2,5,0.829,91.3,0.234,5,upgrade
0.767,62.7,55.6,2.1,3,1,0.969,87.6,0.057,1,maintain
0.943,95.1,82.0,2.08,2,5,0.844,92.2,0.142,10,upgrade
0.741,75.5,92.0,2.57,6,8,0.705,67.0,0.099,2,maintain
0.429,31.1,166.7,3.77,9,4,0.595,20.8,-0.087,3,downgrade
0.83,80.0,86.6,2.16,3,1,0.898,92.0,-0.019,5,upgrade
0.928,83.2,87.5,2.25,0,3,0.853,74.9,0.111,8,upgrade
0.172,28.4,152.3,3.48,11,5,0.05,39.3,-0.075,8,downgrade
0.189,48.0,142.6,3.46,14,8,0.108,58.5,0.009,6,downgrade
0.22,10.1,170.3,4.42,20,8,0.228,5,-0.156,6,downgrade
0.474,14.8,151.3,4.14,10,6,0.496,33.0,0.104,6,downgrade
0.873,95.8,60.0,1.68,0,1,0.935,90.7,0.107,4,upgrade
0.383,25.7,151.9,4.14,12,8,0.402,37.2,-0.308,6,downgrade
0.898,91.4,48.4,1.38,2,3,0.875,85.1,0.155,10,upgrade
0.747,59.7,94.5,2.77,5,6,0.739,55.4,0.116,1,maintain
0.86,74.3,85.1,2.39,5,4,0.957,81.5,-0.242,9,maintain
0.902,82.3,83.7,2.27,0,8,0.901,88.2,0.084,2,maintain
0.863,61.6,62.7,2.88,2,4,0.724,63.4,0.152,8,maintain
0.8,65.0,124.7,3.06,4,6,0.926,90.7,0.289,2,maintain
0.229,16.1,120.3,3.56,15,1,0.7,65.3,0.039,9,maintain
0.888,86.6,41.2,1.65,0,1,0.821,89.5,-0.09,7,upgrade
0.529,24.9,161.5,3.82,5,8,0.526,33.5,0.127,6,downgrade
0.665,49.2,117.3,3.08,4,4,0.806,65.9,0.325,8,maintain
0.864,74.7,90.4,2.29,4,1,0.84,58.5,-0.01,3,maintain
0.896,75.3,85.5,2.43,0,4,0.972,76.3,0.144,10,upgrade
0.947,85.0,75.4,2.08,1,3,0.943,78.8,0.074,6,upgrade
0.92,71.4,66.8,2.31,0,4,0.836,76.4,0.141,8,maintain
0.874,74.8,87.3,2.29,3,7,0.742,71.9,0.078,2,maintain
0.177,32.9,180,4.13,10,6,0.16,31.9,-0.023,6,downgrade
0.28,28.5,180,4.07,13,8,0.487,48.7,-0.198,3,downgrade
0.742,64.5,89.7,2.75,7,8,0.552,65.1,0.015,7,maintain
0.456,61.1,131.5,3.05,8,8,0.476,47.3,-0.023,1,downgrade
0.648,67.2,110.0,2.54,6,6,0.753,51.9,-0.044,9,maintain
0.7,61.6,73.8,2.65,4,5,0.642,74.8,-0.043,5,maintain
0.949,62.1,65.2,2.19,0,2,0.871,88.0,0.228,2,maintain
0.252,18.8,127.1,3.37,13,2,0.298,10.8,-0.071,8,downgrade
0.941,89.9,74.5,1.65,3,4,0.942,80.3,0.099,4,upgrade
0.552,37.2,152.4,3.41,7,6,0.722,61.1,-0.072,8,downgrade
0.875,80.9,61.6,2.08,0,3,0.918,87.3,0.219,7,upgrade
0.914,88.4,53.1,1.57,5,2,0.971,84.5,0.032,4,upgrade
0.315,29.8,129.1,3.16,12,7,0.437,44.1,-0.061,4,downgrade
0.925,74.4,69.1,2.19,1,2,0.951,91.3,0.151,3,upgrade
0.894,78.0,67.8,1.77,8,1,0.904,65,-0.001,7,upgrade
0.75,74.6,44.8,1.32,3,1,0.7,70.7,-0.167,4,maintain
0.918,86.1,57.2,1.92,4,5,0.827,89.8,0.058,8,upgrade
0.98,79.9,77.2,2.46,0,3,0.914,89.1,0.08,8,upgrade
0.185,27.0,156.3,3.61,16,3,0.452,37.6,-0.358,1,downgrade
1.0,80.4,49.3,1.66,0,5,0.884,81.5,0.122,5,upgrade
0.306,51.0,166.2,3.32,15,6,0.05,49.3,-0.291,3,downgrade
1.0,78.3,44.7,2.07,0,1,0.924,94.5,0.193,7,upgrade
0.851,62.3,117.1,3.14,7,8,0.866,80.7,0.164,1,maintain
0.944,66.9,53.4,2.43,0,2,0.878,79.5,0.071,1,maintain
0.852,89.1,51.3,1.68,3,5,0.798,90.7,-0.021,3,upgrade
0.766,71.4,64.1,2.66,4,4,0.883,92.8,0.16,1,maintain
0.92,70.1,81.0,2.36,3,1,1.0,88.6,-0.003,7,upgrade
0.384,40.5,98.9,3.71,6,6,0.469,35.4,0.021,7,downgrade
0.31,29.5,96.4,3.71,5,6,0.358,36.3,-0.055,1,downgrade
0.83,89.7,65.3,1.52,3,2,0.871,86.2,0.15,8,upgrade
0.857,61.5,77.7,2.37,6,3,0.45,69.2,0.16,2,maintain
0.853,86.2,67.8,1.83,3,3,0.925,80.7,0.239,2,maintain
0.834,76.5,85.8,2.57,3,8,0.75,64.3,-0.212,5,maintain
0.282,40.1,149.4,2.92,14,2,0.171,39.3,-0.029,2,downgrade
0.451,22.5,121.1,4.18,9,8,0.523,5,-0.189,2,downgrade
0.71,68.9,67.1,1.88,3,5,0.734,57.0,-0.17,7,maintain
0.841,82.7,63.3,2.32,1,1,0.953,88.1,0.057,6,upgrade
0.859,82.8,62.0,1.52,6,2,0.906,83.7,0.003,4,upgrade
0.923,88.6,69.0,2.04,2,4,0.913,85.0,0.056,5,upgrade
0.822,84.7,92.4,1.89,4,6,0.935,81.9,0.057,4,upgrade
0.322,6.0,85.8,3.8,9,2,0.195,5,-0.161,7,downgrade
0.627,82.7,79.1,2.23,5,4,0.543,62.5,-0.11,8,maintain
0.51,11.5,132.2,3.41,11,4,0.439,13.9,0.057,1,downgrade
0.234,8.1,155.7,4.37,9,8,0.221,16.1,-0.398,8,downgrade
0.731,78.6,89.3,2.3,6,7,0.826,70.4,0.001,10,maintain
0.177,41.2,144.2,3.13,17,3,0.238,29.6,-0.265,1,downgrade
0.277,15.6,161.9,3.76,10,7,0.247,40.4,-0.095,3,downgrade
0.885,97.3,61.7,1.73,6,1,0.75,81.8,0.073,4,upgrade
0.896,81.6,63.3,1.94,0,1,0.893,78.8,0.114,10,upgrade
0.571,69.2,98.0,2.6,2,5,0.627,69.5,-0.053,6,maintain
0.26,35.5,117.9,3.42,9,7,0.171,43.9,0.089,6,downgrade
0.874,71.9,68.4,2.38,0,3,0.6,79.9,0.046,6,maintain
0.398,28.5,180,4.16,15,7,0.459,31.7,-0.117,7,downgrade
0.5,54.2,85.9,2.39,2,2,0.694,64.6,-0.051,3,maintain
0.686,65.6,75.1,2.15,2,2,0.552,79.9,-0.018,8,maintain
0.64,47.9,126.4,3.36,5,5,0.642,45,0.034,5,maintain
0.672,49.2,126.2,2.95,6,4,0.545,55.7,-0.021,5,maintain
0.404,45.5,103.6,3.21,9,2,0.5,36.6,-0.147,2,downgrade
0.5,51.7,124.8,2.72,10,4,0.479,72.3,0.25,5,maintain
0.5,27.7,129.3,3.74,7,2,0.44,34.5,0.077,8,downgrade
0.5,81.0,96.2,2.25,4,5,0.692,66.4,-0.111,1,maintain
0.849,87.7,57.8,1.92,0,1,0.902,85.6,0.174,4,upgrade
0.73,77.0,93.7,2.34,7,4,0.726,79.9,-0.035,1,maintain
0.896,64.2,62.0,2.75,2,3,0.626,72.7,0.043,8,maintain
0.19,60.3,162.6,2.85,13,6,0.05,78,-0.04,5,downgrade
0.729,50.8,90.5,2.43,3,3,0.66,79.9,-0.024,3,maintain
0.681,50.7,114.7,2.81,5,2,0.628,56.1,-0.178,1,maintain
0.864,53.5,113.8,2.99,5,6,0.513,79.9,0.116,1,maintain
0.17,35.5,122.2,2.58,20,2,0.05,38.3,-0.323,1,downgrade
0.522,10.1,115.7,4.31,7,8,0.41,20.9,-0.295,4,downgrade
0.959,84.0,43.2,2.06,0,4,0.887,91.8,0.126,6,upgrade
0.388,18.8,147.7,3.73,18,7,0.365,37.7,-0.162,3,downgrade
0.915,86.1,90.5,2.03,4,7,0.921,82.0,0.28,4,upgrade
0.722,58.6,110.7,2.37,8,4,0.628,48.6,0.111,5,maintain
0.737,68.0,98.9,2.42,3,4,0.862,90.3,0.218,1,maintain
0.903,83.5,100.2,2.78,2,5,0.889,91.2,0.148,8,upgrade
0.5,67.9,121.3,2.71,7,4,0.663,74.2,0.041,7,maintain
0.969,93.0,44.2,1.82,0,1,0.871,95.7,0.121,10,upgrade
0.896,89.5,58.0,1.38,3,2,0.889,81.0,-0.004,4,upgrade
0.449,30.3,150.9,3.7,12,6,0.752,40.6,-0.076,6,downgrade
0.579,45,109.3,3.17,8,8,0.702,45.9,0.148,7,maintain
0.774,63.6,104.0,2.54,6,5,0.898,86.3,-0.379,8,maintain
0.902,66.4,76.3,2.67,1,3,0.738,45.1,0.132,7,maintain
0.952,80.0,91.6,2.15,0,7,0.973,92.9,0.165,10,upgrade
0.378,59.4,73.9,2.87,11,2,0.371,49.6,-0.128,6,downgrade
0.422,49.1,150.5,3.58,7,6,0.538,50.3,-0.183,4,downgrade
0.816,70.7,86.3,2.4,3,1,0.858,88.6,0.053,1,maintain
0.859,82.5,83.9,2.2,1,7,0.956,81.5,0.136,6,upgrade
0.843,91.7,60.9,1.8,6,4,0.791,92.3,0.158,5,upgrade
0.869,59.3,85.4,2.68,3,4,0.675,79.9,0.039,10,maintain
0.841,90.2,67.3,2.23,0,6,0.955,93.1,-0.001,9,upgrade
0.722,61.5,105.5,2.92,2,1,0.825,72.3,0.247,6,maintain
0.646,53.1,102.7,2.48,7,3,0.706,56.4,-0.103,8,maintain
0.337,27.5,139.5,3.15,15,2,0.321,16.2,-0.076,5,downgrade
0.882,89.8,49.7,1.57,2,2,0.862,91.6,0.055,8,upgrade
0.926,96.0,69.9,1.74,3,1,0.974,75.7,-0.06,9,upgrade
0.245,36.5,180,3.83,15,8,0.438,66.6,-0.136,1,downgrade
0.96,97.1,37.2,1.25,0,2,0.928,82.9,0.178,5,upgrade
0.844,72.8,83.2,2.45,2,4,0.927,93.0,0.255,2,maintain
0.59,88,89.9,1.85,11,2,0.69,49.7,-0.077,10,maintain
0.804,65.6,85.2,3.04,5,7,0.84,74.7,0.121,4,maintain
0.857,90.7,58.8,1.86,0,5,0.999,94.8,0.008,7,upgrade
0.8,49.1,108.9,3.21,1,7,0.646,49.4,-0.045,1,maintain
0.939,83.4,64.8,1.55,3,3,0.895,74.5,0.132,4,upgrade
0.24,29.6,113.7,3.54,14,2,0.25,9.4,0.003,1,downgrade
0.305,29.9,143.8,3.93,8,6,0.256,25.0,-0.151,6,downgrade
0.5,69.8,122.5,2.33,10,8,0.609,51.1,-0.135,8,maintain
0.893,86.5,97.4,2.08,2,7,0.955,79.1,0.058,8,upgrade
0.903,89.3,65.5,2.58,0,7,0.827,81.6,0.007,7,upgrade
0.479,13.0,92.8,3.49,13,3,0.465,25.7,-0.038,5,downgrade
0.888,88.9,72.0,2.08,0,3,0.94,90.7,0.199,10,upgrade
0.339,36.3,106.4,3.25,7,6,0.427,64.1,-0.02,7,downgrade
0.187,50.5,145.8,3.06,8,6,0.123,63.1,-0.153,3,downgrade
0.413,39.0,135.0,3.15,12,5,0.521,43.5,-0.015,4,downgrade
0.213,50.1,146.4,3.41,15,5,0.171,46.7,-0.167,8,downgrade
0.392,32.2,137.3,3.81,6,4,0.391,34.8,-0.314,6,downgrade
0.96,78.0,103.6,2.52,1,7,0.897,85.2,0.022,3,upgrade
0.531,25.4,140.0,4.42,8,8,0.755,21.9,-0.113,1,downgrade
0.899,77.2,86.9,2.48,0,7,0.899,89.0,0.106,8,upgrade
0.882,82.1,40.0,1.52,1,3,0.861,72.0,0.082,3,upgrade
0.43,28.7,114.9,3.08,9,2,0.394,38.0,-0.21,2,downgrade
0.926,73.8,74.8,2.41,2,6,0.95,76.2,0.206,5,upgrade
0.321,65.6,127.7,2.86,10,5,0.313,74.1,-0.239,5,downgrade
0.967,92.9,53.9,1.8,2,6,0.826,80.4,0.125,6,upgrade
0.845,46.5,112.3,3.11,0,8,0.84,58.6,-0.235,7,maintain
0.863,94.7,58.5,1.53,4,6,0.92,91.0,0.048,9,upgrade
0.552,54.6,110.0,2.76,6,3,0.45,49.3,0.079,3,maintain
0.183,15.5,162.9,4.02,15,6,0.05,11.0,0.021,7,downgrade
0.5,56.8,90.1,2.69,6,4,0.702,60.8,0.143,5,maintain
0.594,57.7,124.3,2.88,7,7,0.5,75.4,0.013,7,maintain
0.364,16.1,180,3.67,11,3,0.238,23.5,-0.152,5,downgrade
0.69,48.4,89.0,3.08,4,6,0.501,65.5,0.012,2,maintain
0.189,35.9,103.3,3.11,7,3,0.125,43.1,-0.222,2,downgrade
0.789,63.0,73.3,2.13,5,2,0.96,81.5,-0.285,3,maintain
1.0,85.9,53.6,2.04,0,5,0.928,83.8,0.037,4,upgrade
0.502,72.8,109.1,2.14,8,1,0.698,65.4,0.155,6,maintain
0.962,82.0,62.2,2.39,0,5,0.886,94.1,0.156,3,upgrade
0.472,47.2,89.6,2.92,8,6,0.213,42.4,-0.145,5,downgrade
0.335,37.9,118.6,3.33,11,7,0.361,36.9,-0.003,7,downgrade
0.285,65.8,97.5,2.46,8,8,0.319,37.1,-0.109,8,downgrade
0.915,82.6,72.3,2.35,0,6,0.907,91.2,0.083,4,upgrade
0.341,14.3,171.0,3.95,13,5,0.298,5,-0.157,5,downgrade
0.172,33.7,121.1,3.53,17,7,0.113,48.9,-0.015,6,downgrade
0.812,93.2,75.0,2.21,4,4,0.818,84.5,0.147,8,upgrade
0.168,39.1,129.0,2.84,13,3,0.209,37.6,-0.016,3,downgrade
0.849,69.7,86.5,2.36,2,1,0.75,62.1,-0.069,2,maintain
0.877,84.3,46.3,1.83,0,2,0.854,80.4,0.072,2,maintain
1.0,95.3,65.6,1.86,0,5,0.968,79.6,0.269,8,upgrade
0.907,78.2,72.9,2.44,2,5,0.909,85.2,-0.09,10,upgrade
0.862,90.9,72.9,1.96,5,3,0.882,90.3,-0.09,4,upgrade
0.938,97.1,91.7,2.02,4,5,0.978,76.0,0.269,4,upgrade
0.828,89.1,64.3,2.12,1,5,1.0,72.5,0.128,9,upgrade
0.154,27.6,124.9,3.63,17,6,0.295,43.7,-0.133,3,downgrade
0.818,67.7,122.7,2.86,5,6,0.84,79.9,-0.091,7,maintain
0.391,45.8,180,3.57,15,8,0.423,41.6,-0.144,1,downgrade
0.621,55.0,125.9,2.79,10,1,0.45,65.9,0.191,6,maintain
0.183,52.1,134.9,3.04,12,8,0.276,61.9,0.058,2,downgrade
0.588,59.5,73.7,2.55,2,5,0.771,65.1,0.18,8,maintain
0.382,35.4,143.5,3.48,12,6,0.415,56.1,-0.029,8,downgrade
0.849,85.2,79.6,1.9,3,2,0.954,83.2,0.143,8,upgrade
0.698,70.4,63.7,1.71,7,2,0.515,79.9,0.091,7,maintain
0.574,72.7,94.8,2.09,5,5,0.541,65.0,0.081,9,maintain
0.591,70.2,83.9,2.11,4,5,0.616,65.0,-0.155,4,maintain
0.612,69.9,89.5,2.25,7,4,0.77,75.5,0.167,5,maintain
0.892,55.8,74.0,2.65,2,1,0.79,65.2,-0.068,7,maintain
0.293,11.5,135.0,3.62,13,2,0.235,5,-0.281,2,downgrade
0.887,61.3,78.5,2.2,1,2,0.84,46.7,0.05,7,maintain
0.245,41.4,83.7,2.84,7,5,0.425,39.4,0.017,4,downgrade
0.862,84.9,48.8,1.62,0,1,0.905,82.7,0.172,2,maintain
0.452,57.7,90.7,2.78,6,2,0.364,73.1,-0.234,5,downgrade
0.557,26.3,173.5,3.94,12,8,0.562,47.0,-0.144,6,downgrade
0.749,88,84.7,1.99,2,3,0.758,52.8,0.064,6,maintain
0.901,88.2,58.6,2.04,3,4,0.813,91.2,0.042,8,upgrade
0.889,100,44.4,1.51,5,2,0.924,89.2,0.032,10,upgrade
0.883,71.1,69.9,2.49,0,4,0.928,89.9,-0.015,4,upgrade
0.313,45.4,165.0,3.66,16,7,0.481,74.2,-0.05,1,downgrade
0.839,89.1,66.4,1.77,0,7,0.937,84.2,-0.081,10,upgrade
0.303,44.7,97.3,3.21,5,6,0.296,68.1,-0.46,6,downgrade
0.805,76.4,57.0,1.98,4,2,0.94,86.0,0.107,7,upgrade
0.572,26.7,146.2,3.29,6,3,0.707,27.9,-0.5,8,downgrade
0.283,24.5,176.5,3.99,18,6,0.221,36.7,-0.343,4,downgrade
0.885,83.7,85.6,2.02,6,2,0.948,98.6,0.135,8,upgrade
0.833,78.7,84.3,2.37,6,4,0.818,94.4,0.12,5,upgrade
0.304,28.4,134.8,3.58,10,2,0.344,15.4,-0.13,2,downgrade
0.853,72.5,80.5,2.79,0,4,0.834,52.9,0.066,6,maintain
0.417,17.6,180,3.98,17,6,0.364,27.7,-0.297,2,downgrade
0.162,31.4,121.5,3.58,20,5,0.196,30.8,-0.093,8,downgrade
0.86,93.0,60.7,1.72,4,7,0.909,79.1,0.246,4,upgrade
0.383,20.3,180,4.69,10,8,0.666,26.7,-0.082,6,downgrade
0.831,64.5,112.1,3.06,7,5,0.804,89.2,0.119,3,upgrade
0.198,27.4,146.8,3.48,10,7,0.394,28.4,0.105,8,downgrade
0.454,15.3,132.7,3.78,9,1,0.808,53.1,-0.127,8,maintain
0.388,56.3,119.0,3.46,11,8,0.264,76.9,-0.165,3,downgrade
0.841,85.1,64.6,1.9,6,6,0.877,92.7,-0.305,9,maintain
0.64,72.2,89.5,2.34,8,8,0.84,57.0,0.161,7,maintain
0.875,95.1,36.4,1.46,3,1,0.844,91.1,0.314,6,upgrade
0.656,61.4,101.4,2.1,7,1,0.773,79.9,-0.004,9,maintain
0.949,85.9,54.5,1.96,1,5,0.922,77.4,0.145,5,upgrade
0.924,83.3,62.8,1.86,0,1,0.907,91.4,0.247,10,upgrade
0.483,38.1,151.4,3.44,13,2,0.365,34.3,-0.199,3,downgrade
0.76,61.8,93.3,3.11,3,8,0.555,48.3,-0.091,7,maintain
0.585,77.9,72.0,1.36,8,3,0.638,63.2,0.098,9,maintain
0.757,74.1,51.3,1.83,4,2,0.651,76.9,-0.016,7,maintain
0.888,80.2,66.7,2.04,2,5,0.898,84.6,-0.439,7,maintain
0.967,77.2,58.2,1.64,0,6,0.873,94.3,0.115,6,upgrade
0.985,75.1,47.7,1.54,0,2,0.954,75.5,0.122,7,upgrade
0.152,46.6,136.5,3.22,6,3,0.408,30.2,-0.374,2,downgrade
0.322,19.3,136.5,3.32,12,2,0.337,32.5,-0.158,3,downgrade
0.955,81.5,72.1,1.82,1,4,0.872,93.4,-0.09,3,upgrade
0.177,39.3,114.1,3.48,13,6,0.16,56.2,0.167,8,downgrade
0.259,38.8,151.7,3.4,18,2,0.224,54.5,-0.295,6,downgrade
0.959,78.2,73.6,2.27,0,3,0.87,83.4,0.135,5,upgrade
0.849,87.9,73.2,1.81,5,3,0.896,80.8,0.205,4,upgrade
0.368,41.1,154.9,3.32,10,6,0.471,58.6,0.054,5,downgrade
0.921,77.6,44.1,1.71,0,1,0.865,86.7,-0.05,1,maintain
0.833,63.5,64.2,1.9,0,1,0.58,58.3,0.312,8,maintain
0.84,72.7,94.5,2.36,5,2,0.926,85.6,-0.418,9,maintain
0.453,14.4,125.2,3.81,9,6,0.442,37.6,-0.18,5,downgrade
0.5,67.1,59.1,2.25,3,4,0.45,79.9,0.038,3,maintain
0.615,71.1,91.4,2.1,10,1,0.707,67.1,-0.103,8,maintain
0.412,32.3,95.4,3.15,8,3,0.472,38.7,-0.195,7,downgrade
0.929,94.1,25.3,1.16,0,3,0.906,86.5,-0.09,8,upgrade
0.434,10.7,112.0,3.74,9,2,0.513,24.0,-0.345,5,downgrade
1.0,89.3,71.3,2.03,0,3,0.852,80.3,-0.09,7,upgrade
0.61,84.5,102.4,2.1,6,6,0.669,60.9,-0.105,10,maintain
0.5,51.7,92.2,2.31,8,1,0.84,77.8,-0.031,8,maintain
0.691,88,93.3,1.91,6,7,0.471,54.0,0.006,10,maintain
0.783,83.2,93.5,1.81,6,6,0.904,91.8,0.016,3,upgrade
0.899,62.7,101.0,2.69,0,8,0.945,79.0,0.092,2,maintain
0.222,48.8,152.4,2.99,20,5,0.186,42.8,0.045,6,downgrade
0.754,55.7,48.5,2.22,2,1,0.56,58.5,0.134,9,maintain
0.228,48.4,119.4,2.86,13,4,0.504,57.5,-0.123,7,downgrade
0.72,85.5,97.0,2.36,8,7,0.887,79.3,-0.03,8,upgrade
0.92,85.2,77.1,1.97,0,5,0.895,85.0,0.045,5,upgrade
0.201,49.5,93.9,2.67,18,4,0.051,54.9,-0.375,8,downgrade
0.876,84.2,80.6,2.65,1,7,0.927,76.2,0.253,8,upgrade
0.315,44.4,102.2,2.92,11,3,0.478,56.9,-0.175,1,downgrade
0.839,85.8,92.3,2.53,3,7,0.865,85.4,0.21,9,upgrade
0.764,74.5,77.5,1.84,3,1,0.952,83.3,0.139,10,upgrade
0.943,67.4,62.7,2.05,1,2,0.928,89.3,-0.045,1,maintain
0.516,43.8,103.9,3.15,6,5,0.58,27.0,0.196,4,downgrade
0.884,90.6,52.3,1.83,0,5,0.906,81.3,0.251,6,upgrade
0.664,72.1,118.3,2.81,4,8,0.509,78.9,-0.177,2,maintain
0.749,63.1,110.9,2.81,3,7,0.507,56.4,-0.149,1,maintain
0.895,70.1,81.2,2.53,2,7,0.836,83.2,0.06,5,upgrade
0.883,70.7,94.3,2.49,1,6,0.889,93.1,0.06,10,upgrade
0.885,65.9,100.6,2.74,2,6,0.873,92.9,-0.006,2,maintain
0.573,83.4,69.3,2.18,8,5,0.463,60.3,0.108,3,maintain
1.0,83.9,36.2,1.79,0,2,0.866,89.2,-0.028,5,upgrade
0.996,94.9,73.8,1.92,0,5,0.938,86.6,0.123,5,upgrade
0.981,97.5,48.1,1.41,2,1,0.902,81.7,-0.052,5,upgrade
0.96,70.7,67.1,2.17,1,1,0.946,90.3,-0.027,3,upgrade
0.682,73.4,131.5,2.61,6,5,0.689,57.4,-0.018,9,maintain
0.377,60.7,123.9,3.06,9,7,0.516,49.7,-0.022,3,downgrade
0.873,84.0,58.8,1.76,2,5,0.774,84.0,0.115,5,upgrade
0.834,88.3,112.1,2.52,5,6,0.888,92.5,-0.048,4,upgrade
0.788,79.8,78.9,1.92,3,7,0.857,83.9,0.264,1,maintain
0.826,69.5,60.4,2.34,3,5,0.924,82.6,0.053,7,upgrade
0.911,86.4,58.8,1.71,0,2,0.938,81.0,0.057,9,upgrade
0.405,44.0,134.0,3.1,10,5,0.299,61.4,-0.199,3,downgrade
0.524,16.0,148.8,3.51,8,3,0.45,19.0,0.035,4,downgrade
0.465,32.5,180,3.95,10,6,0.436,52.6,-0.122,1,downgrade
0.714,63.2,85.4,2.55,7,7,0.509,54.2,-0.002,10,maintain
0.32,40.1,127.0,3.37,9,4,0.228,36.8,-0.303,4,downgrade
0.236,7.9,151.0,4.2,15,8,0.332,22.1,-0.015,7,downgrade
0.331,38.9,180,3.7,15,6,0.323,52.6,-0.018,4,downgrade
0.797,85.9,64.4,2.01,4,2,0.587,64.4,0.008,3,maintain
0.895,81.7,64.1,1.89,0,5,0.848,87.8,0.27,9,upgrade
0.916,74.6,85.1,2.48,2,6,0.971,86.8,0.125,9,upgrade
0.869,74.2,59.6,1.99,0,5,0.851,79.5,0.296,2,maintain
0.562,54.6,71.2,2.27,7,2,0.625,60.0,-0.161,2,maintain
0.812,68.9,90.9,2.72,3,6,0.91,85.2,0.097,3,upgrade
0.21,10.4,180,4.57,13,7,0.296,5,-0.176,8,downgrade
0.97,92.8,54.9,2.03,3,2,0.903,84.1,-0.09,10,upgrade
0.725,62.5,114.0,2.79,5,2,0.777,73.7,0.186,3,maintain
0.5,58.3,67.3,2.67,7,2,0.713,65.5,-0.171,1,maintain
0.92,63.2,100.7,2.67,1,4,0.783,64.8,-0.112,10,maintain
0.904,80.1,72.3,1.74,5,1,0.916,84.4,0.202,2,maintain
0.23,24.1,174.0,3.8,8,4,0.297,34.7,-0.162,7,downgrade
0.851,68.5,110.1,2.49,6,6,0.787,76.5,-0.024,3,maintain
0.929,81.5,50.4,1.89,0,6,0.999,84.7,0.041,10,upgrade
0.5,55.3,124.7,3.18,9,7,0.622,79.8,0.166,8,maintain
0.233,49.9,180,3.17,20,7,0.21,48.6,-0.146,6,downgrade
0.939,89.4,62.1,1.7,0,2,0.858,87.1,-0.004,8,upgrade
0.841,88.5,81.0,2.2,2,7,0.871,88.3,-0.081,9,upgrade
0.253,34.2,152.1,3.53,10,5,0.238,25.8,-0.383,6,downgrade
0.375,6.8,109.5,3.9,8,2,0.374,31.6,-0.089,3,downgrade
0.863,83.4,107.3,2.48,3,6,0.872,84.8,0.039,9,upgrade
0.454,15.0,136.1,3.72,11,3,0.446,20.8,-0.043,3,downgrade
0.95,83.2,50.1,1.99,0,2,0.977,83.7,0.212,10,upgrade
0.525,23.9,90.1,3.64,5,7,0.818,46.0,0.06,3,downgrade
0.93,78.0,47.7,2.18,2,1,0.901,84.7,0.048,6,upgrade
0.278,36.6,167.0,3.71,19,7,0.413,19.7,-0.059,5,downgrade
0.604,64.9,99.5,2.26,7,4,0.695,73.4,0.061,5,maintain
0.737,84.8,75.5,2.07,8,2,0.94,91.5,0.265,1,maintain
0.94,100,41.7,1.49,1,3,0.911,82.7,0.126,7,upgrade
0.986,89.8,64.1,1.8,2,4,0.925,82.1,0.145,4,upgrade
0.16,18.0,110.0,3.77,12,6,0.275,31.4,-0.048,6,downgrade
0.651,60.5,123.1,2.71,7,5,0.677,77.3,-0.45,6,maintain
0.831,77.6,75.9,2.31,1,2,0.955,84.5,0.238,1,maintain
0.42,40.6,153.3,3.3,13,6,0.249,64.8,-0.327,6,downgrade
0.786,93.9,72.4,1.99,4,5,0.908,87.2,0.183,8,upgrade
0.436,18.4,102.6,3.47,9,2,0.354,6.7,-0.154,8,downgrade
0.361,27.3,138.0,3.63,5,2,0.493,44.5,-0.105,7,downgrade
0.231,27.0,135.8,3.87,16,4,0.441,36.2,-0.009,6,downgrade
0.424,41.8,127.2,3.28,4,7,0.273,59.2,-0.132,1,downgrade
0.385,14.6,180,4.39,11,8,0.25,24.6,-0.127,2,downgrade
0.881,80.8,97.5,2.16,4,8,0.857,90.8,0.194,1,maintain
0.222,27.8,153.6,3.83,17,5,0.275,40.8,-0.163,6,downgrade
0.281,51.4,114.6,2.96,10,7,0.381,46.5,-0.033,3,downgrade
1.0,96.5,35.3,1.47,0,5,0.862,87.6,0.172,7,upgrade
0.453,37.1,171.3,3.11,12,6,0.457,44.3,-0.283,6,downgrade
0.76,63.2,108.8,2.8,4,5,0.917,78.8,-0.001,2,maintain
0.656,68.2,94.5,2.87,5,6,0.759,77.3,0.055,2,maintain
0.81,84.8,56.5,1.59,2,4,0.898,83.7,0.152,4,upgrade
0.397,20.3,118.3,3.66,7,4,0.46,31.2,-0.192,1,downgrade
0.79,86.6,57.6,1.75,0,5,0.978,89.4,0.261,5,upgrade
1.0,85.9,70.3,1.76,0,5,0.929,78.0,0.156,7,upgrade
0.679,59.6,94.2,2.92,3,7,0.84,74.7,0.065,5,maintain
0.734,58.3,112.8,2.81,5,8,0.705,46.9,0.123,10,maintain
0.848,89.8,56.3,1.79,1,2,0.913,94.3,0.11,7,upgrade
0.86,80.9,63.5,2.04,4,3,0.883,87.9,0.003,5,upgrade
0.17,28.3,163.4,3.75,20,6,0.148,35.2,-0.08,3,downgrade
0.868,65.9,53.9,2.38,2,4,0.868,85.6,-0.195,6,maintain
0.388,33.2,136.4,2.83,12,5,0.385,27.5,0.177,8,downgrade
0.279,44.9,131.1,2.82,16,3,0.276,55.4,-0.017,6,downgrade
0.806,59.8,116.3,2.7,5,3,0.806,54.2,-0.242,1,maintain
0.344,48.2,124.0,3.25,10,8,0.489,52.4,-0.142,7,downgrade
0.635,62.6,69.0,2.1,5,1,0.84,62.4,0.008,3,maintain
0.875,85.6,61.3,1.84,4,1,0.84,95.2,0.03,4,upgrade
0.318,23.4,143.1,3.74,8,6,0.459,30.7,-0.094,2,downgrade
0.202,37.6,140.8,3.68,6,7,0.182,47.7,-0.005,5,downgrade
0.456,25.1,122.0,3.28,6,2,0.317,23.6,-0.058,1,downgrade
0.336,12.1,118.7,3.86,13,4,0.408,16.4,-0.009,4,downgrade
0.838,76.6,35.5,1.8,0,1,0.637,79.9,-0.129,1,maintain
0.988,68.4,94.0,2.91,1,7,0.983,84.0,0.091,8,upgrade
0.395,35.3,103.6,2.99,13,2,0.361,52.4,-0.453,6,downgrade
0.678,65.2,72.3,2.45,7,2,0.739,61.3,-0.166,3,maintain
0.405,29.7,135.0,3.54,10,1,0.84,67.8,-0.015,4,maintain
0.412,33.1,96.8,3.78,6,5,0.59,35.2,0.032,8,downgrade
0.353,50.5,149.7,3.14,12,5,0.433,57.0,-0.152,7,downgrade
0.254,14.0,169.6,3.51,18,3,0.205,15.9,-0.028,8,downgrade
0.5,66.4,82.2,2.2,11,1,0.84,69.1,-0.052,9,maintain
0.966,82.1,60.3,1.42,6,1,0.856,82.9,0.264,8,upgrade
0.946,86.1,43.5,1.53,1,8,0.859,80.1,0.041,2,maintain
0.911,62.6,89.0,2.47,3,4,0.874,89.0,-0.177,8,maintain
0.889,62.9,84.5,2.6,4,3,0.694,46.9,-0.025,10,maintain
0.921,94.7,52.9,1.7,0,3,0.833,86.5,0.23,7,upgrade
0.888,76.5,60.4,2.29,3,2,0.884,87.0,0.055,6,upgrade
0.473,42.6,124.4,2.96,9,8,0.469,50.6,-0.344,2,downgrade
0.829,67.1,99.4,2.79,1,7,0.84,79.9,0.029,8,maintain
0.278,26.8,180,3.76,16,6,0.373,44.0,-0.259,6,downgrade
0.404,39.6,135.5,3.15,12,8,0.57,55.4,-0.177,4,downgrade
0.315,28.6,180,4.01,10,8,0.359,29.7,-0.077,5,downgrade
0.5,75.7,104.3,2.31,7,7,0.84,53.0,0.04,8,maintain
0.971,86.2,71.4,1.85,0,5,0.832,90.1,0.055,5,upgrade
0.95,64.4,73.3,2.69,1,2,0.845,94.7,0.019,8,upgrade
0.767,69.0,94.4,2.29,8,6,0.716,68.8,-0.003,9,maintain
0.737,66.4,78.4,2.36,2,5,0.938,88.8,-0.216,6,maintain
0.926,72.6,99.1,2.35,0,6,0.912,82.0,0.067,4,upgrade
0.941,86.1,71.8,2.31,3,7,0.875,88.5,-0.379,6,maintain
0.165,38.0,138.7,2.72,18,2,0.105,46.8,0.068,6,downgrade
0.302,38.4,107.9,2.62,13,2,0.479,28.5,0.025,5,downgrade
0.73,87.9,65.6,1.59,10,2,0.939,83.9,0.268,1,maintain
0.351,43.2,142.2,3.12,14,4,0.416,49.6,-0.004,2,downgrade
0.378,25.1,95.8,3.21,7,2,0.399,12.8,-0.144,7,downgrade
0.987,77.0,48.4,1.78,1,2,0.887,81.7,0.246,5,upgrade
0.635,79.9,75.5,2.04,5,4,0.803,73.4,0.132,4,maintain
0.9,95.9,40.0,1.07,1,1,0.959,83.5,0.018,10,upgrade
0.266,34.9,122.7,3.38,14,4,0.324,40.4,-0.025,5,downgrade
0.305,13.2,128.6,3.96,5,2,0.384,14.0,-0.263,5,downgrade
0.612,83.7,99.3,2.2,10,3,0.701,52.8,0.009,6,maintain
0.791,74.0,136.1,2.75,7,8,0.627,54.1,0.012,6,maintain
0.671,60.1,75.0,2.9,7,3,0.45,67.4,-0.08,6,maintain
0.161,33.3,136.7,3.18,20,4,0.257,47.3,-0.172,2,downgrade
0.128,9.6,122.0,3.96,9,3,0.081,18.3,-0.026,7,downgrade
0.871,98.2,48.1,1.61,3,2,0.929,90.6,0.007,3,upgrade
0.899,72.7,46.1,2.08,2,1,0.836,93.0,0.075,5,upgrade
0.368,61.2,104.1,2.21,12,2,0.334,50.3,-0.213,8,downgrade
0.708,70.3,136.9,2.93,8,5,0.657,73.0,0.201,6,maintain
0.153,13.4,154.9,4.07,16,8,0.176,28.0,0.037,8,downgrade
0.866,80.9,74.8,2.62,3,8,0.723,45,-0.098,2,maintain
0.91,83.8,56.3,1.64,0,6,0.885,81.9,0.196,5,upgrade
0.845,83.9,89.0,2.45,2,5,0.927,90.6,0.101,10,upgrade
0.725,80.6,80.6,2.43,5,8,0.902,82.7,-0.128,7,maintain
0.435,23.9,117.1,3.44,9,2,0.385,47.5,-0.025,2,downgrade
0.648,62.3,60.7,2.15,3,1,0.84,72.8,-0.063,10,maintain
0.282,45.0,128.2,3.33,9,8,0.302,37.0,-0.139,4,downgrade
0.196,50.3,146.3,2.69,15,6,0.117,58.4,-0.005,6,downgrade
0.917,51.2,71.5,2.83,3,2,0.596,79.9,-0.062,8,maintain
0.251,44.1,108.3,2.96,8,3,0.277,46.4,-0.192,4,downgrade
0.819,77.7,57.9,1.61,6,1,0.946,78.2,0.0,2,maintain
0.834,86.2,83.8,2.23,2,7,0.821,90.0,0.025,5,upgrade
0.746,74.0,98.9,2.58,2,3,0.854,86.0,0.042,1,maintain
0.907,80.8,49.5,2.12,0,2,0.921,80.9,0.029,10,upgrade
0.92,45,75.7,2.92,2,4,0.84,72.1,-0.17,3,maintain
0.434,27.7,125.1,3.98,11,6,0.317,51.5,0.25,1,downgrade
0.364,30.0,162.0,3.45,11,4,0.476,51.1,-0.064,8,downgrade
0.623,72.4,72.1,2.38,1,6,0.614,57.9,0.101,7,maintain
0.645,65.8,71.9,2.18,7,2,0.669,73.8,0.009,9,maintain
0.603,75.7,67.2,2.39,6,4,0.642,67.7,0.092,2,maintain
0.417,44.8,132.3,3.21,8,4,0.282,58.7,-0.23,3,downgrade
0.56,35.9,137.0,3.35,10,8,0.566,21.8,-0.088,1,downgrade
0.736,74.8,59.8,2.34,2,7,0.958,79.0,-0.05,1,maintain
0.801,59.5,96.5,2.52,6,6,0.697,58.7,-0.105,8,maintain
0.388,28.0,131.1,3.97,8,8,0.33,35.1,0.174,5,downgrade
0.564,32.8,109.5,3.0,3,2,0.48,25.8,0.018,8,downgrade
0.942,100,53.1,1.64,0,2,0.789,89.7,-0.02,6,upgrade
0.756,84.7,91.5,2.31,3,7,0.901,81.0,0.055,8,upgrade
0.743,79.4,90.3,1.94,5,2,0.732,68.9,0.058,9,maintain
0.905,99.8,34.7,1.33,2,2,0.982,83.1,0.019,10,upgrade
1.0,72.9,93.7,2.69,0,6,0.946,95.2,0.119,3,upgrade
0.826,83.8,61.7,1.79,8,2,0.907,86.1,0.099,7,upgrade
0.398,25.8,92.4,3.14,11,3,0.356,26.1,-0.129,6,downgrade
0.725,64.7,69.0,2.53,3,3,0.907,82.0,0.111,1,maintain
0.907,72.2,107.4,2.42,4,5,0.924,86.6,0.235,10,upgrade
0.925,71.9,90.2,2.41,5,4,0.857,91.9,0.074,3,upgrade
0.583,22.5,132.5,4.15,9,8,0.518,32.4,-0.161,3,downgrade
0.862,87.8,94.4,2.32,2,7,0.869,91.1,0.025,6,upgrade
0.385,35.9,114.0,3.24,11,3,0.255,66.2,-0.17,8,downgrade
0.864,83.3,91.7,2.32,3,5,0.866,85.5,0.043,5,upgrade
0.688,83.8,61.1,1.52,5,1,0.615,56.4,-0.009,8,maintain
0.371,54.8,130.1,2.57,14,3,0.372,51.6,-0.177,7,downgrade
1.0,81.1,86.9,2.06,0,7,0.963,85.1,0.013,5,upgrade
1.0,81.1,76.9,2.54,0,7,0.876,89.5,0.137,6,upgrade
0.165,29.4,134.0,3.68,15,5,0.293,29.9,-0.181,4,downgrade
0.439,21.4,149.9,3.82,13,6,0.32,5,-0.146,4,downgrade
0.841,99.8,41.4,1.74,2,2,0.914,97.9,0.041,5,upgrade
0.884,84.1,41.7,1.57,4,1,0.955,94.2,0.189,5,upgrade
0.368,49.6,88.3,2.54,13,4,0.475,46.7,-0.025,8,downgrade
0.527,65.9,79.6,2.8,9,6,0.84,63.4,-0.347,5,maintain
0.24,25.5,148.1,3.47,17,2,0.378,24.7,-0.199,8,downgrade
0.893,90.0,74.5,1.91,4,3,0.944,100,0.263,8,upgrade
0.871,82.1,51.1,1.97,0,4,0.968,80.4,-0.041,1,maintain
0.923,82.5,69.5,1.98,0,4,0.869,94.9,0.063,8,upgrade
0.607,59.8,107.4,2.7,7,6,0.691,73.1,-0.318,3,maintain
0.425,10.4,115.4,3.96,6,2,0.369,5,-0.184,1,downgrade
0.862,84.0,67.7,1.63,3,2,0.962,82.1,0.249,6,upgrade
0.868,85.8,57.9,1.33,5,3,0.934,79.0,-0.09,5,upgrade
0.272,12.3,180,4.13,20,4,0.331,8.6,0.024,8,downgrade
0.489,36.0,158.2,3.15,13,8,0.665,34.1,-0.121,2,downgrade
0.735,50.0,120.2,3.11,7,3,0.814,71.6,0.277,9,maintain
0.967,70.9,96.8,2.67,0,6,0.961,88.2,0.007,5,upgrade
0.717,57.6,60.4,2.48,2,1,0.787,55.5,-0.256,10,maintain
0.332,35.9,119.2,3.51,12,3,0.382,35.2,-0.321,8,downgrade
0.827,93.2,50.5,1.99,3,7,0.828,91.5,0.004,7,upgrade
0.807,77.0,96.1,2.23,5,2,0.555,70.7,0.198,8,maintain
0.661,67.2,104.2,2.2,5,4,0.622,76.4,0.05,6,maintain
0.928,90.5,36.3,1.49,2,2,0.957,74.9,0.152,8,upgrade
0.95,78.5,58.3,1.98,0,1,0.893,72.1,0.127,9,upgrade
0.924,83.1,59.4,1.96,0,5,0.937,89.9,-0.171,5,maintain
0.347,31.3,159.3,3.68,13,8,0.213,53.2,-0.13,6,downgrade
0.986,67.5,76.5,2.41,0,7,0.904,90.5,0.05,10,upgrade
0.52,53.5,132.2,2.56,11,4,0.84,55.6,0.104,3,maintain
0.245,10.8,167.3,4.36,10,7,0.319,37.1,-0.119,2,downgrade
0.785,86.6,92.4,2.65,3,7,0.836,86.6,0.104,10,upgrade
0.586,49.7,112.8,2.68,6,1,0.552,72.5,0.099,5,maintain
0.841,68.9,66.5,2.32,4,3,0.672,59.6,0.168,9,maintain
0.935,81.1,75.8,2.0,0,5,0.834,81.9,0.096,8,upgrade
0.935,63.5,92.4,3.02,0,7,0.967,86.3,0.189,2,maintain
0.934,95.0,36.0,1.48,0,3,0.955,75.8,0.042,8,upgrade
0.817,85.3,61.5,1.61,3,5,0.826,93.8,0.137,8,upgrade
0.623,45,105.7,3.11,5,5,0.515,64.7,-0.029,10,maintain
0.819,75.0,32.1,1.6,0,1,0.948,86.1,0.012,4,upgrade
0.788,78.5,62.9,2.46,4,5,0.897,85.9,-0.24,5,maintain
0.385,27.8,104.2,3.35,10,1,0.761,46.2,-0.072,2,maintain
0.851,88.2,73.4,1.9,4,4,0.87,87.4,-0.09,10,upgrade
0.993,89.5,80.7,2.58,0,7,0.858,74.9,0.236,10,upgrade
0.263,20.6,154.6,4.18,13,6,0.224,30.0,0.018,5,downgrade
0.829,86.8,48.7,1.6,2,5,0.666,74.4,0.004,3,maintain
0.82,88.3,97.7,2.22,6,6,0.878,83.3,0.207,10,upgrade
0.7,60.5,91.7,2.61,2,3,0.804,69.5,0.101,5,maintain
0.49,22.9,180,4.45,7,8,0.617,15.3,-0.056,1,downgrade
0.674,50.3,83.3,2.98,1,4,0.718,45,0.126,4,maintain
0.197,64.2,129.9,2.78,16,4,0.292,78,-0.049,3,downgrade
0.861,67.2,88.2,2.33,4,2,0.868,86.7,-0.042,1,maintain
0.699,59.0,128.2,3.15,5,7,0.699,69.0,-0.057,2,maintain
0.219,31.8,153.6,3.43,16,7,0.287,30.8,-0.163,1,downgrade
0.505,65.8,128.4,2.68,7,7,0.84,79.9,0.347,3,maintain
0.826,92.4,47.3,1.85,0,3,0.886,84.8,0.139,3,upgrade
0.616,75.5,116.9,2.03,8,6,0.712,49.3,0.012,6,maintain
1.0,86.6,67.9,1.83,2,6,0.865,91.3,0.163,3,upgrade
0.449,26.3,139.4,3.72,6,7,0.478,19.8,-0.13,4,downgrade
0.975,89.2,81.9,2.14,0,8,0.903,87.9,0.156,3,maintain
0.29,31.1,144.8,3.08,13,3,0.193,31.4,-0.368,2,downgrade
0.27,29.2,166.1,3.45,18,4,0.468,22.7,-0.044,3,downgrade
0.665,63.4,63.4,2.35,2,1,0.661,59.4,-0.126,10,maintain
0.525,88,84.8,2.18,8,6,0.84,66.5,0.028,3,maintain
0.914,92.9,46.3,1.66,0,3,0.847,84.1,0.028,3,upgrade
0.596,53.9,86.9,2.5,6,1,0.485,79.9,-0.003,3,maintain
1.0,94.8,74.0,2.12,1,6,0.75,85.1,0.1,5,upgrade
0.84,88,68.0,1.65,3,6,0.79,79.9,0.157,6,maintain
0.81,74.5,109.1,2.51,5,6,0.627,79.9,-0.253,10,maintain
0.908,80.0,61.3,1.53,3,1,0.962,84.5,0.102,5,upgrade
0.332,36.1,129.9,3.09,18,8,0.408,14.7,0.044,6,downgrade
0.6,49.9,70.7,2.82,5,1,0.496,58.7,-0.005,6,maintain
0.92,58.6,54.0,2.62,0,3,0.84,61.9,0.066,8,maintain
0.779,76.9,64.7,2.75,2,5,0.916,87.8,-0.164,6,maintain
0.746,62.0,104.4,2.67,8,5,0.587,52.7,0.013,2,maintain
0.641,55.3,93.6,3.29,8,8,0.694,73.7,0.216,10,maintain
0.368,46.9,62.0,2.76,4,2,0.215,44.1,-0.266,1,downgrade
0.566,45,86.5,2.63,6,1,0.652,54.8,0.265,5,maintain
0.642,50.9,110.2,3.33,8,8,0.723,75.9,-0.37,2,maintain
0.9,73.8,77.5,2.53,1,7,0.567,74.7,-0.022,10,maintain
1.0,95.8,61.0,1.96,0,3,0.892,81.3,0.043,9,upgrade
0.904,83.2,64.4,2.0,5,2,0.924,81.7,-0.046,8,upgrade
0.882,71.4,56.5,1.78,1,1,0.979,84.0,0.092,6,upgrade
0.342,70,101.3,2.09,7,3,0.395,71.1,-0.281,5,downgrade
0.991,99.2,56.7,1.84,4,3,0.832,92.8,0.26,3,upgrade
0.854,59.1,70.0,2.65,2,3,0.615,63.9,-0.012,9,maintain
0.75,89.2,65.4,1.56,5,1,0.956,90.2,0.202,4,upgrade
0.971,97.5,43.1,1.51,2,4,0.872,80.9,0.009,5,upgrade
0.632,66.4,98.2,2.32,8,7,0.588,79.9,-0.148,4,maintain
0.177,23.0,117.7,3.78,17,6,0.05,16.8,-0.233,5,downgrade
0.355,44.6,140.1,3.24,10,3,0.418,42.8,0.183,4,downgrade
0.272,23.2,118.6,3.34,3,5,0.407,29.9,-0.23,5,downgrade
0.544,78.5,104.2,2.28,6,4,0.77,61.1,0.125,1,maintain
0.295,24.8,86.2,3.49,3,6,0.239,49.9,-0.15,8,downgrade
0.892,83.6,60.6,2.22,2,5,0.876,93.2,0.15,7,upgrade
0.486,37.9,121.5,2.88,13,2,0.213,33.7,-0.215,6,downgrade
0.395,34.1,149.1,3.41,8,5,0.459,32.2,-0.171,6,downgrade
0.562,60.1,87.6,3.11,0,7,0.766,69.6,-0.069,10,maintain
0.523,83.0,111.9,2.16,11,6,0.627,45,-0.036,4,maintain
0.912,82.6,80.1,2.83,0,8,0.976,93.0,0.154,8,maintain
0.586,77.2,91.5,2.03,6,4,0.84,55.7,0.188,6,maintain
0.827,75.0,60.5,2.41,3,2,0.715,47.7,-0.023,7,maintain
0.705,75.6,65.3,1.81,7,1,0.688,61.6,-0.013,7,maintain
0.328,31.0,153.8,3.92,8,8,0.374,66.0,-0.166,8,downgrade
0.91,85.8,39.7,1.76,0,2,0.927,97.0,0.087,5,upgrade
0.911,78.0,95.1,2.73,3,8,0.907,91.4,0.044,2,maintain
0.239,34.5,108.9,3.12,7,7,0.05,25.8,-0.049,5,downgrade
0.966,80.4,77.1,2.19,5,3,0.979,86.1,0.198,3,upgrade
0.915,82.6,57.2,1.59,4,3,0.998,94.5,0.069,3,upgrade
0.927,73.7,69.3,2.42,1,2,0.967,88.1,0.259,6,upgrade
0.867,87.6,61.3,2.28,2,4,0.99,85.8,-0.035,5,upgrade
0.752,74.3,78.7,2.39,7,4,0.887,86.2,-0.059,1,maintain
0.884,81.9,50.7,1.68,2,4,0.924,81.4,0.095,10,upgrade
0.662,17.1,128.4,3.61,7,7,0.773,8.8,-0.157,7,downgrade
0.695,55.6,88.2,2.88,3,5,0.689,51.2,-0.065,5,maintain
0.805,85.7,66.4,2.18,2,6,0.864,88.0,0.197,10,upgrade
0.823,51.9,127.0,3.08,7,3,0.678,65.1,-0.115,10,maintain
0.87,64.9,90.6,2.66,6,1,0.964,84.8,-0.029,1,maintain
0.153,38.1,179.2,3.6,15,6,0.05,40.9,-0.19,2,downgrade
0.204,38.2,145.5,3.19,6,4,0.399,45.9,-0.024,6,downgrade
0.78,70.3,124.6,2.84,5,7,0.97,87.5,-0.422,8,maintain
0.36,26.3,141.1,3.3,13,4,0.64,21.6,-0.01,5,downgrade
0.946,78.2,75.0,2.22,0,6,0.881,93.1,0.128,8,upgrade
0.793,89.5,100.5,2.25,4,7,1.0,84.4,0.061,8,upgrade
0.911,87.1,59.5,2.14,2,2,0.882,66.3,0.006,9,upgrade
0.501,51.7,136.8,2.91,9,2,0.711,79.9,0.013,8,maintain
0.932,93.8,50.0,1.39,3,1,0.954,81.8,0.117,8,upgrade
0.808,88,83.4,2.21,6,8,0.593,51.7,0.069,10,maintain
0.354,23.8,112.4,3.76,7,3,0.38,20.2,-0.404,7,downgrade
0.5,65.5,68.6,2.05,8,3,0.786,50.8,-0.104,9,maintain
0.551,15.1,127.5,4.25,9,8,0.697,12.0,-0.229,3,downgrade
0.848,97.7,46.1,1.57,4,3,0.915,81.3,0.306,7,upgrade
0.411,22.2,144.0,3.6,14,5,0.54,27.4,-0.356,5,downgrade
0.859,63.5,71.7,2.61,3,6,0.944,88.0,0.068,8,upgrade
0.774,51.7,95.5,2.64,2,3,0.778,60.6,0.075,3,maintain
0.344,34.4,113.7,3.15,13,4,0.326,45.9,0.088,1,downgrade
0.842,100,60.0,1.43,4,2,0.844,89.8,0.021,10,upgrade
0.345,24.3,180,4.11,13,8,0.129,27.6,-0.101,5,downgrade
0.245,33.7,180,3.82,17,7,0.314,52.6,-0.035,7,downgrade
0.881,93.6,62.6,1.5,2,4,0.946,92.3,0.03,3,upgrade
0.806,63.7,51.6,2.13,1,3,0.961,86.9,-0.075,2,maintain
0.886,83.7,65.0,1.9,1,2,0.992,75.6,0.073,3,upgrade
0.316,46.0,148.9,3.47,5,7,0.65,53.2,-0.285,7,downgrade
0.374,16.9,180,4.43,13,7,0.536,31.9,-0.116,1,downgrade
0.913,98.4,39.0,1.15,0,1,0.973,91.5,0.062,5,upgrade
0.262,25.7,154.9,3.41,15,5,0.367,5,-0.285,8,downgrade
0.83,100,52.5,1.78,1,7,0.753,90.1,0.079,7,upgrade
0.266,41.3,142.1,3.39,18,2,0.405,67.2,-0.241,7,downgrade
0.914,84.8,73.4,1.92,2,6,0.85,86.8,0.109,5,upgrade
0.226,34.4,142.9,3.4,8,4,0.235,39.7,-0.141,1,downgrade
0.864,83.1,81.7,2.22,0,3,0.888,76.9,0.168,3,upgrade
0.659,62.7,99.7,2.0,7,1,0.669,66.2,0.027,2,maintain
0.827,76.5,52.9,2.11,1,3,0.934,89.8,0.284,3,upgrade
0.465,10.0,172.3,4.07,10,8,0.5,24.5,0.11,4,downgrade
0.838,73.7,83.9,1.99,5,7,0.925,85.1,-0.242,10,maintain
0.842,77.1,85.5,2.37,6,6,0.881,84.5,0.173,9,upgrade
0.5,50.4,63.4,2.86,3,3,0.696,52.2,0.259,1,maintain
0.438,37.2,102.4,2.77,12,3,0.364,46.7,-0.252,7,downgrade
0.893,90.2,70.7,1.72,0,5,0.902,87.3,-0.072,4,upgrade
0.729,70.8,56.7,1.76,8,1,0.772,79.9,-0.024,3,maintain
0.563,15.1,152.1,3.5,11,6,0.595,30.1,-0.094,4,downgrade
0.869,76.4,57.5,2.14,4,2,0.943,83.0,0.076,7,upgrade
0.5,75.8,102.5,2.44,9,4,0.805,73.8,0.279,6,maintain
0.864,96.1,71.9,2.18,5,6,0.912,73.6,0.23,10,upgrade
0.794,85.0,59.1,1.42,5,1,0.865,78.0,-0.265,6,maintain
0.908,93.3,79.8,2.04,0,5,0.864,81.6,0.165,3,upgrade
0.196,70,85.9,1.84,9,2,0.363,60.5,-0.244,3,downgrade
0.92,83.1,69.5,2.06,0,4,0.876,92.9,0.151,8,upgrade
0.927,96.1,31.4,1.27,0,1,0.799,96.3,0.08,7,upgrade
0.684,64.2,106.0,2.47,6,2,0.65,74.8,-0.191,1,maintain
0.26,25.6,129.1,3.55,17,7,0.265,47.3,0.062,8,downgrade
0.884,92.6,53.3,1.92,1,5,0.887,93.4,0.068,3,upgrade
0.436,50.6,90.1,2.97,8,8,0.759,69.0,-0.145,8,downgrade
0.837,71.9,56.8,2.47,2,3,0.84,61.3,0.072,10,maintain
0.859,54.6,93.3,2.6,3,3,0.683,75.9,0.16,7,maintain
0.633,64.2,132.9,2.74,9,6,0.84,79.9,0.048,2,maintain
0.989,92.7,55.8,1.52,0,1,0.846,94.3,0.232,6,upgrade
0.928,86.0,48.0,1.82,1,4,0.94,92.9,-0.049,10,upgrade
0.295,39.0,156.0,3.04,14,3,0.339,36.9,-0.322,8,downgrade
0.761,72.2,92.5,3.2,5,8,0.648,50.7,0.281,2,maintain
0.65,64.6,96.1,1.99,8,2,0.696,65.5,0.177,5,maintain
0.561,50.8,129.7,2.87,7,4,0.694,79.9,0.087,2,maintain
0.153,22.5,135.8,3.62,17,5,0.444,36.3,-0.247,3,downgrade
0.85,88.2,44.3,1.41,2,3,0.933,91.1,0.179,7,upgrade
0.72,61.2,99.9,2.88,2,5,0.532,79.9,-0.196,10,maintain
0.774,58.4,90.4,2.83,4,1,0.492,57.0,-0.162,1,maintain
0.731,62.4,73.2,2.76,3,7,0.939,92.0,0.032,2,maintain
0.364,38.7,125.8,3.52,11,5,0.573,50.8,-0.309,7,downgrade
0.306,31.5,141.8,3.92,16,7,0.225,30.1,0.125,8,downgrade
0.92,48.6,72.7,3.16,1,2,0.685,70.5,-0.123,1,maintain
0.221,35.0,126.1,3.49,15,8,0.05,53.8,-0.018,6,downgrade
0.916,93.5,84.1,1.93,2,4,0.894,86.7,0.032,6,upgrade
0.453,25.3,143.9,3.84,6,6,0.582,55.7,-0.134,7,downgrade
0.45,44.5,166.2,3.46,12,7,0.496,56.9,-0.436,1,downgrade
0.52,35.0,125.0,3.26,9,5,0.711,38.4,-0.201,8,downgrade
0.919,90.9,38.8,1.5,3,1,0.931,76.4,0.391,4,upgrade
0.462,26.5,133.4,3.76,10,6,0.601,29.6,-0.015,8,downgrade
0.845,86.0,53.5,1.89,0,1,0.862,89.6,0.114,6,upgrade
0.162,54.2,118.7,2.95,20,4,0.306,78,-0.022,5,downgrade
0.204,24.5,107.7,3.83,9,7,0.228,25.1,-0.053,5,downgrade
0.821,87.5,56.1,2.12,2,4,0.921,94.1,0.153,10,upgrade
0.729,62.8,89.0,2.35,8,5,0.631,65.7,-0.015,9,maintain
0.877,87.9,89.1,2.24,1,6,0.939,95.2,0.162,3,upgrade
0.739,66.9,84.4,2.37,1,8,0.696,73.2,-0.004,2,maintain
0.211,29.9,180,3.99,18,6,0.104,30.8,-0.26,8,downgrade
0.822,85.6,111.0,2.48,3,7,0.893,83.9,-0.333,6,maintain
0.442,43.7,135.2,2.95,8,4,0.686,47.8,-0.196,8,downgrade
0.961,91.6,64.7,2.01,2,6,0.893,83.3,0.168,7,upgrade
0.925,82.7,94.7,1.96,6,6,0.83,88.6,0.091,8,upgrade
0.244,39.9,119.6,3.43,12,5,0.168,68.0,-0.023,7,downgrade
0.22,31.6,136.3,3.5,16,4,0.081,16.4,-0.335,8,downgrade
0.897,84.5,39.0,1.64,1,3,0.919,91.6,-0.031,7,upgrade
0.593,72.1,52.9,2.24,2,2,0.792,67.4,0.077,9,maintain
0.788,63.2,71.5,2.52,2,3,0.615,53.7,-0.039,1,maintain
0.392,30.4,114.8,3.89,6,8,0.546,28.5,-0.121,3,downgrade
0.834,83.7,83.6,2.42,2,4,0.871,85.1,-0.303,5,maintain
0.177,29.9,110.9,3.45,12,3,0.207,42.6,0.077,1,downgrade
0.668,58.0,120.1,2.98,9,8,0.69,64.0,0.03,8,maintain
0.636,84.6,56.9,1.99,6,2,0.628,57.8,-0.131,7,maintain
0.608,60.3,131.8,2.86,8,6,0.755,77.9,-0.001,2,maintain
0.652,16.0,99.4,3.63,9,4,0.517,26.7,-0.023,1,downgrade
0.406,26.5,160.3,3.86,10,6,0.493,34.5,-0.133,8,downgrade
0.864,100,61.3,1.36,3,3,0.986,85.7,0.074,10,upgrade
0.924,100.0,40.3,1.88,0,3,0.899,88.3,-0.05,8,upgrade
0.377,48.6,163.2,3.12,15,5,0.234,63.5,-0.067,1,downgrade
0.222,41.3,97.4,3.16,12,4,0.165,51.1,-0.171,4,downgrade
1.0,88.4,72.8,1.8,1,6,0.924,84.7,-0.007,10,upgrade
0.961,77.5,72.9,2.45,0,4,0.876,99.5,0.083,10,upgrade
0.47,29.1,130.1,3.62,12,5,0.687,46.7,-0.142,7,downgrade
0.582,60.9,110.3,2.7,9,7,0.673,64.0,-0.21,3,maintain
0.171,44.5,109.3,2.96,8,6,0.063,72.1,-0.059,6,downgrade
0.809,60.8,88.0,2.75,0,8,0.566,45.8,-0.186,5,maintain
0.136,37.9,158.1,3.55,12,7,0.122,41.4,0.009,7,downgrade
0.269,31.5,148.8,2.83,16,3,0.316,20.4,0.005,7,downgrade
0.175,35.4,128.0,3.62,12,6,0.137,45.6,-0.169,8,downgrade
0.24,40.9,150.4,3.14,19,5,0.386,53.8,0.115,3,downgrade
0.836,85.6,85.2,2.15,6,8,0.929,79.9,0.035,1,maintain
0.94,76.1,78.8,2.17,1,3,0.931,85.7,0.046,10,upgrade
0.372,16.2,112.5,3.68,8,3,0.542,8.4,-0.024,8,downgrade
0.525,61.1,155.8,2.87,10,8,0.696,51.7,0.018,1,maintain
0.135,24.3,162.0,3.6,20,7,0.05,42.0,-0.213,4,downgrade
0.741,76.7,95.4,2.32,7,4,0.741,71.3,0.011,9,maintain
0.935,91.2,77.5,2.03,4,3,0.943,78.1,0.089,4,upgrade
0.847,45,86.8,2.63,4,4,0.748,45.1,0.169,8,maintain
0.937,75.2,90.7,2.35,2,5,0.873,93.3,-0.041,10,upgrade
0.974,90.3,104.3,2.65,4,7,0.915,78.4,0.218,9,upgrade
0.743,72.9,122.6,3.06,5,8,0.891,90.5,-0.401,6,maintain
0.81,68.7,82.3,2.56,4,5,0.972,89.5,0.31,7,upgrade
0.5,45,98.0,3.11,3,7,0.793,66.0,0.103,5,maintain
0.74,73.8,88.3,2.78,3,7,0.904,80.7,-0.062,1,maintain
0.177,16.8,129.4,3.7,10,2,0.293,22.0,-0.178,7,downgrade
0.908,62.6,52.2,2.39,0,3,0.933,83.6,-0.219,8,maintain
0.275,35.7,119.8,3.42,14,3,0.288,41.9,-0.083,6,downgrade
0.865,73.6,104.1,2.23,2,7,0.92,96.9,0.008,8,upgrade
0.5,45,98.2,2.68,6,3,0.776,66.5,0.079,6,maintain
0.314,13.7,119.3,3.8,13,3,0.473,12.1,0.026,4,downgrade
0.301,47.1,128.9,3.13,12,3,0.416,53.0,-0.107,6,downgrade
0.814,56.5,122.9,2.6,4,8,0.676,79.9,0.134,1,maintain
0.226,62.1,109.0,2.58,10,4,0.252,56.7,-0.278,2,downgrade
0.62,50.0,108.3,2.63,5,3,0.735,64.3,-0.046,1,maintain
0.943,85.7,69.0,2.17,2,7,0.898,85.5,0.194,6,upgrade
0.568,58.8,79.2,2.59,5,5,0.464,75.9,-0.001,8,maintain
0.854,80.5,104.8,2.28,3,7,0.883,81.8,0.244,2,maintain
0.225,16.0,147.9,3.7,16,4,0.05,47.4,-0.5,4,downgrade
0.255,20.0,143.6,3.92,12,7,0.16,20.1,-0.235,2,downgrade
0.568,69.4,133.0,2.74,7,6,0.722,61.6,0.176,6,maintain
0.785,79.4,52.6,1.84,2,4,0.781,86.3,-0.081,7,upgrade
0.329,35.3,147.8,3.23,14,5,0.494,60.1,-0.05,3,downgrade
0.731,64.4,83.1,2.85,5,5,0.863,88.0,-0.287,10,maintain
0.425,10.4,116.6,3.8,10,3,0.408,10.3,0.25,6,downgrade
0.27,21.0,105.4,3.58,12,5,0.311,34.3,-0.104,8,downgrade
0.932,86.5,33.9,1.14,0,3,0.829,81.6,0.156,6,upgrade
0.569,53.0,126.1,3.21,10,5,0.775,73.6,0.008,3,maintain
0.421,20.2,118.0,3.5,10,5,0.34,22.4,0.124,6,downgrade
0.326,55.3,115.0,2.77,12,3,0.315,36.8,-0.136,8,downgrade
0.573,49.7,167.4,3.92,8,8,0.808,73.2,0.136,7,maintain
0.899,63.0,107.5,2.69,0,8,0.854,80.4,-0.134,8,maintain
0.929,91.8,71.0,2.29,3,1,0.902,81.9,0.05,9,upgrade
0.416,36.7,169.7,3.68,14,6,0.366,25.5,0.25,7,downgrade
0.861,52.8,76.9,2.85,3,3,0.797,55.7,0.037,1,maintain
0.899,82.0,46.0,1.94,2,1,0.832,93.8,0.004,5,upgrade
0.85,91.0,47.6,1.41,3,1,0.869,81.8,0.105,10,upgrade
0.351,35.8,147.2,3.23,16,5,0.513,23.0,-0.142,5,downgrade
0.78,66.7,119.6,2.98,4,7,0.895,79.7,-0.318,6,maintain
0.892,96.5,79.7,1.76,2,7,0.972,95.3,0.085,3,upgrade
0.347,33.1,137.7,3.2,10,3,0.606,42.5,-0.35,2,downgrade
0.424,11.5,177.4,4.28,9,3,0.444,12.7,-0.148,7,downgrade
0.424,26.6,121.4,3.18,12,2,0.391,44.9,-0.273,2,downgrade
0.931,83.1,83.2,2.61,4,8,0.967,94.5,0.079,9,maintain
0.49,21.3,120.2,3.97,6,2,0.54,32.8,0.024,6,downgrade
0.76,85.4,70.9,1.64,4,1,0.856,89.2,-0.239,8,maintain
0.291,40.0,126.6,3.15,10,5,0.338,48.5,-0.006,6,downgrade
0.924,82.7,55.5,1.97,0,4,0.868,90.2,0.034,4,upgrade
0.854,89.7,61.1,1.87,1,1,0.929,72.7,0.029,6,upgrade
0.833,81.6,71.9,1.9,4,1,0.938,79.1,0.12,8,upgrade
0.246,29.8,130.0,3.3,20,3,0.313,52.2,-0.167,1,downgrade
0.384,33.0,153.8,3.07,17,3,0.254,23.1,-0.089,7,downgrade
0.569,31.3,109.6,3.26,8,3,0.485,39.3,0.215,6,downgrade
0.856,78.3,66.1,2.25,5,5,0.955,81.4,0.007,10,upgrade
0.855,98.7,79.1,1.77,8,4,0.978,95.0,0.076,9,upgrade
0.509,17.4,180,4.22,6,7,0.754,22.1,0.241,3,downgrade
0.712,49.4,111.2,3.12,2,7,0.722,62.1,0.096,6,maintain
0.5,54.5,94.5,2.67,11,6,0.45,64.4,-0.106,2,maintain
0.258,54.5,150.3,3.16,15,5,0.443,75.5,0.079,1,downgrade
0.759,55.4,92.9,3.1,4,5,0.698,45,-0.091,1,maintain
0.841,74.8,84.5,2.31,2,4,0.525,63.4,-0.068,6,maintain
0.291,36.5,137.9,2.91,12,2,0.361,52.7,-0.5,8,downgrade
0.33,28.0,107.9,3.11,2,1,0.473,60.5,0.056,10,maintain
0.486,12.1,138.1,4.04,8,6,0.569,22.8,-0.187,4,downgrade
0.798,72.9,75.0,2.13,1,2,0.882,82.2,0.042,10,upgrade
0.375,27.2,171.7,3.46,10,4,0.502,40.6,-0.232,1,downgrade
0.762,70.0,101.8,2.71,5,2,0.916,79.5,0.241,1,maintain
0.689,47.2,88.1,2.74,4,5,0.45,79.9,-0.406,3,maintain
0.284,49.4,133.6,2.99,16,8,0.367,56.4,-0.398,6,downgrade
0.914,70.8,57.7,2.64,0,7,0.889,82.7,0.231,1,maintain
0.222,52.4,115.5,2.68,9,4,0.378,57.7,0.139,2,downgrade
0.73,53.2,106.2,2.91,5,4,0.771,79.9,0.192,4,maintain
0.868,85.0,58.8,1.9,2,4,0.935,88.8,0.051,3,upgrade
0.708,62.8,91.0,2.19,10,2,0.6,52.6,-0.03,1,maintain
0.891,74.4,94.5,2.81,0,3,0.949,86.4,-0.024,9,upgrade
0.5,64.5,111.8,3.11,8,6,0.727,79.9,0.017,7,maintain
0.5,64.7,89.0,2.45,8,7,0.592,79.9,0.187,4,maintain
0.47,36.2,160.1,3.33,12,7,0.257,38.8,0.004,5,downgrade
0.188,59.7,124.1,2.86,14,6,0.229,73.3,-0.038,8,downgrade
0.805,80.9,67.0,1.72,5,1,0.935,88.7,0.062,8,upgrade
0.336,44.7,140.8,3.04,10,3,0.336,22.7,-0.36,1,downgrade
0.898,88.6,49.5,1.87,1,5,0.948,93.7,0.114,7,upgrade
0.42,11.8,130.0,3.99,10,7,0.385,24.1,-0.018,1,downgrade
0.285,60.0,100.7,2.69,8,6,0.418,50.0,-0.087,1,downgrade
0.704,50.2,76.8,2.6,6,2,0.629,62.5,-0.101,1,maintain
0.559,53.5,79.2,2.47,9,2,0.812,63.9,0.298,7,maintain
0.747,79.7,68.4,2.36,6,2,0.857,84.1,-0.277,10,maintain
0.256,48.3,144.3,3.07,11,3,0.05,33.6,0.232,8,downgrade
0.202,35.9,158.8,3.86,15,4,0.223,40.6,-0.175,4,downgrade
0.259,20.5,99.1,3.7,9,3,0.312,41.4,-0.088,7,downgrade
0.402,66.1,99.3,2.51,10,3,0.357,73.1,-0.358,4,downgrade
0.978,82.9,72.0,2.14,0,6,0.884,93.3,-0.042,5,upgrade
0.985,87.6,47.0,1.85,2,3,0.857,88.7,-0.017,9,upgrade
0.92,67.3,81.0,2.69,0,7,0.709,69.2,-0.157,5,maintain
0.416,43.6,152.0,3.57,13,8,0.315,37.3,-0.209,5,downgrade
0.892,80.3,78.0,2.0,1,2,0.956,69.7,0.185,10,upgrade
0.449,25.5,161.6,3.88,11,5,0.461,32.3,-0.268,5,downgrade
0.419,43.7,140.2,3.11,12,3,0.494,37.0,-0.277,3,downgrade
0.91,84.8,71.1,1.83,4,2,0.969,70.2,0.05,10,upgrade
0.5,58.5,77.3,2.9,7,4,0.595,69.5,0.26,4,maintain
0.773,87.1,67.9,1.86,7,3,0.917,82.2,-0.069,2,maintain
0.27,30.1,139.3,3.12,10,4,0.413,30.7,-0.038,7,downgrade
0.879,73.2,72.4,2.16,5,7,0.833,79.9,-0.094,7,maintain
0.254,19.4,180,3.86,15,6,0.301,13.1,-0.074,4,downgrade
0.258,24.2,144.1,3.86,11,6,0.276,19.8,-0.24,1,downgrade
0.854,100,52.7,1.21,6,5,0.912,81.5,-0.09,10,upgrade
0.938,80.6,63.5,2.19,3,3,0.964,88.4,-0.09,10,upgrade
0.918,87.2,83.4,2.09,2,6,0.949,92.9,0.09,6,upgrade
0.822,73.7,67.0,2.08,1,7,0.903,93.8,-0.09,3,upgrade
0.861,91.3,72.1,1.89,6,7,0.894,84.6,0.091,3,upgrade
0.901,83.4,67.2,2.56,1,7,0.973,88.2,-0.009,6,upgrade
0.337,13.9,139.6,3.93,14,4,0.335,7.1,0.118,8,downgrade
0.923,84.5,92.6,2.38,1,7,0.934,79.0,0.134,9,upgrade
0.935,81.6,57.2,1.55,1,2,0.824,92.6,0.402,3,upgrade
0.833,50.7,108.6,2.87,3,3,0.508,57.3,-0.169,9,maintain
0.748,64.5,78.3,2.11,0,2,0.729,48.1,-0.129,2,maintain
0.213,32.6,144.6,3.89,19,6,0.361,42.8,-0.186,4,downgrade
0.861,69.0,93.9,2.46,2,5,0.842,87.2,0.103,10,upgrade
0.92,64.9,81.4,2.73,2,5,0.805,69.5,0.205,9,maintain
0.244,49.3,98.4,3.0,8,7,0.073,71.5,-0.065,4,downgrade
0.874,77.2,72.5,2.32,0,7,0.859,93.2,0.088,6,upgrade
0.929,79.9,72.8,2.5,3,5,0.913,76.4,0.022,4,upgrade
0.959,95.3,52.4,1.35,5,2,0.905,83.1,0.007,9,upgrade
0.943,89.6,44.7,1.29,1,2,0.903,90.8,0.205,9,upgrade
0.897,100,59.3,1.64,1,7,0.808,83.2,0.205,9,upgrade
0.481,32.4,140.5,3.81,3,8,0.508,36.6,-0.328,6,downgrade
0.929,86.7,71.8,2.4,0,5,0.948,86.3,0.141,10,upgrade
0.176,54.6,172.9,3.33,16,7,0.406,52.8,-0.135,7,downgrade
0.232,17.3,154.0,4.13,5,8,0.379,33.2,-0.281,7,downgrade
0.204,51.5,119.3,2.88,16,3,0.415,64.4,-0.322,5,downgrade
0.643,78.2,70.4,2.18,9,1,0.544,79.9,-0.075,7,maintain
0.777,92.4,64.4,1.52,8,2,0.915,87.6,0.206,7,upgrade
0.834,85.7,42.7,1.23,0,1,0.921,72.5,0.15,10,upgrade
0.298,45.2,102.8,2.97,19,4,0.181,51.0,0.012,6,downgrade
0.244,36.4,105.0,3.27,12,7,0.152,39.2,-0.134,7,downgrade
0.841,67.6,47.3,2.08,3,2,0.851,91.2,0.081,5,upgrade
0.901,92.3,78.8,1.65,4,7,0.973,88.0,0.03,7,upgrade
0.813,88.8,72.0,2.03,4,7,0.969,85.2,0.063,8,upgrade
0.206,22.2,141.1,3.5,18,5,0.106,28.8,0.02,3,downgrade
0.837,97.4,65.9,1.61,4,2,0.765,82.4,0.297,3,upgrade
0.765,86.8,84.4,2.68,2,8,0.882,89.4,-0.214,7,maintain
0.705,66.7,56.5,2.5,2,1,0.835,71.7,-0.094,8,maintain
0.9,72.1,45.9,1.92,4,2,0.84,94.4,0.153,8,upgrade
0.812,68.3,96.4,2.34,1,8,0.593,61.2,0.189,5,maintain
0.878,74.3,61.3,2.29,5,5,0.955,92.6,0.047,4,upgrade
0.317,28.2,149.1,3.57,15,7,0.305,23.8,-0.155,2,downgrade
1.0,80.8,81.9,2.7,0,7,0.926,83.7,0.257,3,upgrade
0.898,73.4,70.0,2.61,1,7,0.862,84.0,0.089,4,upgrade
0.7,56.2,90.6,2.61,8,6,0.732,45,-0.016,6,maintain
0.178,40.0,120.7,2.99,11,7,0.215,50.0,-0.323,2,downgrade
0.156,53.6,109.2,2.45,12,2,0.436,50.0,-0.037,3,downgrade
0.678,67.2,80.1,1.91,8,2,0.652,61.8,-0.085,8,maintain
0.295,20.8,139.2,3.84,7,7,0.386,14.4,-0.146,4,downgrade
0.248,18.5,135.8,3.77,16,6,0.435,35.2,-0.258,2,downgrade
0.903,76.4,63.8,1.72,0,1,0.897,73.6,-0.033,8,upgrade
0.949,75.3,88.3,2.43,1,6,0.862,89.7,0.161,1,maintain
0.582,45,133.8,3.26,3,7,0.84,65.6,-0.084,7,maintain
0.468,18.7,155.2,3.7,14,5,0.623,42.1,-0.147,5,downgrade
0.933,95.0,67.5,2.05,2,8,0.872,96.8,0.124,5,maintain
0.948,87.9,78.0,1.69,2,5,0.886,84.8,0.14,4,upgrade
0.943,73.4,62.3,2.46,2,1,0.891,93.1,0.053,5,upgrade
0.97,78.9,60.2,1.89,1,1,0.87,92.1,0.159,5,upgrade
0.287,46.8,130.0,2.81,17,8,0.423,26.7,-0.013,8,downgrade
0.582,86.6,100.0,2.02,10,4,0.45,79.9,0.012,3,maintain
0.921,73.5,54.7,1.9,1,4,0.951,78.1,0.006,2,maintain
1.0,96.5,57.7,1.73,0,1,0.895,93.9,0.096,4,upgrade
0.559,15.2,146.6,4.15,8,7,0.712,21.4,0.12,6,downgrade
0.939,85.4,62.4,1.81,0,2,0.93,92.9,0.206,1,maintain
0.5,75.9,80.1,2.09,13,3,0.629,58.8,0.12,10,maintain
0.957,88.2,77.4,2.05,1,3,0.907,86.3,0.148,7,upgrade
0.902,88.6,77.7,2.14,0,6,0.877,91.4,0.177,6,upgrade
0.596,85.5,70.5,2.02,4,3,0.594,55.1,-0.063,7,maintain
0.768,64.4,69.2,2.18,2,3,0.856,84.5,-0.219,10,maintain
0.851,86.9,62.8,2.08,4,3,0.935,74.0,0.091,10,upgrade
0.751,64.8,92.8,2.72,4,5,0.865,87.6,-0.149,4,maintain
0.879,58.6,69.7,2.86,0,6,0.705,73.7,0.243,5,maintain
0.921,78.5,79.6,2.5,2,6,0.792,94.2,-0.048,3,upgrade
0.822,70.2,67.7,2.14,0,3,0.878,83.4,0.144,10,upgrade
0.896,86.1,84.4,2.5,5,7,0.912,90.5,-0.024,4,upgrade
0.638,57.4,105.4,2.96,5,6,0.554,45,-0.013,2,maintain
0.964,78.6,58.1,1.88,6,3,0.902,80.4,0.169,6,upgrade
0.748,61.4,91.1,2.41,2,7,0.84,54.3,-0.005,5,maintain
0.86,100,62.1,1.78,3,5,0.92,76.2,0.208,6,upgrade
0.567,77.8,66.7,2.31,4,3,0.723,62.6,0.011,8,maintain
1.0,85.4,34.3,1.27,2,2,0.856,84.5,0.154,4,upgrade
0.947,94.5,78.6,2.24,1,5,0.961,82.9,0.257,9,upgrade
0.759,45.6,134.4,3.12,4,7,0.736,79.9,0.086,2,maintain
0.893,78.7,93.2,2.35,4,5,0.966,84.1,0.131,6,upgrade
0.854,80.2,76.9,2.33,2,4,0.861,86.7,0.24,9,upgrade
0.184,20.1,124.2,3.94,20,5,0.05,20.0,-0.106,4,downgrade
0.944,88.5,47.3,1.94,0,4,0.885,84.6,0.136,5,upgrade
0.949,86.1,36.5,1.33,1,1,0.895,83.0,-0.052,1,maintain
0.978,86.1,61.5,2.18,2,4,0.924,90.7,0.25,4,upgrade
0.3,26.6,176.0,4.1,9,8,0.158,35.7,-0.088,7,downgrade
0.291,35.4,154.0,2.83,10,6,0.376,56.9,0.21,7,downgrade
0.924,72.0,102.7,2.48,4,3,0.869,80.6,0.079,9,upgrade
0.803,73.9,75.1,2.18,0,3,0.869,84.9,0.17,3,upgrade
0.993,92.4,53.1,1.92,2,4,0.902,89.6,-0.086,4,upgrade
0.863,82.8,94.7,2.38,3,7,0.979,74.3,0.02,9,upgrade
0.308,51.7,119.6,2.35,11,3,0.647,45.7,-0.204,6,downgrade
0.753,72.7,100.6,2.41,3,8,0.636,71.2,0.065,2,maintain
0.748,69.0,124.7,2.9,7,8,0.851,84.1,0.102,2,maintain
0.838,84.3,76.2,1.99,3,1,0.826,54.8,0.295,7,maintain
0.921,85.6,43.0,1.88,0,3,0.937,86.9,-0.088,3,upgrade
0.971,82.5,87.0,2.61,0,7,0.888,65.0,0.099,10,upgrade
0.701,86.2,52.9,1.73,5,1,0.725,79.9,-0.174,9,maintain
0.322,38.0,97.0,3.32,5,4,0.488,40.2,-0.217,8,downgrade
0.892,85.8,63.7,1.64,0,5,0.963,97.7,0.107,6,upgrade
0.88,78.0,60.5,2.28,0,5,0.951,81.6,0.082,9,upgrade
0.921,86.0,48.2,1.72,2,2,0.943,66.2,-0.044,4,upgrade
0.93,75.9,81.1,2.43,0,6,0.96,84.2,0.231,9,upgrade
0.733,67.0,122.6,2.7,9,7,0.69,53.1,0.093,4,maintain
0.211,33.3,180,3.67,19,8,0.262,28.7,-0.183,6,downgrade
0.424,31.8,167.1,4.03,10,8,0.606,37.0,-0.166,7,downgrade
0.437,20.1,123.5,3.76,12,5,0.702,38.7,-0.388,8,downgrade
0.812,83.2,58.6,2.03,1,5,0.914,87.4,-0.19,3,maintain
0.924,81.8,84.0,2.47,2,7,0.884,87.7,0.161,4,upgrade
0.444,38.9,136.5,3.41,13,5,0.598,39.4,-0.481,6,downgrade
0.803,45,89.6,2.91,5,2,0.571,56.1,0.172,2,maintain
0.59,68.9,87.4,2.36,6,4,0.822,73.6,-0.128,5,maintain
0.741,53.7,69.7,2.49,5,3,0.84,70.7,-0.031,10,maintain
0.84,84.0,81.0,1.99,5,2,0.932,99.6,0.071,4,upgrade
0.606,30.2,118.8,3.83,6,6,0.559,39.1,-0.183,2,downgrade
0.327,38.2,107.0,2.83,8,2,0.339,57.9,0.13,4,downgrade
0.277,26.8,125.9,3.7,5,3,0.184,44.5,-0.404,6,downgrade
0.5,75.6,108.3,2.05,10,4,0.72,45,-0.092,10,maintain
0.937,80.1,61.2,1.99,0,1,0.927,83.2,0.086,6,upgrade
0.744,66.9,119.2,2.59,4,7,0.951,79.8,0.23,1,maintain
0.24,31.8,98.9,3.17,9,5,0.33,36.0,-0.087,2,downgrade
0.255,31.7,154.2,3.34,18,2,0.369,19.9,-0.348,7,downgrade
0.861,97.1,95.7,2.14,4,6,0.857,93.8,0.014,4,upgrade
0.228,29.4,141.0,3.38,17,2,0.316,28.4,-0.03,2,downgrade
0.776,84.9,86.7,2.25,5,7,0.964,88.5,0.151,5,upgrade
0.896,84.8,85.4,2.12,3,7,0.947,91.0,0.279,10,upgrade
0.405,14.3,180,4.29,13,5,0.674,5,-0.031,1,downgrade
0.888,75.5,77.7,2.71,5,6,0.87,90.1,0.087,8,upgrade
0.88,52.5,82.9,2.73,0,3,0.822,61.9,0.109,5,maintain
0.873,95.2,49.1,1.51,3,1,0.965,89.5,0.09,7,upgrade
0.5,69.1,105.6,2.66,8,8,0.595,71.2,0.196,1,maintain
0.944,84.8,46.1,1.69,0,4,0.831,86.7,-0.015,5,upgrade
0.815,67.1,97.8,2.7,3,7,0.722,79.9,-0.005,8,maintain
0.19,37.5,142.3,3.23,10,5,0.07,55.5,-0.057,7,downgrade
0.61,54.2,107.1,2.79,7,1,0.668,64.0,0.151,9,maintain
0.578,67.4,88.4,2.33,5,1,0.669,73.7,-0.027,7,maintain
0.842,82.0,49.2,1.37,2,2,0.865,90.3,0.032,9,upgrade
0.226,42.2,113.6,2.47,15,4,0.318,59.2,-0.112,3,downgrade
0.231,50.2,122.7,2.87,11,5,0.224,67.4,0.012,8,downgrade
0.619,74.0,85.6,2.31,7,1,0.813,55.7,0.152,5,maintain
0.226,39.6,99.4,3.14,14,7,0.132,35.8,-0.108,1,downgrade
0.559,40.1,147.0,3.47,6,4,0.663,45.4,-0.115,2,downgrade
0.602,57.9,142.8,3.17,7,7,0.563,61.7,0.035,4,maintain
0.394,5,172.8,4.79,12,8,0.508,23.4,-0.315,5,downgrade
0.972,93.8,43.7,1.56,0,1,0.921,95.9,0.039,5,upgrade
0.22,19.2,180,3.92,20,6,0.236,32.1,0.101,3,downgrade
0.892,74.6,75.3,2.77,2,5,0.97,85.0,0.098,3,upgrade
0.893,87.6,64.8,1.65,0,3,0.996,93.2,0.082,3,upgrade
0.242,21.9,139.9,3.91,13,7,0.551,19.8,-0.18,5,downgrade
0.921,85.8,72.5,2.31,4,2,0.872,91.8,0.163,7,upgrade
0.339,28.6,85.7,3.49,12,2,0.526,35.2,-0.243,2,downgrade
0.392,25.9,105.7,3.3,3,2,0.408,60.0,-0.144,2,downgrade
0.848,85.2,85.9,2.29,1,5,0.884,92.7,-0.053,4,upgrade
0.614,65.7,106.3,2.69,10,5,0.627,61.3,0.051,5,maintain
0.377,25.1,115.3,3.13,13,1,0.889,88.6,-0.394,8,maintain
0.28,35.6,134.8,3.4,17,2,0.419,40.0,-0.215,6,downgrade
0.655,82.9,113.6,2.24,9,4,0.835,74.0,-0.062,3,maintain
0.5,74.8,95.3,2.37,9,3,0.755,65.9,-0.144,6,maintain
0.951,82.8,91.6,2.4,0,6,0.924,83.1,0.08,3,upgrade
0.64,66.4,82.9,2.02,5,2,0.724,55.7,-0.247,7,maintain
0.356,51.4,125.3,3.2,5,3,0.479,53.8,-0.136,1,downgrade
0.863,80.8,62.1,2.04,3,1,0.887,87.6,-0.292,5,maintain
0.889,89.5,68.8,1.68,3,2,0.88,94.0,0.199,7,upgrade
0.524,39.9,97.6,3.58,4,8,0.534,46.9,-0.09,1,downgrade
0.585,68.4,107.2,2.63,4,5,0.733,51.3,0.019,7,maintain
0.803,59.0,103.4,2.69,1,4,0.84,79.9,-0.188,6,maintain
0.775,100,53.6,1.86,3,6,0.918,86.3,0.126,6,upgrade
0.178,30.4,138.9,3.39,16,5,0.121,27.0,-0.149,4,downgrade
0.825,62.2,87.6,2.46,7,5,0.968,88.2,-0.216,3,maintain
0.64,78.9,58.0,2.15,4,7,0.69,47.9,-0.074,3,maintain
0.852,87.4,52.0,1.5,6,2,0.878,81.2,0.055,9,upgrade
0.797,64.6,66.7,2.74,3,5,0.747,78.9,-0.084,1,maintain
0.608,50.3,98.4,2.63,8,2,0.827,76.7,-0.172,7,maintain
0.95,83.4,58.1,2.34,0,1,0.929,83.0,0.121,5,upgrade
0.871,81.9,91.1,2.26,5,4,0.934,82.3,-0.006,6,upgrade
0.96,96.0,72.2,1.89,4,4,0.901,82.4,0.117,4,upgrade
0.779,65.4,72.4,2.52,1,6,0.897,79.6,-0.062,1,maintain
0.759,58.2,56.4,2.37,4,1,0.618,58.2,-0.191,2,maintain
0.812,59.1,114.8,2.89,3,5,0.576,68.5,-0.07,1,maintain
0.917,87.5,77.0,1.7,2,6,0.911,89.4,0.077,7,upgrade
0.973,67.0,65.9,2.24,2,1,0.833,86.6,0.13,10,upgrade
0.813,67.8,108.7,2.57,6,8,0.655,79.9,0.223,9,maintain
0.706,51.3,89.8,3.25,5,6,0.755,78.2,0.001,3,maintain
1.0,80.2,79.3,2.32,0,7,0.894,75.9,0.096,5,upgrade
0.929,93.9,31.3,1.25,2,1,0.966,89.8,0.339,10,upgrade
0.514,51.6,133.2,2.76,13,2,0.57,79.9,-0.073,3,maintain
0.929,82.3,77.7,2.51,6,3,0.908,91.1,0.226,10,upgrade
0.96,82.8,52.8,1.72,0,3,0.928,89.8,0.123,5,upgrade
0.919,91.3,57.9,1.69,1,3,0.887,81.5,0.127,3,upgrade
0.845,87.7,42.8,1.75,0,2,0.865,87.6,0.111,10,upgrade
0.891,97.6,58.6,1.73,1,2,0.814,80.2,0.08,9,upgrade
0.821,92.1,84.4,1.94,1,4,0.951,92.1,0.189,4,upgrade
0.925,77.1,69.3,1.95,1,7,0.859,88.7,0.053,3,upgrade
0.881,87.1,66.3,2.13,1,6,0.875,95.4,0.01,8,upgrade
0.687,69.4,111.2,2.2,8,6,0.678,65.2,-0.099,2,maintain
0.874,82.1,92.2,2.31,0,6,0.923,96.7,0.078,4,upgrade
0.6,72.3,64.7,2.18,7,3,0.728,58.2,-0.063,3,maintain
0.294,40.3,115.2,3.17,16,4,0.394,51.6,-0.145,4,downgrade
0.922,96.3,25.9,1.11,0,1,0.856,92.0,0.172,3,upgrade
0.153,52.9,107.7,2.39,17,3,0.055,61.4,-0.387,4,downgrade
0.597,58.8,117.0,3.09,10,3,0.84,60.2,0.056,9,maintain
0.465,39.5,128.3,3.44,8,3,0.597,59.9,-0.144,2,downgrade
0.756,45,86.2,3.06,2,5,0.611,46.4,0.016,7,maintain
0.903,87.7,112.1,2.52,4,7,0.833,86.2,-0.038,6,upgrade
0.801,85.3,55.2,1.48,0,3,0.84,60.8,0.015,6,maintain
0.269,50.4,144.1,2.76,17,2,0.377,56.3,-0.137,3,downgrade
0.268,27.5,125.3,3.97,11,8,0.328,32.4,-0.083,4,downgrade
0.808,89.6,91.3,2.14,3,7,0.966,85.9,0.002,6,upgrade
0.763,75.3,85.7,1.98,6,4,0.914,78.8,0.195,1,maintain
0.914,100,40.6,1.3,2,6,0.905,81.1,0.015,3,upgrade
0.677,77.2,83.7,2.14,6,5,0.785,55.9,0.029,9,maintain
0.546,53.2,135.8,3.29,8,7,0.619,62.8,-0.23,6,maintain
0.486,23.6,172.0,3.93,12,7,0.469,36.0,-0.243,7,downgrade
0.5,82.3,94.7,2.37,10,4,0.84,79.9,0.122,6,maintain
0.174,42.6,105.0,3.34,18,6,0.05,53.6,0.041,3,downgrade
0.781,81.5,60.3,1.74,3,2,0.753,79.9,0.17,1,maintain
0.938,89.2,78.2,2.16,4,5,0.843,94.2,-0.09,5,upgrade
0.76,49.9,108.6,2.65,6,3,0.84,59.8,-0.058,7,maintain
0.425,36.1,130.8,3.52,11,8,0.574,26.2,-0.103,2,downgrade
0.286,26.3,151.7,3.89,9,6,0.215,32.2,-0.056,6,downgrade
0.915,79.8,53.6,1.93,1,1,0.959,95.1,0.194,5,upgrade
0.599,68.5,90.6,2.58,2,6,0.765,67.7,0.114,3,maintain
0.562,64.1,51.1,2.13,3,2,0.84,79.9,-0.05,5,maintain
0.151,25.5,142.1,3.13,15,2,0.205,35.8,-0.119,2,downgrade
0.753,85.1,69.1,1.72,0,3,0.865,80.1,0.052,2,maintain
0.943,91.9,60.8,1.73,3,4,0.981,75.0,0.124,10,upgrade
0.878,92.8,89.6,2.49,3,6,0.93,87.2,-0.09,3,upgrade
0.449,26.0,132.1,4.03,13,8,0.392,5,-0.026,7,downgrade
0.889,97.8,67.9,1.62,2,6,0.935,88.9,0.061,9,upgrade
0.323,27.3,124.9,3.65,15,7,0.347,37.9,0.141,1,downgrade
0.833,93.7,70.1,1.88,3,7,0.874,86.3,-0.01,9,upgrade
0.905,74.4,77.0,2.32,2,1,0.95,84.1,0.198,3,upgrade
1.0,91.3,87.0,1.99,0,7,0.896,74.2,0.216,4,upgrade
0.285,54.7,100.7,2.89,8,4,0.354,78,0.073,1,downgrade
0.29,42.6,141.7,3.38,17,5,0.222,46.9,-0.166,8,downgrade
0.245,22.8,179.4,3.69,9,7,0.336,52.9,-0.095,3,downgrade
0.898,86.0,69.9,2.41,0,8,0.864,91.6,-0.351,4,maintain
0.257,39.2,129.6,3.32,7,6,0.286,38.6,0.051,1,downgrade
0.902,81.4,44.7,1.7,1,5,0.845,89.5,-0.024,6,upgrade
0.34,48.6,109.8,3.06,8,7,0.265,56.2,-0.321,7,downgrade
0.544,70.9,101.7,2.14,11,1,0.715,79.9,-0.062,3,maintain
0.349,25.1,153.0,4.1,8,8,0.328,29.0,-0.21,6,downgrade
0.837,81.6,79.4,1.96,5,2,0.905,93.2,0.093,9,upgrade
0.268,28.4,119.7,3.18,8,5,0.548,36.2,-0.012,6,downgrade
0.9,82.2,97.3,2.19,3,7,0.81,90.7,0.214,7,upgrade
0.568,27.5,112.8,3.52,9,2,0.559,23.7,-0.199,5,downgrade
0.744,87.7,66.5,2.05,3,2,0.858,87.9,-0.17,3,maintain
0.39,13.1,146.1,3.96,6,2,0.638,22.2,0.102,6,downgrade
0.665,61.0,141.7,3.07,12,7,0.523,49.8,-0.109,9,maintain
0.284,40.5,83.2,3.08,7,1,0.808,67.5,0.028,9,maintain
0.883,88.4,73.7,1.65,3,2,0.897,91.0,0.026,6,upgrade
0.296,35.2,155.4,3.28,10,3,0.05,51.0,0.224,3,downgrade
0.923,89.7,59.2,1.44,0,5,0.885,80.0,0.133,5,upgrade
0.341,37.5,117.9,4.16,8,6,0.245,33.9,-0.052,8,downgrade
0.902,85.4,89.0,2.31,0,7,0.967,88.0,0.29,5,upgrade
0.761,69.5,91.1,2.54,2,3,0.45,57.2,-0.02,4,maintain
0.407,27.8,139.4,3.9,8,4,0.627,37.9,-0.224,3,downgrade
0.993,98.6,41.4,1.42,0,2,0.866,95.3,0.212,8,upgrade
0.403,30.1,121.7,3.9,7,3,0.492,23.2,0.007,3,downgrade
0.917,81.9,57.7,1.4,2,4,0.863,86.7,-0.023,9,upgrade
0.769,79.2,96.4,2.24,3,6,0.91,86.2,0.097,10,upgrade
0.492,26.2,154.6,3.63,6,4,0.524,20.0,-0.056,1,downgrade
1.0,64.8,55.7,2.26,0,3,0.903,77.1,0.364,6,upgrade
0.433,28.0,145.9,3.46,9,5,0.439,57.2,-0.164,1,downgrade
0.471,46.3,97.7,2.68,7,8,0.432,45.7,-0.201,2,downgrade
0.675,32.3,93.1,3.49,4,7,0.517,36.8,-0.15,5,downgrade
0.833,92.5,40.2,1.06,5,1,0.917,94.7,0.025,5,upgrade
0.784,73.1,56.2,2.32,3,1,0.821,89.4,0.219,9,upgrade
0.82,82.7,61.2,2.32,3,7,0.859,78.2,0.045,3,upgrade
0.927,79.6,60.8,2.16,2,7,0.958,77.9,0.014,9,upgrade
0.887,76.2,87.2,2.39,1,4,0.977,81.6,0.019,8,upgrade
0.88,93.9,107.5,2.42,2,6,0.837,84.1,0.007,9,upgrade
0.927,82.4,38.2,1.58,3,1,0.97,82.1,0.103,5,upgrade
0.21,22.1,138.4,3.69,13,8,0.427,11.8,-0.195,7,downgrade
0.779,49.8,97.2,3.16,5,7,0.755,65.1,-0.02,6,maintain
0.718,64.7,95.1,2.56,4,2,0.729,70.0,-0.037,5,maintain
0.863,96.5,38.9,1.43,3,1,0.935,85.4,0.126,3,upgrade
0.809,64.7,65.9,2.36,6,3,0.802,63.2,0.096,4,maintain
0.575,15.2,155.8,4.01,8,2,0.806,24.1,-0.106,1,downgrade
0.335,40.2,139.0,2.76,18,3,0.474,35.1,-0.086,1,downgrade
0.992,88.4,61.4,2.13,2,4,0.881,73.5,-0.017,7,upgrade
0.984,91.6,76.8,2.14,2,5,0.907,81.9,0.116,7,upgrade
0.904,92.1,75.6,1.95,4,5,0.91,88.0,0.108,7,upgrade
0.227,40.6,161.3,3.3,19,3,0.329,31.9,0.001,2,downgrade
0.807,73.4,58.1,2.03,0,1,0.954,78.2,-0.241,10,maintain
0.792,67.9,123.3,2.76,5,7,0.944,80.6,0.298,2,maintain
0.869,86.8,38.3,1.84,0,1,0.81,86.9,0.085,5,upgrade
0.956,87.5,67.2,2.01,2,1,0.955,80.6,0.104,8,upgrade
0.261,32.9,136.5,3.48,20,2,0.301,51.9,-0.17,2,downgrade
0.223,53.0,128.6,2.69,16,4,0.495,48.4,-0.234,2,downgrade
1.0,100,29.5,1.24,0,1,0.912,90.4,-0.09,3,upgrade
0.368,11.2,128.3,4.11,10,5,0.424,9.3,0.213,8,downgrade
0.719,67.8,108.8,2.69,7,6,0.598,63.0,-0.06,3,maintain
0.903,99.7,49.7,1.74,4,3,0.882,90.1,0.05,10,upgrade
0.961,86.2,61.6,2.11,1,4,0.75,90.5,0.112,4,upgrade
0.735,53.4,117.8,3.22,5,7,0.625,61.1,-0.002,5,maintain
0.841,94.4,48.2,1.27,3,1,0.955,93.4,-0.09,7,upgrade
0.692,77.4,63.4,2.18,7,3,0.648,64.7,-0.019,3,maintain
0.719,81.5,79.5,2.33,4,7,0.84,75.4,-0.007,8,maintain
0.228,36.8,120.8,3.11,12,4,0.05,28.1,-0.402,3,downgrade
0.325,10.2,180,3.93,10,6,0.302,5,-0.2,4,downgrade
0.899,63.3,88.1,2.62,4,7,0.932,78.8,0.157,1,maintain
0.373,29.7,120.2,3.61,11,3,0.251,30.0,-0.058,3,downgrade
0.891,67.8,61.4,2.28,0,2,0.614,66.4,0.242,2,maintain
0.854,85.6,74.2,1.79,5,3,0.903,92.7,-0.09,10,upgrade
0.383,21.9,147.4,3.79,9,8,0.559,27.5,-0.195,6,downgrade
0.247,42.3,96.5,2.89,6,3,0.462,45.3,-0.204,3,downgrade
0.628,66.4,108.6,2.78,6,3,0.781,57.8,0.057,7,maintain
0.775,71.2,61.8,2.19,6,1,0.885,85.7,0.05,1,maintain
0.961,81.6,40.1,1.82,0,2,0.882,90.7,0.116,6,upgrade
0.963,77.5,46.6,1.85,0,1,0.866,90.6,0.29,3,upgrade
0.864,81.8,66.7,2.07,0,3,0.913,70.7,-0.09,6,upgrade
0.257,42.0,179.0,3.81,10,8,0.474,76.7,-0.177,6,downgrade
0.709,69.5,83.3,2.18,9,2,0.792,64.5,-0.155,5,maintain
0.851,88.5,43.7,1.09,2,1,0.887,81.3,-0.034,6,upgrade
0.324,36.0,136.2,3.41,8,5,0.361,48.8,-0.09,1,downgrade
0.831,94.8,72.8,1.87,6,7,0.945,93.2,0.148,5,upgrade
0.989,83.0,43.2,1.97,0,1,0.91,88.2,0.176,7,upgrade
0.317,41.8,94.4,3.56,6,8,0.274,56.7,-0.299,4,downgrade
0.636,49.3,76.2,2.87,5,2,0.701,65.7,-0.327,3,maintain
0.482,12.6,128.8,4.23,5,5,0.402,25.8,-0.265,1,downgrade
0.581,83.2,122.4,2.66,9,8,0.685,72.4,-0.046,4,maintain
0.974,96.9,57.5,1.43,0,4,0.909,87.1,0.05,10,upgrade
0.662,60.3,99.1,2.52,6,3,0.662,68.4,0.016,3,maintain
0.876,71.0,73.5,2.42,0,7,0.927,78.2,0.244,4,upgrade
0.788,53.9,93.3,2.77,2,2,0.543,45,-0.037,9,maintain
0.318,43.4,81.4,2.89,9,2,0.579,40.8,-0.207,3,downgrade
0.792,78.9,58.3,1.79,2,3,0.554,56.8,0.282,6,maintain
0.478,31.9,163.5,3.58,11,3,0.539,13.5,-0.097,1,downgrade
0.383,32.0,141.9,3.31,9,5,0.489,55.7,-0.162,3,downgrade
0.946,82.1,56.5,1.74,1,3,0.957,83.2,0.017,10,upgrade
0.399,10.9,123.8,3.94,14,4,0.343,13.2,-0.072,8,downgrade
0.398,34.7,180,3.83,10,7,0.356,27.0,-0.437,5,downgrade
0.89,70.3,81.6,2.67,1,4,0.905,85.6,0.108,2,maintain
0.537,16.7,125.1,4.28,7,3,0.712,32.8,-0.243,7,downgrade
0.608,57.4,95.1,2.98,9,5,0.758,59.4,0.011,8,maintain
0.715,65.6,101.6,2.23,5,4,0.755,71.5,-0.149,6,maintain
0.747,63.0,75.5,2.92,3,7,0.907,89.2,-0.06,1,maintain
0.851,85.1,65.7,2.02,1,5,0.896,82.9,-0.09,6,upgrade
0.257,21.6,164.1,3.89,14,2,0.286,39.5,0.006,2,downgrade
0.747,66.7,73.0,2.52,7,3,0.664,46.8,0.221,7,maintain
0.898,62.6,37.9,1.92,0,1,0.859,81.3,-0.341,10,maintain
0.938,99.1,28.7,1.43,0,1,0.909,90.9,0.101,9,upgrade
0.308,27.6,168.4,3.57,14,6,0.306,62.7,-0.258,1,downgrade
0.5,62.2,131.1,2.42,10,6,0.606,63.0,0.046,3,maintain
0.195,40.1,180,3.97,15,4,0.05,46.5,-0.078,4,downgrade
0.858,87.5,70.7,1.89,3,7,0.916,84.6,-0.017,6,upgrade
0.821,84.1,52.4,1.99,0,2,0.79,92.1,-0.005,7,upgrade
0.231,30.5,179.4,3.41,19,6,0.05,56.1,-0.382,8,downgrade
0.394,45.4,84.9,3.23,6,6,0.593,78,-0.087,4,downgrade
0.568,54.9,102.7,2.54,4,6,0.661,79.9,-0.099,6,maintain
0.229,44.9,122.5,3.24,9,6,0.167,34.5,0.07,8,downgrade
0.171,46.3,114.1,3.29,10,4,0.52,63.4,-0.005,6,downgrade
0.451,26.6,127.4,3.47,4,6,0.587,29.6,-0.074,4,downgrade
0.531,59.5,159.8,3.33,14,8,0.645,60.7,0.054,10,maintain
0.926,94.1,66.8,1.75,1,1,0.886,95.8,-0.055,3,upgrade
0.547,65.0,122.1,2.71,3,6,0.608,61.1,0.21,7,maintain
0.467,16.2,121.2,3.65,8,3,0.468,21.8,-0.079,1,downgrade
0.39,39.5,156.9,3.61,11,6,0.472,42.7,-0.263,6,downgrade
0.841,80.3,62.7,1.98,2,1,0.913,76.4,0.108,4,upgrade
0.882,87.4,75.0,2.92,1,7,0.907,87.0,-0.022,10,upgrade
0.574,70.0,77.4,1.85,6,1,0.684,58.3,0.112,1,maintain
0.475,32.6,145.1,3.3,11,2,0.54,41.2,-0.266,8,downgrade
0.25,40.9,147.1,3.24,8,8,0.28,51.8,0.147,5,downgrade
0.859,80.8,68.3,2.25,5,4,0.868,84.2,0.135,6,upgrade
0.812,70.4,100.8,2.54,2,4,0.759,76.3,0.203,1,maintain
0.305,35.5,143.6,3.24,11,6,0.33,36.9,-0.281,5,downgrade
0.949,77.1,82.3,2.18,0,3,0.926,78.4,0.05,7,upgrade
0.923,78.7,91.3,2.18,3,5,0.936,82.8,0.177,3,upgrade
0.153,23.4,108.0,3.51,7,5,0.05,22.2,-0.069,1,downgrade
0.435,20.3,139.2,3.46,5,4,0.313,27.1,-0.272,8,downgrade
0.92,78.8,74.5,2.6,3,8,0.794,79.9,-0.086,5,maintain
0.47,25.6,132.3,3.44,9,1,0.84,79.9,0.058,10,maintain
0.178,48.2,163.1,3.65,16,7,0.05,37.5,-0.135,5,downgrade
0.492,11.7,140.6,4.3,8,6,0.612,6.9,-0.07,7,downgrade
1.0,85.9,77.4,2.25,0,6,0.904,92.6,0.128,3,upgrade
0.625,45,118.5,3.63,4,8,0.761,54.2,-0.132,9,maintain
0.46,37.3,107.0,2.71,8,2,0.474,14.7,-0.251,2,downgrade
0.22,31.8,150.4,3.23,17,6,0.452,30.7,-0.188,4,downgrade
0.689,76.0,80.6,2.04,2,5,0.683,68.2,0.107,6,maintain
0.92,79.9,70.5,2.22,2,6,0.892,83.2,-0.018,9,upgrade
0.907,100,68.5,1.91,3,2,0.838,91.1,0.149,8,upgrade
0.988,87.7,61.1,1.86,0,3,0.9,91.0,0.019,8,upgrade
0.969,83.2,66.2,1.82,1,3,0.999,84.5,0.032,5,upgrade
0.645,48.1,115.8,3.27,2,4,0.764,74.2,0.068,8,maintain
0.641,81.9,63.1,1.99,7,3,0.659,72.2,-0.052,6,maintain
0.329,11.9,180,3.91,12,8,0.265,5,-0.375,4,downgrade
0.812,79.0,69.9,1.81,5,2,0.879,91.4,0.078,2,maintain
0.215,36.6,180,3.57,20,5,0.157,39.5,0.088,1,downgrade
0.95,81.9,82.7,2.3,0,4,0.98,76.3,-0.09,9,upgrade
0.826,88.9,71.8,2.46,4,6,0.854,88.3,0.123,10,upgrade
0.333,49.8,112.9,2.82,11,3,0.355,49.2,-0.27,2,downgrade
0.922,79.3,61.6,2.02,2,2,0.89,83.8,0.269,4,upgrade
0.863,67.1,91.0,2.3,1,5,0.906,79.7,-0.024,1,maintain
0.21,25.5,157.8,3.45,14,4,0.145,42.2,-0.218,2,downgrade
0.205,52.2,121.2,2.81,16,4,0.061,67.5,-0.247,7,downgrade
0.782,65.4,73.7,2.76,2,4,0.836,72.4,0.029,6,maintain
0.157,52.9,82.9,2.72,12,3,0.321,61.4,0.21,4,downgrade
0.558,66.6,97.6,2.93,6,4,0.727,64.3,-0.131,2,maintain
0.5,60.2,67.8,2.58,4,5,0.656,63.8,-0.183,5,maintain
0.669,15.0,157.7,4.1,5,7,0.764,5,0.013,2,downgrade
0.837,69.0,81.4,2.24,3,4,0.593,71.9,0.017,2,maintain
0.399,59.8,130.9,2.29,13,3,0.71,69.5,-0.145,5,downgrade
0.921,74.5,75.8,1.91,3,5,0.959,90.3,0.078,1,maintain
0.96,88.4,46.1,1.74,1,4,0.959,78.0,0.246,9,upgrade
0.947,77.5,71.4,2.56,1,7,0.9,79.8,-0.046,5,upgrade
0.346,34.6,126.3,3.21,16,2,0.543,46.8,-0.164,2,downgrade
0.325,19.1,148.1,3.61,15,6,0.286,29.9,-0.313,2,downgrade
0.827,68.7,61.7,2.63,3,2,0.93,87.2,0.263,2,maintain
0.98,79.0,83.5,2.31,2,2,0.912,93.6,0.191,3,upgrade
0.87,90.5,47.3,1.44,0,2,0.959,72.5,-0.077,6,upgrade
0.615,45,108.5,2.79,5,3,0.62,65.8,-0.277,4,maintain
0.454,46.8,92.7,2.57,8,6,0.223,40.1,-0.096,4,downgrade
0.963,84.8,50.4,1.77,1,4,0.857,94.4,-0.042,3,upgrade
0.734,85.4,66.6,1.99,3,2,0.913,78.9,0.13,6,upgrade
0.722,79.6,85.9,2.29,5,4,0.86,86.3,-0.173,10,maintain
0.822,54.7,105.1,2.36,6,3,0.619,68.9,-0.038,2,maintain
0.695,69.5,76.3,2.32,7,2,0.829,54.4,-0.111,3,maintain
0.666,45,115.6,3.09,11,7,0.648,74.8,0.063,9,maintain
0.893,81.7,63.7,2.32,0,6,0.93,93.3,0.171,3,upgrade
0.52,58.5,112.8,2.56,8,6,0.475,50.1,-0.171,2,maintain
0.975,94.7,66.8,1.58,3,3,0.968,74.8,0.185,10,upgrade
0.822,68.5,96.1,2.28,3,7,0.592,77.3,-0.005,8,maintain
0.834,86.3,84.2,2.23,3,6,0.935,96.0,-0.09,9,upgrade
0.92,65.9,99.4,2.77,2,2,0.678,46.7,-0.036,8,maintain
0.305,24.7,108.8,3.21,14,2,0.41,10.0,-0.025,5,downgrade
0.899,87.9,67.4,1.82,1,1,0.83,87.5,0.087,9,upgrade
0.919,90.0,97.8,1.98,4,7,0.867,90.9,-0.065,7,upgrade
0.287,23.7,90.4,3.3,5,2,0.322,7.4,-0.078,4,downgrade
0.912,84.3,56.2,1.91,0,1,0.879,82.5,0.004,7,upgrade
0.89,64.6,97.1,2.88,1,8,0.673,54.0,-0.12,4,maintain
0.887,76.5,48.9,1.83,2,2,0.906,95.2,0.081,4,upgrade
0.5,61.3,120.6,2.9,14,6,0.745,66.8,0.152,5,maintain
0.302,25.1,141.4,3.2,12,2,0.26,24.7,-0.347,6,downgrade
0.862,74.0,74.9,1.89,3,1,0.955,92.7,0.035,1,maintain
0.948,78.0,47.5,2.09,0,4,0.894,70.8,0.263,8,upgrade
0.8,59.5,93.2,3.4,3,8,0.578,52.5,0.124,7,maintain
0.845,96.2,97.3,2.66,4,7,0.969,74.4,0.079,7,upgrade
0.671,78.4,106.3,2.84,4,8,0.543,60.7,0.141,2,maintain
0.306,54.9,160.8,3.28,13,8,0.171,48.4,-0.31,7,downgrade
0.951,84.6,65.9,2.03,1,7,0.961,80.2,-0.051,9,upgrade
0.432,49.4,134.5,3.32,13,6,0.406,56.7,-0.081,4,downgrade
0.825,70.7,53.9,2.07,3,1,0.887,82.8,0.041,8,upgrade
0.889,86.4,91.7,2.43,4,4,0.817,80.2,0.052,3,upgrade
0.369,12.6,121.7,3.47,14,6,0.193,5,-0.057,3,downgrade
0.882,70.3,79.8,2.8,2,3,0.887,95.9,0.17,7,upgrade
0.314,43.1,156.8,3.58,7,7,0.31,28.5,-0.048,3,downgrade
0.865,75.5,49.4,2.02,0,2,0.853,90.8,-0.001,8,upgrade
0.939,90.6,48.0,1.41,6,3,0.873,92.4,0.18,3,upgrade
0.86,78.6,83.0,2.94,3,8,0.963,87.4,-0.221,8,maintain
0.31,19.6,153.4,3.39,16,3,0.093,15.9,-0.128,7,downgrade
0.903,67.8,105.0,2.88,1,7,0.834,81.7,-0.024,5,upgrade
0.871,86.2,69.4,2.0,6,1,0.923,79.7,-0.09,9,upgrade
0.984,94.6,53.9,2.1,0,6,0.962,78.9,-0.073,8,upgrade
0.805,77.8,99.9,2.16,5,4,0.652,79.9,0.179,10,maintain
0.907,82.3,52.7,1.8,1,4,0.918,84.7,-0.09,4,upgrade
0.705,60.0,84.6,2.05,3,1,0.785,55.1,-0.137,7,maintain
0.568,60.4,98.9,2.43,7,4,0.718,75.2,0.114,4,maintain
0.828,76.9,68.4,2.0,6,1,0.965,84.0,-0.249,10,maintain
0.506,14.7,131.2,3.98,12,3,0.542,22.5,-0.021,8,downgrade
0.655,57.9,122.7,3.32,9,7,0.746,79.9,0.057,10,maintain
0.589,58.8,109.1,2.9,4,7,0.471,67.4,-0.092,5,maintain
0.92,63.2,75.4,2.25,3,5,0.654,72.1,-0.002,2,maintain
0.659,46.5,133.1,2.98,8,8,0.593,70.0,0.078,6,maintain
0.158,35.1,169.0,3.73,11,8,0.198,45.0,-0.177,7,downgrade
0.905,73.3,67.2,2.75,0,5,0.876,81.6,0.119,7,upgrade
0.722,59.3,86.2,2.79,3,6,0.63,45,-0.083,4,maintain
0.847,94.1,49.3,1.42,4,4,0.949,81.7,0.198,3,upgrade
0.676,70.9,72.7,2.32,8,5,0.718,57.9,0.088,1,maintain
0.87,63.9,102.5,2.83,1,7,0.911,88.1,0.212,2,maintain
0.363,44.2,117.4,2.57,9,3,0.562,36.0,-0.148,7,downgrade
0.182,34.2,180,3.49,18,7,0.05,44.5,0.036,4,downgrade
0.373,49.9,124.8,2.93,7,6,0.563,56.9,-0.37,5,downgrade
0.419,21.5,142.9,3.18,13,2,0.55,21.3,-0.086,4,downgrade
0.602,53.0,78.2,2.16,7,2,0.723,55.9,-0.063,10,maintain
0.921,79.4,78.6,2.23,0,4,0.943,91.0,0.069,10,upgrade
0.833,73.4,76.1,2.4,0,4,0.881,73.6,0.168,9,upgrade
0.76,74.0,69.2,1.72,3,2,0.546,47.8,0.069,10,maintain
0.857,83.9,76.8,1.88,3,6,0.618,58.9,-0.216,7,maintain
0.556,20.4,107.8,3.59,8,4,0.548,54.5,0.133,5,downgrade
0.397,54.2,147.5,2.87,12,8,0.64,60.6,0.038,8,downgrade
0.63,52.7,112.5,2.99,9,7,0.682,73.2,0.173,5,maintain
0.261,40.0,115.1,2.92,11,6,0.258,58.0,-0.308,8,downgrade
0.831,71.6,116.3,2.67,5,7,0.84,71.1,0.235,9,maintain
0.663,57.0,80.7,2.78,6,4,0.687,63.8,0.065,3,maintain
0.762,88,72.4,2.19,3,8,0.783,79.9,0.081,6,maintain
0.804,69.6,104.0,2.37,9,7,0.918,80.2,0.17,2,maintain
0.47,37.3,155.3,3.21,9,5,0.537,34.2,-0.18,1,downgrade
0.439,21.1,135.7,3.92,6,6,0.591,31.4,0.112,5,downgrade
0.855,72.2,71.9,2.13,0,5,0.861,77.0,0.16,6,upgrade
0.92,86.1,67.0,1.93,3,4,0.586,79.9,-0.094,1,maintain
0.868,75.3,66.0,1.79,2,1,0.901,84.8,-0.063,8,upgrade
0.359,54.0,97.9,3.14,6,7,0.499,72.2,-0.275,3,downgrade
0.726,62.1,77.7,2.14,4,1,0.851,84.6,-0.158,3,maintain
0.332,22.2,106.5,3.34,9,4,0.385,46.0,-0.278,5,downgrade
0.281,22.8,148.5,3.49,10,2,0.287,42.7,-0.078,5,downgrade
0.161,44.0,108.7,2.9,11,7,0.214,56.0,-0.232,2,downgrade
0.538,54.0,66.2,2.56,7,1,0.82,57.7,0.055,3,maintain
0.807,65.6,51.8,2.0,6,1,0.699,63.3,-0.084,10,maintain
0.235,61.0,165.1,3.13,17,8,0.374,66.6,-0.017,2,downgrade
0.845,81.2,68.4,1.9,1,3,0.9,92.9,0.006,1,maintain
0.45,50.2,94.0,2.68,13,3,0.508,44.9,-0.128,7,downgrade
0.17,33.5,148.6,3.42,11,8,0.253,49.2,-0.233,4,downgrade
0.566,56.7,130.5,2.68,8,6,0.708,79.9,0.122,6,maintain
0.05,23.7,133.9,3.76,13,4,0.05,39.3,-0.308,2,downgrade
0.164,24.9,90.9,3.47,12,2,0.253,36.9,-0.159,8,downgrade
0.183,21.8,117.8,3.74,17,6,0.31,42.5,0.027,3,downgrade
0.3,32.7,127.4,3.63,16,3,0.235,44.4,-0.205,4,downgrade
0.89,68.2,69.2,2.3,0,1,0.906,74.8,0.179,4,upgrade
0.242,52.2,137.8,2.51,20,4,0.315,49.2,-0.321,1,downgrade
0.236,30.3,165.8,3.53,14,8,0.153,49.3,-0.128,7,downgrade
0.927,67.4,106.1,2.78,1,6,0.889,83.5,0.238,1,maintain
0.646,67.9,65.1,2.46,5,1,0.653,48.0,-0.073,5,maintain
0.974,90.1,65.1,1.85,1,4,0.866,91.0,-0.074,3,upgrade
0.474,12.5,180,4.16,12,5,0.355,5.9,0.085,2,downgrade
0.417,31.7,116.3,3.75,10,6,0.227,25.1,-0.118,8,downgrade
0.838,82.3,49.1,1.64,0,7,0.923,77.7,0.187,10,upgrade
0.923,100,57.0,1.24,0,6,0.964,94.8,0.0,9,upgrade
0.42,43.3,110.3,3.11,13,6,0.53,29.5,-0.174,5,downgrade
0.706,45,126.5,3.31,8,5,0.694,62.4,-0.06,4,maintain
0.982,96.5,57.1,1.75,0,3,0.943,90.0,0.007,4,upgrade
0.389,52.4,112.8,3.32,9,4,0.415,78,-0.203,1,downgrade
0.828,88.2,44.9,1.83,2,4,0.874,92.9,0.06,3,upgrade
0.807,66.8,94.0,3.07,1,8,0.901,79.0,-0.072,1,maintain
0.565,30.1,97.5,3.31,3,6,0.567,36.3,-0.101,7,downgrade
0.152,52.5,122.9,3.03,18,5,0.122,60.7,-0.147,2,downgrade
0.747,68.9,76.4,2.07,5,3,0.547,69.7,0.078,5,maintain
0.862,66.5,69.8,2.54,4,8,0.54,45,0.104,9,maintain
0.797,85.6,61.2,1.89,2,7,1.0,94.3,-0.006,7,upgrade
0.792,80.8,79.8,2.17,3,7,0.977,84.5,0.209,8,upgrade
0.85,85.7,94.3,2.19,1,6,0.925,81.7,0.171,9,upgrade
0.296,31.5,123.9,3.78,14,4,0.303,31.6,-0.136,2,downgrade
0.693,62.4,82.0,2.17,7,5,0.822,59.0,0.145,1,maintain
0.457,12.6,138.4,4.36,6,8,0.391,17.9,-0.025,6,downgrade
0.919,77.7,67.9,2.32,4,3,0.895,82.9,0.119,5,upgrade
0.891,88.8,66.1,2.06,0,5,0.874,91.4,0.007,7,upgrade
0.461,25.0,119.1,3.79,10,6,0.338,44.4,-0.198,7,downgrade
0.662,86.2,64.6,2.07,3,6,0.779,72.0,0.154,6,maintain
0.254,45.4,180,4.17,18,8,0.335,54.2,-0.214,3,downgrade
0.858,84.8,48.8,2.23,0,4,0.964,77.3,0.085,9,upgrade
0.923,83.4,73.6,2.4,4,5,0.855,88.3,-0.061,9,upgrade
0.655,67.9,85.7,2.21,4,2,0.632,61.0,-0.079,1,maintain
0.933,69.6,59.4,2.39,2,7,0.874,86.0,0.086,5,upgrade
0.696,62.0,106.8,2.72,5,1,0.815,58.3,0.051,9,maintain
0.765,57.5,65.4,2.67,2,2,0.733,63.4,-0.005,8,maintain
0.926,84.6,68.2,1.97,0,4,0.988,84.2,-0.034,8,upgrade
0.291,39.4,95.4,3.01,12,2,0.265,42.0,-0.166,2,downgrade
0.273,46.4,111.9,3.12,7,4,0.103,32.6,-0.313,2,downgrade
0.878,67.3,75.5,2.88,2,6,0.84,79.9,0.107,3,maintain
0.415,31.2,120.4,3.57,11,4,0.346,37.5,-0.267,2,downgrade
0.882,91.4,96.1,2.08,5,6,0.927,76.1,0.124,7,upgrade
0.632,72.7,98.0,2.27,6,4,0.84,63.0,-0.056,3,maintain
0.92,100,34.4,1.33,2,1,0.899,76.8,0.181,8,upgrade
0.891,85.1,28.6,1.38,0,1,0.887,82.0,-0.081,9,upgrade
0.279,51.8,113.1,3.01,8,5,0.414,72.3,-0.001,1,downgrade
0.745,71.0,81.8,2.5,5,4,0.901,82.7,0.104,2,maintain
0.412,58.3,122.8,3.33,8,8,0.386,75.8,-0.244,7,downgrade
0.243,31.4,180,4.09,14,8,0.05,40.2,-0.022,1,downgrade
0.63,82.1,78.6,2.66,6,6,0.592,79.8,0.204,9,maintain
0.694,64.4,77.5,2.31,6,2,0.799,65.3,0.154,1,maintain
0.282,41.1,106.7,2.94,16,2,0.338,48.1,-0.002,7,downgrade
0.579,59.2,102.3,2.58,5,4,0.473,59.3,0.022,9,maintain
0.795,88.0,62.3,2.04,3,1,0.671,61.5,0.053,7,maintain
0.904,90.4,62.9,1.57,2,2,0.915,93.3,-0.012,5,upgrade
0.897,77.9,76.4,2.13,2,4,0.872,79.6,0.081,1,maintain
0.896,76.7,93.6,2.63,3,7,0.925,82.4,0.074,7,upgrade
0.339,55.8,107.3,2.2,10,2,0.238,68.2,0.006,5,downgrade
0.296,62.1,180,3.13,17,8,0.313,71.9,-0.137,7,downgrade
0.649,64.8,132.3,3.15,8,1,0.789,47.8,-0.082,2,maintain
0.601,71.7,114.8,2.49,11,6,0.741,51.0,-0.173,5,maintain
0.671,54.2,78.9,2.84,8,5,0.814,66.6,0.16,2,maintain
0.36,53.8,138.1,3.27,17,6,0.459,65.2,-0.076,1,downgrade
0.759,76.9,93.1,2.14,9,3,0.587,53.0,0.135,7,maintain
0.386,11.6,180,4.32,14,5,0.455,17.2,-0.252,6,downgrade
0.138,28.9,126.9,3.82,17,8,0.151,32.8,-0.155,3,downgrade
0.793,83.6,65.1,1.8,1,1,0.794,87.4,-0.055,8,upgrade
0.922,84.1,92.3,2.56,1,6,0.977,80.0,0.064,10,upgrade
0.903,92.5,68.3,2.1,1,6,0.869,92.2,0.102,7,upgrade
0.897,71.0,110.5,3.08,3,8,0.872,87.2,-0.164,4,maintain
0.949,91.8,57.7,1.53,0,3,0.928,82.9,0.154,6,upgrade
0.507,27.1,134.7,3.84,9,4,0.287,51.1,-0.094,7,downgrade
0.27,42.1,168.5,3.32,18,3,0.369,34.1,-0.014,6,downgrade
0.5,63.9,106.8,2.93,7,7,0.798,62.0,0.142,3,maintain
0.765,68.4,88.3,2.25,3,2,0.754,65.3,-0.116,9,maintain
0.752,64.2,113.6,3.09,4,7,0.855,78.5,0.25,1,maintain
0.822,88,61.3,1.68,3,1,0.567,61.8,0.138,3,maintain
0.703,57.5,62.9,2.64,4,3,0.66,62.1,0.143,9,maintain
0.251,44.0,99.6,2.95,11,2,0.256,38.7,-0.157,7,downgrade
0.575,73.3,51.8,2.0,4,1,0.688,46.2,-0.037,2,maintain
0.873,92.2,72.9,1.76,2,7,0.883,75.7,-0.061,4,upgrade
0.805,91.0,90.6,2.17,4,5,0.914,93.3,0.264,9,upgrade
0.467,43.3,111.2,3.27,13,4,0.474,26.5,0.067,6,downgrade
0.811,74.9,39.3,1.86,1,2,0.537,73.7,-0.081,3,maintain
0.168,32.7,132.8,3.68,17,6,0.181,10.4,-0.15,7,downgrade
0.651,69.8,77.8,2.44,6,6,0.84,79.9,-0.149,10,maintain
0.769,59.1,104.4,2.37,3,8,0.554,58.7,0.242,10,maintain
0.991,82.1,95.0,2.47,0,7,0.876,80.1,0.088,3,upgrade
0.288,28.6,180,3.9,20,6,0.299,13.1,-0.264,6,downgrade
0.205,51.2,84.8,2.82,15,4,0.075,76.9,-0.244,8,downgrade
0.457,26.3,123.1,3.1,10,3,0.324,49.4,-0.351,5,downgrade
0.888,82.7,57.5,1.53,1,2,0.966,84.6,0.141,6,upgrade
0.183,22.0,175.2,4.1,10,5,0.085,40.9,-0.057,3,downgrade
0.826,92.0,71.8,1.94,2,1,0.958,73.6,0.072,7,upgrade
0.301,33.7,138.4,3.2,16,2,0.543,65.5,-0.002,6,downgrade
0.898,93.5,47.1,1.66,3,3,0.958,88.4,0.21,10,upgrade
0.742,85.9,107.2,2.13,5,6,0.88,90.6,0.006,1,maintain
0.963,84.0,43.1,1.1,2,1,0.901,78.7,0.043,6,upgrade
0.753,52.4,59.3,2.24,4,2,0.652,76.5,-0.042,7,maintain
0.701,57.3,122.0,3.08,4,3,0.765,64.6,-0.21,9,maintain
0.877,90.8,65.0,1.8,3,4,0.876,90.3,-0.044,10,upgrade
0.816,66.8,78.0,2.56,5,5,0.568,57.3,-0.078,2,maintain
0.453,29.4,161.5,4.33,15,7,0.372,26.7,-0.045,4,downgrade
0.677,60.9,82.8,2.6,8,3,0.84,58.9,0.044,6,maintain
0.92,65.8,88.5,3.25,1,7,0.653,65.9,0.104,9,maintain
0.5,54.2,157.0,2.99,13,8,0.75,69.2,-0.032,3,maintain
0.223,28.0,148.0,3.07,20,2,0.253,40.5,0.038,8,downgrade
0.917,87.7,96.2,2.15,2,7,0.926,90.1,0.084,5,upgrade
0.157,25.4,119.5,3.67,15,2,0.05,46.0,-0.201,2,downgrade
0.732,50.5,92.9,2.82,4,3,0.661,79.9,0.057,5,maintain
0.722,62.0,68.7,2.46,2,6,0.622,61.2,-0.02,2,maintain
0.309,45.6,116.3,3.31,15,8,0.543,62.9,0.063,7,downgrade
0.938,95.0,40.3,1.43,2,1,0.95,78.9,0.024,5,upgrade
0.972,96.4,83.9,1.61,5,8,0.965,85.2,0.058,5,maintain
0.848,75.6,58.0,2.19,2,7,0.955,81.9,0.122,9,upgrade
0.213,26.2,80.8,3.18,6,3,0.248,26.3,-0.37,1,downgrade
0.386,38.6,150.7,3.7,7,7,0.518,35.1,-0.31,8,downgrade
0.152,51.2,119.8,2.75,11,4,0.05,63.5,-0.178,2,downgrade
0.86,70.8,63.6,2.59,2,6,0.892,91.1,-0.284,3,maintain
0.856,80.1,100.5,2.53,2,3,0.596,73.0,-0.137,4,maintain
0.283,38.4,148.1,2.86,16,4,0.162,36.9,-0.036,6,downgrade
0.839,82.7,95.9,2.48,3,7,0.936,94.3,0.109,4,upgrade
0.783,64.3,91.4,2.47,3,4,0.673,59.6,0.231,6,maintain
0.967,84.9,64.4,2.18,1,4,0.907,77.4,-0.09,3,upgrade
0.869,100,52.9,1.73,7,7,0.868,88.9,-0.044,3,upgrade
0.389,39.7,172.2,3.63,9,5,0.397,62.0,-0.113,1,downgrade
0.785,78.5,85.9,1.99,5,6,0.995,92.7,0.099,3,upgrade
0.35,25.8,159.5,3.54,14,2,0.516,44.8,-0.049,2,downgrade
0.963,89.2,78.3,2.24,3,7,0.95,86.7,0.249,7,upgrade
0.403,51.2,115.8,3.1,11,5,0.372,50.5,-0.229,5,downgrade
0.949,85.6,50.3,1.88,1,3,0.893,92.1,0.186,9,upgrade
0.199,51.0,130.0,2.98,11,6,0.207,50.4,-0.127,1,downgrade
0.725,79.6,110.2,2.55,5,8,0.888,87.5,0.251,2,maintain
0.692,68.9,72.0,2.61,5,6,0.541,79.9,0.045,3,maintain
0.195,36.8,180,3.9,20,8,0.404,44.9,-0.016,5,downgrade
0.722,72.2,79.6,1.96,7,5,0.871,87.0,0.035,5,upgrade
0.897,97.1,65.1,1.59,1,5,0.877,84.1,0.061,3,upgrade
0.672,67.7,109.5,2.6,7,6,0.803,45,-0.043,6,maintain
0.926,87.1,86.0,2.21,3,5,0.912,84.2,-0.09,3,upgrade
0.804,65.2,99.4,2.46,8,2,0.891,86.1,0.159,1,maintain
0.941,99.8,44.8,1.25,2,1,0.909,92.9,0.048,4,upgrade
0.908,45,112.1,3.26,0,6,0.745,67.2,-0.394,7,maintain
0.515,34.4,165.6,4.17,9,5,0.496,50.6,-0.03,5,downgrade
0.939,87.3,72.0,1.96,0,5,0.894,82.2,-0.059,9,upgrade
0.741,55.9,101.2,2.59,1,5,0.84,73.5,-0.04,5,maintain
0.523,46.1,109.3,2.85,8,1,0.661,48.8,0.046,3,maintain
0.874,88.2,52.3,1.76,3,2,0.833,87.4,0.017,8,upgrade
0.283,17.8,176.5,3.67,18,6,0.408,11.1,-0.287,4,downgrade
0.896,89.2,71.7,1.79,1,3,0.903,83.5,0.062,4,upgrade
0.966,80.0,79.0,2.42,1,5,0.81,88.0,0.083,4,upgrade
0.326,38.7,133.0,3.66,16,8,0.325,16.2,-0.269,4,downgrade
0.811,87.3,55.8,2.26,2,3,0.9,85.8,-0.005,6,upgrade
1.0,89.1,63.7,1.72,0,3,0.967,83.7,0.191,6,upgrade
0.302,31.8,130.2,3.54,12,8,0.37,35.4,-0.243,1,downgrade
0.892,83.2,51.4,1.81,3,2,0.863,86.3,0.106,10,upgrade
0.279,24.3,157.2,3.74,11,3,0.139,11.7,-0.259,7,downgrade
0.189,23.2,133.4,3.69,9,4,0.336,13.6,-0.255,6,downgrade
0.624,66.1,94.1,2.09,6,1,0.61,56.2,-0.166,2,maintain
0.777,89.8,74.5,1.91,2,3,1.0,81.1,0.156,7,upgrade
0.733,66.5,100.0,2.35,2,4,0.879,82.9,0.274,2,maintain
0.173,49.4,142.2,3.02,18,4,0.156,68.5,0.063,2,downgrade
0.92,70.4,80.9,2.4,0,6,0.652,50.8,0.061,5,maintain
0.308,29.1,108.8,3.42,8,6,0.262,32.3,-0.081,5,downgrade
0.848,64.8,81.5,2.12,2,1,0.862,89.1,-0.443,6,maintain
0.169,36.9,120.0,3.58,14,7,0.241,37.0,0.021,5,downgrade
0.755,85.0,76.2,2.11,0,7,0.94,83.5,-0.028,1,maintain
0.848,95.4,72.8,2.1,5,5,0.955,77.1,0.082,9,upgrade
0.98,90.8,51.2,1.87,1,4,0.934,83.1,-0.087,8,upgrade
0.515,29.0,155.4,3.72,7,6,0.309,33.0,-0.222,6,downgrade
0.573,87.4,74.0,1.75,8,1,0.762,76.5,-0.137,4,maintain
0.941,78.9,108.4,2.6,3,7,0.905,84.3,0.097,10,upgrade
0.768,86.8,61.3,2.03,2,3,0.916,83.5,0.08,6,upgrade
0.378,43.5,100.7,3.0,5,3,0.699,50.6,0.057,5,downgrade
0.909,90.5,61.4,2.28,3,6,0.956,87.9,-0.017,7,upgrade
0.276,20.0,180,4.23,11,8,0.421,24.1,-0.212,8,downgrade
0.285,30.1,128.0,3.6,15,8,0.435,40.8,0.081,4,downgrade
0.269,19.0,178.6,3.88,16,6,0.214,25.4,-0.325,7,downgrade
0.79,66.3,81.9,2.37,3,6,0.884,92.7,0.053,2,maintain
0.219,32.7,147.1,3.82,12,7,0.054,36.2,-0.434,2,downgrade
0.591,64.3,111.9,3.04,5,5,0.547,62.3,-0.082,8,maintain
1.0,90.9,62.0,1.55,4,3,0.875,92.4,0.113,4,upgrade
0.697,59.3,85.2,2.37,6,1,0.643,67.0,0.107,6,maintain
0.856,50.0,112.6,3.29,3,6,0.708,61.0,-0.016,7,maintain
0.166,40.3,123.6,3.4,15,8,0.235,37.4,-0.18,6,downgrade
0.941,83.1,67.0,1.87,2,1,0.943,80.6,-0.241,8,maintain
0.5,45,127.6,2.87,11,2,0.786,67.1,-0.163,2,maintain
0.723,60.1,126.4,2.7,7,4,0.731,62.5,-0.209,8,maintain
0.423,27.4,136.6,3.7,9,8,0.685,35.7,-0.125,7,downgrade
0.332,47.9,116.1,3.31,14,8,0.475,48.9,-0.221,7,downgrade
0.217,38.2,151.7,3.29,16,5,0.202,29.8,-0.132,3,downgrade
0.967,87.9,45.6,1.81,0,3,0.894,85.7,0.067,6,upgrade
0.434,44.9,121.5,2.97,10,6,0.523,45.4,-0.288,8,downgrade
0.917,88.7,60.0,1.7,5,3,0.925,89.0,0.19,10,upgrade
0.327,24.1,180,3.8,20,6,0.537,36.4,-0.245,7,downgrade
0.754,75.2,75.7,2.41,3,4,0.934,83.1,0.015,5,upgrade
0.404,34.5,162.9,3.68,12,7,0.337,32.5,-0.439,1,downgrade
0.76,67.0,99.1,3.08,5,6,0.638,66.2,0.03,3,maintain
0.273,22.5,146.7,3.83,14,2,0.239,37.4,-0.226,8,downgrade
0.358,38.7,104.3,2.92,4,5,0.649,71.5,-0.205,2,downgrade
0.939,83.2,71.4,2.0,3,7,0.849,90.2,0.023,5,upgrade
0.665,77.3,84.0,2.43,13,6,0.746,58.9,-0.071,6,maintain
0.321,25.8,138.5,3.42,11,3,0.438,11.7,-0.124,4,downgrade
0.838,87.7,71.0,1.89,1,4,0.899,91.2,0.189,9,upgrade
0.5,70.1,90.8,2.29,7,4,0.745,54.5,-0.163,7,maintain
0.835,87.3,62.2,2.16,3,7,0.87,80.0,0.149,1,maintain
0.89,86.5,79.5,2.31,2,8,0.862,88.7,0.264,10,maintain
0.735,64.2,124.7,3.34,5,7,0.933,82.8,-0.076,1,maintain
0.403,30.6,118.4,3.48,8,5,0.569,25.1,-0.174,3,downgrade
0.279,70,82.1,1.92,14,2,0.381,73.3,-0.122,7,downgrade
0.165,63.9,123.4,2.67,16,6,0.259,73.6,-0.267,1,downgrade
0.781,83.6,89.9,2.05,8,1,0.95,88.8,-0.075,1,maintain
0.317,38.5,150.3,3.58,14,6,0.228,28.4,-0.279,5,downgrade
0.791,78.9,80.2,2.29,1,8,0.966,87.1,-0.363,6,maintain
0.99,73.6,64.8,2.53,0,6,0.858,87.5,0.114,7,upgrade
0.416,23.6,127.7,3.52,8,2,0.507,32.9,-0.089,4,downgrade
0.249,51.2,115.9,3.11,8,5,0.358,53.5,-0.094,6,downgrade
0.35,29.1,103.1,3.21,8,3,0.436,33.6,0.062,6,downgrade
0.358,33.6,134.0,3.49,11,4,0.366,36.8,-0.152,1,downgrade
0.171,33.1,155.5,3.77,11,8,0.193,36.3,-0.131,2,downgrade
0.846,73.8,82.5,2.43,4,5,0.862,93.3,0.278,4,upgrade
0.375,16.6,180,4.32,14,5,0.429,47.4,-0.256,3,downgrade
0.198,45.2,125.2,3.35,15,7,0.196,63.5,-0.081,2,downgrade
0.831,75.9,60.1,1.59,3,2,0.916,88.5,-0.135,4,maintain
0.314,46.0,110.7,3.47,13,5,0.305,45.1,0.135,2,downgrade
0.89,99.4,85.2,2.02,2,4,0.898,95.8,-0.053,3,upgrade
0.386,19.7,95.6,3.42,9,4,0.564,39.2,-0.025,4,downgrade
0.668,47.7,76.9,2.71,2,2,0.535,69.5,0.008,6,maintain
0.926,86.5,65.9,2.1,0,5,0.911,89.7,-0.03,7,upgrade
1.0,92.0,65.1,2.28,1,7,0.977,90.8,0.145,8,upgrade
0.618,48.5,87.9,2.56,10,3,0.586,79.9,-0.199,3,maintain
0.335,11.3,177.2,4.51,7,8,0.314,5,-0.389,4,downgrade
0.948,76.7,87.2,2.81,1,2,0.938,90.8,0.196,1,maintain
0.712,52.2,73.1,2.41,7,2,0.5,49.8,-0.191,5,maintain
0.594,82.3,103.4,2.5,5,6,0.646,45,-0.178,8,maintain
0.925,79.1,61.5,2.41,2,1,0.862,93.1,0.212,4,upgrade
0.907,76.4,71.8,2.14,0,3,0.899,92.7,0.043,7,upgrade
0.226,24.7,115.1,3.4,12,1,0.772,62.6,0.184,1,maintain
0.354,33.3,167.5,3.72,13,8,0.416,16.1,-0.392,5,downgrade
0.835,66.0,76.5,2.36,1,2,0.875,77.2,0.18,6,upgrade
0.631,39.7,89.7,3.3,7,2,0.724,58.6,-0.117,2,downgrade
0.611,66.0,106.4,2.65,7,8,0.468,52.9,0.119,5,maintain
0.899,95.8,61.1,1.58,2,1,0.878,79.7,-0.034,4,upgrade
0.854,85.2,68.7,2.51,1,6,0.893,92.7,0.143,8,upgrade
0.903,63.1,65.5,2.25,1,3,0.76,71.3,0.101,2,maintain
0.893,94.4,55.5,1.72,1,5,0.851,88.7,0.167,6,upgrade
0.932,94.4,60.1,2.16,0,7,0.902,87.8,0.061,8,upgrade
0.242,29.5,121.0,3.51,15,3,0.365,23.7,-0.28,6,downgrade
0.914,86.0,59.5,1.91,0,4,0.884,84.6,0.354,5,upgrade
0.627,51.2,100.0,3.18,7,7,0.535,75.4,0.032,5,maintain
0.273,33.2,98.3,3.5,10,8,0.488,48.8,-0.064,4,downgrade
0.879,91.9,34.4,1.5,2,1,0.921,80.7,0.126,9,upgrade
0.287,8.1,123.5,3.93,11,7,0.254,5,-0.088,1,downgrade
0.802,80.7,70.8,1.67,6,1,0.875,89.3,0.283,4,upgrade
0.715,61.4,93.5,2.84,5,7,0.777,45,-0.068,5,maintain
0.794,70.0,105.4,2.51,4,6,0.897,84.7,0.299,1,maintain
0.92,69.5,86.6,2.72,5,5,0.755,52.8,-0.087,8,maintain
0.267,33.9,133.3,3.2,8,2,0.276,39.4,-0.227,7,downgrade
0.348,35.2,127.1,3.36,6,6,0.42,40.0,-0.061,8,downgrade
0.211,25.8,123.7,3.17,6,5,0.322,36.8,-0.029,4,downgrade
0.932,70.6,100.6,2.87,3,1,0.909,75.5,-0.038,4,upgrade
0.976,94.6,46.3,1.67,0,1,0.977,69.9,0.176,4,upgrade
0.838,73.1,62.8,1.88,3,5,0.846,92.0,-0.09,7,upgrade
0.39,46.2,131.3,3.32,14,8,0.406,52.3,-0.119,7,downgrade
0.337,40.6,119.6,3.27,8,2,0.423,53.5,-0.421,8,downgrade
0.855,89.4,66.4,2.16,4,4,0.923,74.8,0.118,10,upgrade
0.77,75.0,60.4,2.16,2,1,0.969,82.4,0.053,2,maintain
0.909,90.1,90.7,2.16,3,6,0.836,92.3,0.171,4,upgrade
0.329,39.0,144.3,3.44,12,5,0.483,52.3,0.027,7,downgrade
0.252,57.4,131.5,2.56,17,6,0.193,63.1,-0.358,3,downgrade
0.874,82.9,77.1,2.64,3,7,1.0,86.6,-0.03,3,upgrade
0.5,62.8,112.8,2.59,7,6,0.72,63.0,-0.179,5,maintain
0.134,12.0,164.8,4.06,10,8,0.156,30.0,-0.179,1,downgrade
0.872,85.4,54.9,1.62,0,2,0.964,85.0,0.268,4,upgrade
0.5,49.8,136.0,2.62,10,3,0.656,66.8,-0.124,2,maintain
0.259,19.6,176.9,4.17,11,8,0.22,38.2,-0.076,1,downgrade
0.213,40.7,139.5,2.81,9,8,0.085,37.6,-0.235,8,downgrade
0.543,45,129.5,3.32,4,8,0.774,59.4,-0.018,4,maintain
0.332,43.7,159.8,3.34,17,5,0.48,75.0,0.049,7,downgrade
0.745,53.4,83.6,2.8,4,4,0.788,58.5,-0.023,6,maintain
0.396,26.7,106.6,3.09,11,4,0.478,36.3,-0.091,4,downgrade
0.242,49.9,105.8,2.99,13,4,0.195,78,-0.195,8,downgrade
0.906,67.8,81.1,2.76,2,6,0.924,84.3,0.107,1,maintain
0.869,81.0,99.7,2.36,0,7,0.864,87.3,0.044,6,upgrade
0.387,47.1,128.6,3.01,10,3,0.303,49.9,-0.15,6,downgrade
0.892,80.4,61.7,1.29,4,1,0.949,81.1,0.15,10,upgrade
0.821,55.1,80.4,3.03,4,4,0.84,72.1,0.027,3,maintain
0.941,93.1,54.7,1.56,0,2,0.976,87.8,-0.004,4,upgrade
0.882,87.7,65.0,1.49,3,3,0.929,78.5,0.176,7,upgrade
0.998,86.1,54.4,1.56,1,3,0.968,82.2,0.16,7,upgrade
0.994,86.5,70.1,1.71,2,5,0.947,81.9,0.097,3,upgrade
0.248,37.3,93.5,3.03,12,4,0.399,51.2,-0.327,2,downgrade
0.861,94.1,94.3,2.19,5,7,0.928,96.9,0.031,7,upgrade
0.726,45.0,113.6,2.77,6,4,0.84,63.0,-0.091,4,maintain
0.388,33.1,95.0,3.39,9,8,0.318,51.4,-0.161,1,downgrade
0.341,25.9,153.6,3.76,9,6,0.353,62.9,-0.054,5,downgrade
0.936,81.5,54.8,2.16,4,1,0.903,86.8,0.096,6,upgrade
0.295,21.8,158.5,3.69,12,7,0.331,23.1,-0.247,2,downgrade
0.422,15.8,161.3,3.6,16,4,0.442,28.2,-0.262,1,downgrade
0.316,41.0,134.1,3.14,16,6,0.258,53.3,-0.038,8,downgrade
0.716,45,73.3,2.85,6,1,0.645,79.9,-0.147,2,maintain
0.931,82.5,77.3,2.15,1,7,0.927,85.2,0.247,8,upgrade
0.83,93.0,55.7,1.7,1,1,0.821,86.3,0.189,4,upgrade
0.402,48.3,128.2,2.68,7,6,0.48,30.9,0.051,6,downgrade
0.469,43.4,147.0,2.98,11,3,0.26,60.2,-0.144,2,downgrade
0.17,47.9,104.0,2.83,8,3,0.35,39.7,-0.113,4,downgrade
0.919,84.6,76.9,1.77,2,4,0.952,94.1,0.111,8,upgrade
0.784,62.8,85.9,2.82,3,6,0.878,79.5,0.185,1,maintain
0.721,76.4,70.1,2.53,2,8,0.936,84.0,0.112,2,maintain
0.914,88.5,62.3,1.76,0,6,0.837,94.2,0.017,3,upgrade
0.444,38.6,152.0,3.73,10,6,0.453,50.6,0.004,2,downgrade
0.693,76.1,88.6,2.38,3,2,0.769,52.1,-0.096,6,maintain
0.05,44.1,133.8,2.98,18,5,0.05,65.1,-0.442,4,downgrade
0.229,38.0,132.0,3.03,14,5,0.382,48.0,-0.306,8,downgrade
0.24,45.6,111.9,2.99,8,4,0.249,41.8,-0.213,3,downgrade
0.397,31.1,137.7,3.47,15,7,0.53,47.6,-0.369,5,downgrade
0.685,55.3,110.9,2.78,7,7,0.561,45,-0.094,7,maintain
0.777,78.9,108.6,2.57,8,7,0.649,79.9,0.221,5,maintain
0.925,93.1,67.6,1.61,1,6,0.943,90.3,0.126,9,upgrade
0.164,42.9,145.0,3.55,12,8,0.304,55.0,-0.07,6,downgrade
0.498,38.8,115.7,2.79,10,5,0.701,54.3,-0.144,3,downgrade
0.938,62,66.9,2.26,1,2,0.894,80.7,0.316,7,upgrade
0.165,36.8,123.7,2.89,20,4,0.403,25.1,-0.074,5,downgrade
0.808,90.1,71.1,1.79,3,3,0.897,87.8,-0.031,3,upgrade
0.474,18.1,153.2,3.89,6,7,0.531,16.1,-0.257,8,downgrade
0.704,45,88.7,3.25,5,5,0.809,66.4,0.094,10,maintain
0.891,64.3,68.0,2.51,0,4,0.862,84.1,-0.07,2,maintain
0.935,75.4,49.2,1.84,0,2,0.97,91.9,-0.018,5,upgrade
0.897,81.6,74.7,2.0,5,5,0.852,91.0,0.172,4,upgrade
0.422,42.2,136.9,2.99,10,4,0.417,59.5,-0.135,5,downgrade
0.246,21.8,118.2,3.44,8,4,0.117,30.8,-0.021,8,downgrade
0.975,99.5,47.1,1.61,0,2,0.87,72.2,-0.068,7,upgrade
0.564,73.3,95.2,2.76,7,8,0.637,68.8,-0.152,10,maintain
0.72,80.9,100.4,2.25,8,4,0.804,57.7,0.133,4,maintain
0.937,75.8,83.8,2.22,6,3,0.915,86.9,0.176,9,upgrade
0.323,54.3,131.9,2.98,5,7,0.462,78,-0.134,2,downgrade
0.636,50.5,128.2,3.49,7,7,0.577,50.5,-0.07,4,maintain
0.805,95.7,76.8,1.97,5,5,0.817,97.1,0.028,8,upgrade
0.735,78.7,74.8,2.44,0,7,0.801,61.0,-0.271,7,maintain
0.913,89.7,48.2,1.53,5,3,0.89,91.4,0.002,9,upgrade
0.86,65.1,95.4,2.57,0,4,0.72,65.0,0.151,5,maintain
0.694,78.8,59.9,1.76,4,1,0.787,79.9,-0.097,2,maintain
0.936,75.7,82.2,2.05,4,4,0.925,88.6,0.145,6,upgrade
0.93,76.4,80.9,1.88,0,6,0.91,75.6,0.218,9,upgrade
0.269,41.2,153.0,3.41,16,5,0.468,70.0,-0.075,8,downgrade
0.73,100,57.4,1.12,8,1,0.905,86.0,0.069,5,upgrade
1.0,93.0,52.3,2.05,2,6,0.941,83.1,-0.027,9,upgrade
0.157,43.4,180,3.45,16,7,0.07,56.0,-0.225,6,downgrade
0.876,71.1,108.4,2.88,0,5,0.965,83.7,0.031,10,upgrade
0.877,73.8,45.9,2.3,0,1,0.949,82.8,0.099,7,upgrade
0.27,36.7,112.3,3.77,7,6,0.308,52.4,0.145,5,downgrade
0.371,24.0,137.6,3.24,11,2,0.277,43.1,-0.093,7,downgrade
0.709,59.9,110.9,2.89,9,7,0.6,69.8,-0.105,4,maintain
0.649,70.6,105.9,2.14,9,1,0.604,79.9,0.038,10,maintain
0.729,70.3,87.3,1.84,6,1,0.508,79.9,-0.101,6,maintain
0.983,79.0,84.1,2.97,0,7,0.75,87.1,-0.09,9,upgrade
0.738,69.8,79.0,2.48,3,2,0.897,92.5,0.001,2,maintain
0.54,65.0,94.4,2.54,7,7,0.84,79.9,-0.193,2,maintain
0.79,78.1,94.4,2.38,2,6,0.885,85.8,-0.023,1,maintain
0.314,33.6,116.7,3.64,7,6,0.568,45.0,-0.028,8,downgrade
0.356,54.5,134.4,2.7,13,7,0.312,78,-0.196,3,downgrade
0.258,11.4,126.7,3.91,16,3,0.402,19.6,-0.122,6,downgrade
0.898,74.3,66.5,2.51,0,7,0.712,66.5,0.002,2,maintain
0.955,80.8,56.9,1.96,0,4,0.939,80.7,0.049,8,upgrade
0.265,36.5,125.7,3.26,16,3,0.226,58.7,-0.18,3,downgrade
0.284,40.0,145.5,3.53,5,8,0.108,55.7,-0.127,4,downgrade
0.692,64.3,107.1,2.7,5,1,0.689,49.5,0.056,10,maintain
0.702,51.2,75.9,2.98,3,4,0.827,53.3,0.12,9,maintain
0.5,67.8,78.3,2.74,9,4,0.621,78.3,0.045,1,maintain
0.639,45,95.5,2.72,10,2,0.647,53.2,0.043,3,maintain
0.197,43.9,127.6,2.99,15,2,0.193,49.3,-0.049,7,downgrade
0.742,75.2,80.3,2.38,5,2,0.898,83.6,0.104,1,maintain
0.472,32.7,147.7,3.37,12,3,0.534,34.3,-0.085,6,downgrade
0.903,82.3,85.9,2.26,1,6,0.95,89.4,0.054,5,upgrade
0.161,26.3,132.8,3.55,14,4,0.307,39.0,-0.226,5,downgrade
0.202,23.9,147.1,3.68,18,6,0.238,36.2,-0.192,3,downgrade
0.575,83.7,93.9,2.0,9,1,0.722,50.4,-0.052,4,maintain
0.223,26.6,133.3,3.79,19,2,0.324,6.4,-0.239,5,downgrade
0.896,82.2,79.3,2.02,3,6,0.969,84.9,-0.211,6,maintain
0.539,58.9,125.9,3.19,7,6,0.744,45,-0.099,4,maintain
0.628,76.0,97.7,2.89,4,6,0.716,62.5,-0.132,10,maintain
0.255,42.1,116.9,2.84,14,2,0.22,42.3,-0.127,4,downgrade
0.884,76.8,65.3,2.18,3,2,0.802,82.7,-0.012,10,upgrade
0.543,33.4,105.9,3.51,9,4,0.531,40.4,-0.156,3,downgrade
0.884,82.6,76.9,2.02,1,6,0.885,93.6,0.219,6,upgrade
0.453,45.1,141.2,3.53,13,7,0.377,33.2,-0.075,8,downgrade
1.0,77.1,86.6,2.5,2,4,0.869,82.5,0.237,7,upgrade
0.32,57.0,114.0,3.14,12,7,0.269,69.0,-0.109,3,downgrade
0.968,74.7,83.4,2.61,1,2,0.94,99.5,0.192,10,upgrade
0.46,50.5,92.7,2.79,9,3,0.345,31.8,0.039,3,downgrade
0.623,20.1,125.2,3.76,8,5,0.707,19.4,-0.252,2,downgrade
0.861,94.6,58.2,1.73,1,5,0.864,73.0,0.016,3,upgrade
0.952,81.2,86.5,2.26,0,4,0.872,81.9,0.065,7,upgrade
0.826,86.6,101.9,2.78,2,7,0.683,45,0.192,8,maintain
0.983,87.9,72.2,1.93,1,3,0.927,89.3,0.097,6,upgrade
0.495,9.0,131.9,3.96,8,7,0.659,16.9,-0.165,6,downgrade
0.961,86.6,79.9,2.22,1,5,0.882,93.0,0.215,4,upgrade
0.288,46.4,108.4,3.74,11,8,0.402,53.5,-0.048,8,downgrade
0.664,72.2,90.3,2.71,8,5,0.611,65.5,-0.03,10,maintain
0.416,14.1,158.9,4.01,11,5,0.227,5,-0.17,2,downgrade
0.872,87.1,62.5,1.89,0,1,0.885,93.7,0.209,7,upgrade
0.189,30.8,174.4,3.85,20,8,0.114,26.5,-0.194,6,downgrade
0.847,92.8,54.4,2.1,2,4,0.902,88.2,0.082,10,upgrade
0.963,84.1,53.3,1.89,1,6,0.958,82.7,0.124,6,upgrade
0.89,96.1,46.3,1.42,4,2,0.906,95.1,0.166,6,upgrade
0.536,30.5,152.9,3.65,8,6,0.617,33.7,-0.224,5,downgrade
0.487,28.9,106.4,3.27,5,4,0.64,33.8,-0.303,1,downgrade
0.435,35.6,102.9,3.62,12,8,0.381,17.6,-0.028,7,downgrade
0.92,77.4,93.0,2.28,2,6,0.89,91.5,0.011,10,upgrade
0.336,14.3,163.2,3.73,11,2,0.627,23.4,-0.028,4,downgrade
0.562,49.1,109.8,2.45,8,1,0.56,55.2,0.057,4,maintain
0.927,94.8,59.5,1.61,2,4,0.842,96.1,0.198,6,upgrade
0.836,78.9,71.1,1.88,2,2,0.965,81.8,0.262,7,upgrade
0.75,58.8,74.3,2.25,4,3,0.785,74.7,0.308,4,maintain
0.384,33.4,76.6,3.15,6,3,0.338,44.2,0.041,5,downgrade
0.971,92.2,59.5,1.79,0,5,0.922,80.7,0.141,3,upgrade
0.934,75.4,64.7,1.82,0,5,0.915,88.5,-0.025,7,upgrade
0.817,76.6,96.6,2.86,4,7,0.636,45,0.063,5,maintain
0.709,68.0,66.6,1.91,5,1,0.719,79.9,-0.173,5,maintain
0.34,42.2,155.1,3.61,16,6,0.278,48.2,-0.011,3,downgrade
0.92,84.6,63.7,1.86,4,3,0.913,78.8,0.216,10,upgrade
0.206,40.0,152.8,3.27,14,2,0.278,33.4,0.07,7,downgrade
0.28,18.9,119.5,3.6,10,4,0.178,30.5,-0.103,7,downgrade
0.858,84.4,68.7,1.85,2,1,0.944,88.3,0.123,5,upgrade
0.934,83.4,80.4,2.09,4,4,0.892,75.8,0.115,8,upgrade
0.436,37.1,120.4,3.19,14,3,0.24,70.9,-0.018,6,downgrade
0.308,22.0,114.6,3.04,12,2,0.492,19.3,-0.174,6,downgrade
0.274,36.4,152.5,3.47,14,6,0.278,45.7,-0.263,2,downgrade
0.404,20.5,161.2,3.53,10,4,0.434,32.5,-0.191,1,downgrade
0.903,70.7,90.3,2.66,0,1,0.965,81.6,0.028,8,upgrade
0.322,25.9,169.1,4.04,13,6,0.313,36.2,-0.021,5,downgrade
0.814,73.8,84.8,2.44,0,7,0.952,78.1,-0.354,3,maintain
0.6,32.0,87.4,3.13,5,7,0.633,48.6,-0.094,8,downgrade
0.895,76.4,45.6,1.85,1,2,0.931,83.3,-0.002,4,upgrade
0.886,96.0,78.0,1.49,6,2,0.864,91.4,0.08,7,upgrade
0.826,77.4,79.0,2.23,4,4,0.977,90.0,0.139,10,upgrade
0.876,78.0,54.1,2.0,4,2,0.909,86.1,0.222,9,upgrade
0.48,48.0,124.4,2.83,9,6,0.59,63.8,0.086,5,downgrade
0.9,71.7,75.9,2.28,2,5,0.961,72.4,-0.09,8,upgrade
0.242,50.5,117.3,3.14,9,6,0.448,55.8,0.03,6,downgrade
0.5,62.9,93.8,2.73,9,6,0.464,52.2,-0.219,8,maintain
0.438,38.7,117.8,3.14,9,7,0.341,37.8,-0.064,1,downgrade
0.18,44.2,129.4,3.23,18,4,0.214,23.1,-0.106,2,downgrade
0.799,78.7,118.2,2.7,3,8,0.86,83.8,-0.034,1,maintain
0.983,78.6,74.5,2.2,0,5,0.941,76.3,-0.09,9,upgrade
0.191,35.2,138.5,3.31,9,2,0.164,28.2,-0.198,1,downgrade
0.87,84.8,53.9,2.05,2,7,0.891,86.3,0.288,1,maintain
0.166,37.4,125.4,3.38,16,4,0.05,44.9,-0.059,1,downgrade
0.89,83.5,54.9,1.83,4,3,0.866,66.3,0.165,8,upgrade
0.791,82.2,45.1,1.52,1,2,0.856,90.3,-0.286,6,maintain
0.405,34.8,87.0,2.88,9,5,0.39,16.4,0.015,6,downgrade
0.5,62.9,119.9,2.74,14,7,0.84,70.6,0.089,4,maintain
0.172,38.4,131.9,2.9,8,6,0.315,18.5,-0.105,3,downgrade
0.548,12.2,147.8,4.24,11,8,0.539,18.1,-0.082,5,downgrade
0.825,100,74.0,2.02,3,5,1.0,86.2,0.102,7,upgrade
0.928,86.9,52.8,1.9,1,3,0.923,86.4,-0.018,6,upgrade
0.625,59.6,57.8,2.48,5,1,0.801,60.2,0.036,10,maintain
0.943,93.1,80.3,2.29,2,4,0.883,84.4,0.1,10,upgrade
0.933,74.5,67.5,2.28,2,5,0.963,71.9,0.199,9,upgrade
0.938,87.7,74.8,1.85,2,4,0.94,82.6,0.259,2,maintain
0.233,25.4,110.8,4.02,10,3,0.577,16.3,-0.291,1,downgrade
0.608,62.3,66.5,2.41,6,4,0.69,61.5,-0.016,5,maintain
0.899,88.5,63.8,1.62,2,2,0.93,79.2,0.182,7,upgrade
0.887,86.1,71.1,1.83,3,4,0.89,67.0,0.045,7,upgrade
0.264,34.8,119.7,3.49,16,7,0.358,23.7,-0.215,2,downgrade
0.969,87.7,80.3,2.54,0,5,0.964,85.9,0.037,4,upgrade
0.963,88.1,53.3,1.73,4,4,0.978,93.0,0.0,3,upgrade
0.937,71.7,69.3,2.1,4,3,0.945,86.8,0.223,1,maintain
0.483,66.3,117.6,2.75,10,5,0.37,69.8,-0.188,1,downgrade
0.989,75.7,46.5,1.92,3,2,0.839,92.3,0.146,8,upgrade
0.901,78.2,78.5,1.94,0,5,0.937,88.9,0.148,3,upgrade
0.922,82.9,69.2,1.96,1,6,0.925,80.4,0.033,6,upgrade
0.885,82.9,92.1,2.42,2,4,0.897,88.5,0.058,5,upgrade
0.675,53.9,97.2,2.83,2,1,0.697,73.7,0.049,6,maintain
0.672,65.1,73.1,2.88,1,7,0.807,76.7,-0.15,1,maintain
0.907,82.2,56.8,1.79,0,2,0.909,88.5,0.23,6,upgrade
0.729,76.5,62.7,1.98,3,7,0.565,78.8,0.02,8,maintain
0.892,83.3,67.9,1.87,3,3,0.966,89.7,0.01,3,upgrade
0.267,25.4,180,3.91,18,5,0.16,24.3,-0.214,8,downgrade
0.42,35.7,115.2,3.49,16,7,0.415,53.2,-0.154,4,downgrade
1.0,85.3,63.2,2.12,0,7,0.886,94.2,0.094,5,upgrade
0.794,85.5,59.2,2.29,1,3,0.925,88.0,0.059,5,upgrade
0.901,90.9,55.3,1.54,0,2,0.938,76.1,0.102,10,upgrade
0.88,93.2,62.4,1.85,0,2,0.904,85.4,-0.09,10,upgrade
0.589,54.6,86.7,2.89,7,4,0.8,79.9,-0.161,10,maintain
0.307,33.5,155.3,3.48,14,4,0.498,48.1,-0.264,1,downgrade
0.896,100,56.3,1.5,2,3,0.925,82.7,-0.062,9,upgrade
0.476,32.9,160.8,3.83,12,7,0.464,38.9,-0.28,3,downgrade
0.569,71.4,90.2,2.03,8,3,0.84,67.2,-0.093,3,maintain
0.83,65.4,94.5,2.77,5,8,0.822,54.0,-0.216,6,maintain
0.966,96.3,67.5,2.2,1,6,0.919,85.7,0.045,9,upgrade
0.161,32.5,125.6,3.42,11,5,0.331,46.5,-0.278,6,downgrade
0.254,31.5,146.5,3.29,7,7,0.334,36.3,0.013,3,downgrade
0.836,63.5,95.2,2.26,3,6,0.656,62.5,0.123,10,maintain
0.852,74.4,77.6,2.74,3,7,0.84,71.0,-0.181,8,maintain
0.958,86.4,42.3,1.72,0,1,0.902,82.5,-0.033,5,upgrade
0.899,89.9,90.1,2.33,4,6,0.905,95.8,0.265,7,upgrade
0.239,54.1,160.4,2.7,15,4,0.318,45.6,0.048,2,downgrade
0.839,69.6,60.2,2.62,0,7,0.908,87.2,-0.09,10,upgrade
0.812,55.7,80.2,3.0,1,3,0.706,69.5,0.115,9,maintain
0.289,47.9,132.6,3.02,13,5,0.231,40.3,0.058,3,downgrade
0.886,87.9,78.4,2.04,3,1,0.875,70.5,0.117,9,upgrade
0.942,78.7,87.9,2.09,3,6,0.921,79.2,-0.172,10,maintain
0.877,93.1,51.6,1.65,1,3,0.885,81.8,0.005,9,upgrade
0.748,65.8,92.1,2.4,2,4,0.517,72.4,-0.09,8,maintain
0.937,74.5,73.8,2.67,0,4,0.957,90.2,0.06,8,upgrade
0.436,41.3,118.3,3.19,14,5,0.523,46.4,-0.208,5,downgrade
0.857,92.3,77.0,1.82,2,7,0.832,91.0,-0.012,5,upgrade
0.427,23.3,125.9,3.71,15,7,0.443,26.9,-0.464,7,downgrade
0.351,37.2,126.3,3.07,9,3,0.43,43.3,0.04,8,downgrade
0.187,28.4,88.8,3.05,18,3,0.239,35.2,-0.015,3,downgrade
0.877,78.4,80.7,1.99,7,7,0.967,92.3,-0.04,3,upgrade
0.853,85.6,73.0,2.18,5,7,0.896,85.0,-0.082,8,upgrade
0.661,83.5,51.8,1.64,5,1,0.84,54.4,-0.087,5,maintain
0.789,64.0,85.8,2.78,7,2,0.899,81.9,-0.16,10,maintain
0.956,87.5,46.2,1.86,0,6,0.893,89.6,0.009,10,upgrade
0.569,77.1,96.3,2.51,9,7,0.708,61.2,-0.11,10,maintain
0.315,39.0,111.5,3.38,8,3,0.331,47.1,0.0,1,downgrade
0.586,62.2,73.1,1.87,4,2,0.84,60.0,0.002,9,maintain
0.404,33.4,175.1,3.83,7,7,0.357,45.8,-0.197,1,downgrade
0.239,12.0,87.3,3.78,8,5,0.157,19.2,-0.276,3,downgrade
0.835,88.9,76.2,1.81,2,3,0.86,91.4,0.028,5,upgrade
0.955,85.7,62.7,2.15,1,4,0.948,85.8,-0.023,7,upgrade
0.247,48.6,123.2,3.09,10,2,0.312,55.9,-0.003,5,downgrade
0.899,97.9,80.2,1.96,1,7,0.888,88.0,0.268,3,upgrade
0.837,79.1,85.7,2.48,3,4,0.968,76.4,0.077,7,upgrade
0.885,91.3,43.6,1.25,2,3,0.932,94.3,-0.073,9,upgrade
0.874,83.0,65.9,2.15,0,2,0.785,93.1,-0.016,5,upgrade
0.629,72.1,66.1,1.69,5,2,0.684,66.9,0.071,2,maintain
0.887,77.1,87.3,2.54,4,1,0.847,87.8,0.23,8,upgrade
0.813,88.3,71.8,2.21,4,7,0.907,76.4,0.076,10,upgrade
0.743,60.7,108.4,2.81,3,8,0.84,63.2,0.073,6,maintain
0.953,83.8,65.0,1.76,0,3,0.805,87.7,0.113,6,upgrade
0.777,76.6,113.7,2.47,6,5,0.939,81.3,0.105,1,maintain
0.412,42.4,133.8,3.58,6,5,0.411,41.5,-0.198,7,downgrade
0.347,37.7,165.1,3.22,14,6,0.379,45.4,-0.313,1,downgrade
0.757,100,73.4,1.8,5,6,0.876,77.0,0.252,10,upgrade
0.344,40.3,124.4,3.69,13,6,0.396,58.8,-0.148,4,downgrade
0.315,28.7,158.4,4.21,7,4,0.314,27.5,0.079,7,downgrade
0.887,84.2,50.1,1.82,3,1,0.944,75.3,0.23,3,upgrade
0.895,81.2,60.5,1.95,3,2,0.934,78.7,0.121,3,upgrade
0.9,79.6,65.9,2.07,2,3,0.845,82.3,0.002,7,upgrade
0.736,75.3,85.7,2.36,5,7,0.84,73.9,0.143,5,maintain
0.775,87.2,46.1,1.67,3,3,1.0,75.5,-0.056,3,upgrade
0.293,40.1,106.3,3.34,9,3,0.325,59.3,0.091,1,downgrade
0.774,78.6,64.7,2.47,3,8,0.699,45,-0.056,5,maintain
0.268,41.6,124.3,2.85,12,1,0.487,69.4,0.196,3,maintain
0.896,87.1,67.0,1.88,1,1,0.975,77.5,-0.041,3,upgrade
0.92,58.3,67.3,2.65,0,2,0.54,52.3,-0.197,8,maintain
0.878,96.3,58.2,1.97,3,4,0.905,72.1,-0.057,5,upgrade
0.803,86.4,71.0,1.73,5,1,0.958,80.4,0.244,1,maintain
0.885,78.1,53.9,2.02,3,2,0.933,87.6,0.017,3,upgrade
0.334,7.0,143.7,4.02,14,8,0.47,20.8,0.004,7,downgrade
0.918,78.1,65.6,1.94,2,4,0.949,85.0,-0.065,6,upgrade
0.858,84.9,62.2,2.07,2,1,0.937,72.9,0.281,9,upgrade
0.753,55.3,116.9,2.92,4,3,0.751,67.2,-0.015,8,maintain
0.853,92.6,51.9,1.61,1,4,0.82,86.0,-0.034,4,upgrade
0.794,68.7,70.1,2.74,5,8,0.939,88.8,-0.33,10,maintain
0.448,38.2,121.2,3.55,12,8,0.468,64.8,0.057,7,downgrade
0.224,26.9,117.9,2.91,11,1,0.815,50.3,0.185,5,maintain
0.553,37.7,101.1,3.47,2,5,0.477,48.8,0.25,5,downgrade
0.881,86.1,60.2,2.53,3,6,0.912,84.8,-0.022,9,upgrade
0.695,58.7,95.6,2.1,5,1,0.688,45,-0.018,3,maintain
0.5,66.7,93.9,2.15,9,4,0.53,69.9,-0.016,2,maintain
0.223,30.5,139.2,3.07,13,4,0.32,29.6,-0.081,2,downgrade
0.591,72.1,98.9,2.43,5,5,0.507,68.1,0.052,7,maintain
0.898,79.5,69.7,2.08,0,3,0.9,71.4,0.193,10,upgrade
0.923,80.9,58.7,2.1,2,3,0.868,90.1,0.072,1,maintain
0.305,19.3,141.8,3.6,14,4,0.263,8.6,-0.003,1,downgrade
0.957,98.7,47.2,1.32,1,3,0.922,80.6,0.3,5,upgrade
0.606,51.7,76.7,3.06,6,5,0.794,79.9,-0.006,2,maintain
1.0,86.1,51.5,1.61,1,4,0.864,80.4,-0.032,9,upgrade
0.718,56.1,75.3,2.76,5,1,0.651,51.3,-0.016,10,maintain
0.935,74.4,55.4,1.74,3,1,0.854,84.1,-0.073,2,maintain
0.93,84.4,67.6,2.25,2,1,0.931,83.2,0.012,2,maintain
0.437,50.2,110.2,2.37,14,2,0.682,56.3,0.051,1,downgrade
0.813,71.1,76.6,2.3,6,4,0.677,79.9,-0.129,3,maintain
0.42,25.2,133.0,3.71,9,5,0.423,43.3,0.054,6,downgrade
0.528,16.8,152.1,4.07,12,4,0.644,17.0,-0.366,2,downgrade
0.532,57.8,110.7,2.97,4,7,0.625,75.7,0.062,6,maintain
0.774,72.8,71.3,2.04,0,3,0.524,55.0,-0.085,2,maintain
0.903,88.3,81.3,2.36,2,6,0.874,90.1,0.111,3,upgrade
1.0,95.7,71.3,1.8,0,5,0.829,85.4,0.153,3,upgrade
0.904,84.3,78.9,2.39,3,7,0.561,65.0,-0.036,4,maintain
0.5,61.1,118.3,2.73,6,6,0.554,76.4,-0.076,7,maintain
0.805,73.3,89.4,2.74,5,8,0.851,90.6,0.012,2,maintain
0.989,93.0,49.7,1.5,4,5,0.832,90.3,0.11,9,upgrade
0.341,28.7,150.5,3.59,7,4,0.336,25.3,-0.055,3,downgrade
0.874,100,52.1,1.38,1,4,0.916,91.1,0.078,4,upgrade
0.857,67.1,84.9,2.45,5,8,0.922,89.3,0.055,2,maintain
0.305,26.4,120.6,3.43,11,6,0.48,33.6,-0.133,4,downgrade
0.608,67.2,69.4,1.99,3,1,0.835,60.0,-0.048,10,maintain
0.729,52.8,131.8,2.95,11,6,0.649,76.7,-0.109,5,maintain
0.278,48.2,135.8,3.2,16,8,0.26,45.4,0.046,5,downgrade
0.918,83.2,61.0,2.04,1,2,0.943,92.3,0.14,10,upgrade
0.887,61.7,68.5,2.57,0,2,0.635,51.9,-0.092,5,maintain
0.924,78.9,74.1,2.86,0,7,0.858,91.9,0.07,4,upgrade
0.995,82.1,100.4,2.49,3,6,0.93,87.8,0.112,8,upgrade
0.9,88.9,62.5,1.68,1,2,0.886,84.0,0.053,10,upgrade
1.0,89.7,59.1,1.65,0,3,0.857,89.1,0.048,4,upgrade
0.411,39.2,134.0,3.33,14,4,0.427,44.7,-0.107,6,downgrade
0.913,82.1,53.6,2.08,4,7,0.826,83.2,0.079,7,upgrade
0.735,83.2,106.8,2.52,10,5,0.816,91.3,0.026,5,upgrade
0.93,70.1,103.2,2.64,3,5,0.915,83.1,0.197,6,upgrade
0.365,27.0,140.1,3.56,5,3,0.126,51.2,-0.13,3,downgrade
0.291,40.9,88.8,3.07,5,3,0.269,53.6,-0.182,8,downgrade
0.163,43.8,115.8,3.45,14,8,0.172,41.5,-0.301,5,downgrade
0.249,31.3,147.5,3.17,10,4,0.33,42.0,-0.226,6,downgrade
0.2,32.6,125.0,3.2,12,2,0.464,52.7,-0.13,1,downgrade
0.602,34.4,137.7,3.72,1,6,0.688,36.9,-0.322,3,downgrade
0.723,74.2,141.4,2.75,8,8,0.523,70.3,0.223,1,maintain
0.596,60.2,97.7,2.43,4,3,0.708,79.9,-0.087,3,maintain
0.482,41.0,120.1,2.79,11,3,0.376,56.8,-0.109,5,downgrade
0.832,85.8,63.1,2.07,4,6,0.973,82.8,-0.072,3,upgrade
0.5,71.9,99.5,2.1,8,4,0.755,57.3,-0.092,1,maintain
0.887,99.4,54.2,1.56,3,6,0.913,95.8,-0.028,8,upgrade
0.746,55.4,139.3,3.39,8,7,0.84,55.6,-0.149,2,maintain
0.885,100,38.7,1.13,1,5,0.82,84.4,-0.09,9,upgrade
0.931,81.6,83.4,1.9,3,6,0.871,89.5,-0.055,2,maintain
0.515,73.7,87.5,2.7,10,8,0.84,45,0.076,10,maintain
0.69,55.9,60.2,2.94,1,2,0.659,45,0.03,5,maintain
0.5,47.8,116.7,2.77,7,1,0.674,64.0,0.285,5,maintain
0.421,46.8,129.5,3.07,9,6,0.419,62.8,-0.118,8,downgrade
0.411,29.5,180,3.92,14,7,0.426,36.4,-0.13,6,downgrade
0.84,90.0,56.7,1.64,1,4,0.897,82.5,0.189,9,upgrade
0.436,38.2,142.2,3.27,15,5,0.278,63.0,-0.193,1,downgrade
0.796,64.6,84.4,2.77,0,7,0.906,84.8,-0.144,7,maintain
0.341,43.3,140.0,3.03,10,2,0.495,34.4,-0.145,8,downgrade
0.852,75.8,49.2,1.82,1,3,0.84,87.7,0.136,8,upgrade
0.877,82.1,98.4,2.4,3,7,0.962,87.3,0.115,6,upgrade
0.798,94.5,51.8,1.33,6,5,0.861,87.9,0.184,6,upgrade
0.693,45,59.8,2.62,1,2,0.84,79.4,-0.078,10,maintain
0.832,56.8,95.1,3.07,0,8,0.84,77.5,0.052,5,maintain
0.34,20.6,126.6,3.53,14,2,0.452,9.7,0.092,3,downgrade
0.865,81.2,59.6,2.25,2,4,0.939,80.0,0.101,4,upgrade
0.985,73.3,66.9,2.74,1,7,0.95,85.7,-0.014,4,upgrade
0.959,80.1,84.0,2.33,2,6,0.911,90.2,0.203,4,upgrade
0.745,63.7,103.9,2.82,4,8,0.84,71.6,-0.001,3,maintain
0.805,81.1,62.7,1.74,1,3,1.0,82.4,0.297,10,upgrade
0.884,89.1,59.9,1.84,3,2,0.883,83.2,0.211,7,upgrade
0.998,78.8,72.0,2.1,0,1,0.921,77.4,0.011,10,upgrade
0.7,64.7,112.9,2.96,3,7,0.722,65.6,0.099,4,maintain
0.434,56.2,139.5,3.53,11,8,0.52,60.9,-0.292,2,downgrade
0.553,51.3,104.4,3.05,7,4,0.622,52.9,0.346,2,maintain
0.841,82.0,83.5,2.01,2,4,0.872,93.4,-0.021,5,upgrade
0.645,87.5,50.7,1.77,4,1,0.668,72.2,0.184,10,maintain
0.572,50.8,135.5,3.06,8,3,0.669,71.7,0.084,6,maintain
0.545,86.4,71.4,1.76,9,3,0.712,49.9,-0.137,2,maintain
0.751,49.9,78.6,3.01,3,1,0.762,51.8,0.149,2,maintain
0.659,61.1,80.7,2.27,7,7,0.698,67.7,0.11,10,maintain
0.325,20.1,119.8,3.74,6,6,0.161,17.3,-0.379,7,downgrade
0.875,80.6,110.7,2.66,0,7,0.856,88.2,-0.037,7,upgrade
0.5,59.2,87.9,2.61,10,1,0.697,60.7,-0.032,4,maintain
0.68,63.2,108.1,2.55,6,1,0.618,79.0,-0.03,2,maintain
0.871,90.4,75.1,2.13,0,2,0.978,92.9,0.131,5,upgrade
0.866,82.9,49.5,1.89,1,1,0.858,88.0,0.32,10,upgrade
0.901,83.5,98.4,2.46,2,7,0.996,82.0,0.105,5,upgrade
0.59,57.2,108.0,3.02,6,8,0.636,45,-0.106,4,maintain
0.774,46.6,101.0,2.78,1,1,0.594,59.8,-0.298,9,maintain
0.888,82.4,76.1,2.08,1,4,0.914,81.3,0.25,9,upgrade
0.343,31.9,147.5,3.15,15,2,0.391,29.4,-0.26,3,downgrade
0.841,97.7,58.2,1.78,4,6,0.905,82.1,0.134,7,upgrade
0.843,90.5,49.7,1.72,1,1,0.969,79.6,-0.087,8,upgrade
0.854,86.9,46.2,1.96,2,2,0.96,85.6,0.113,9,upgrade
0.297,42.7,141.0,3.03,14,7,0.301,55.6,-0.151,1,downgrade
0.294,42.2,151.0,3.54,16,6,0.156,51.6,-0.119,1,downgrade
0.651,80.4,110.4,2.26,8,4,0.666,63.7,0.29,2,maintain
0.642,70.4,91.1,2.61,5,8,0.788,68.8,0.096,1,maintain
0.274,26.9,108.5,2.97,19,5,0.284,27.2,-0.017,4,downgrade
0.755,76.4,89.5,1.92,7,7,0.634,53.7,-0.231,7,maintain
0.358,36.3,141.4,3.69,8,8,0.374,45.8,0.024,7,downgrade
0.38,36.8,89.7,2.88,13,2,0.404,44.9,-0.243,8,downgrade
0.581,45,84.9,2.44,6,3,0.764,64.5,-0.263,5,maintain
0.884,83.9,45.5,1.3,4,1,0.983,79.4,0.171,5,upgrade
0.319,11.4,128.2,3.75,17,2,0.194,7.0,0.097,3,downgrade
0.565,33.9,134.4,3.02,9,7,0.407,39.7,-0.112,2,downgrade
0.832,71.3,35.5,1.91,0,1,0.906,71.8,0.029,7,upgrade
0.923,84.9,68.1,1.76,0,5,0.964,75.7,0.208,9,upgrade
0.5,66.7,128.5,3.16,4,6,0.642,77.3,-0.228,5,maintain
0.605,81.8,55.1,1.98,5,1,0.55,79.9,-0.058,10,maintain
0.865,69.6,70.0,2.84,2,2,0.693,79.7,-0.056,7,maintain
0.895,63.5,68.0,2.04,4,1,0.812,90.7,0.16,4,upgrade
0.695,74.5,70.1,2.23,8,6,0.586,60.2,0.046,5,maintain
0.246,46.7,155.5,2.95,16,6,0.257,50.4,-0.316,2,downgrade
0.759,87.4,68.8,2.11,4,3,0.907,86.5,0.005,3,upgrade
0.519,35.5,109.1,3.31,6,4,0.767,58.1,-0.034,5,downgrade
0.87,74.5,69.7,2.39,6,6,0.92,81.0,-0.062,1,maintain
0.947,75.6,66.7,2.38,1,1,0.879,87.6,0.216,5,upgrade
0.852,69.6,74.9,2.25,4,3,0.974,89.8,0.159,3,upgrade
0.164,35.5,124.2,3.36,13,2,0.296,42.1,-0.077,7,downgrade
0.751,78.9,63.9,2.22,5,3,0.915,83.3,0.217,1,maintain
0.266,40.8,142.8,3.17,14,6,0.372,43.5,-0.137,6,downgrade
0.248,43.3,168.5,3.08,17,2,0.46,55.9,-0.143,3,downgrade
0.261,40.3,129.1,3.18,10,3,0.326,47.9,-0.282,3,downgrade
0.278,57.9,90.1,2.6,10,2,0.475,60.9,-0.162,8,downgrade
0.903,89.2,70.6,1.82,6,7,0.883,90.5,0.156,6,upgrade
0.406,35.2,180,3.81,12,8,0.203,37.5,0.146,3,downgrade
0.874,47.8,86.9,2.95,3,3,0.73,45,-0.118,9,maintain
0.44,13.7,163.4,4.47,6,7,0.285,11.8,-0.119,6,downgrade
0.189,29.0,115.2,3.19,16,4,0.267,52.2,-0.127,5,downgrade
0.968,92.2,52.5,1.53,0,3,0.938,92.7,0.189,10,upgrade
0.5,73.9,66.5,2.08,5,5,0.558,74.5,0.036,8,maintain
0.767,55.5,72.5,2.79,5,3,0.622,79.9,-0.124,10,maintain
0.886,88.7,50.2,1.48,3,1,0.877,86.2,0.19,8,upgrade
0.831,75.6,79.9,2.64,3,4,0.917,82.9,0.188,8,upgrade
0.901,86.9,68.3,1.94,3,7,0.92,94.1,0.051,3,upgrade
0.899,80.1,73.2,1.88,4,5,0.897,82.1,-0.157,8,maintain
0.212,27.2,148.8,3.83,12,4,0.252,38.9,-0.302,5,downgrade
0.975,100,54.4,1.91,2,6,0.999,90.3,0.076,3,upgrade
0.542,57.4,92.4,2.98,2,7,0.718,56.1,-0.049,5,maintain
0.892,87.5,59.2,2.19,1,4,0.909,88.3,0.074,5,upgrade
0.325,38.9,131.3,3.54,11,5,0.39,37.0,-0.195,8,downgrade
0.562,57.1,100.2,2.5,11,4,0.463,69.1,0.033,2,maintain
0.785,67.9,89.8,2.36,8,5,0.884,89.6,-0.311,3,maintain
0.9,75.2,80.8,2.42,3,3,0.923,86.9,0.062,1,maintain
0.611,71.0,77.0,1.63,9,2,0.84,48.9,-0.3,4,maintain
0.251,49.4,148.4,3.23,15,5,0.372,35.5,-0.087,2,downgrade
0.876,82.2,86.0,2.12,2,6,0.889,94.0,0.162,4,upgrade
0.155,45.8,135.7,3.63,14,7,0.146,51.8,-0.334,4,downgrade
0.885,88.7,60.1,2.06,4,5,0.942,95.4,0.001,7,upgrade
0.469,34.0,103.3,3.37,10,2,0.833,48.4,-0.121,1,downgrade
0.859,95.8,66.4,1.45,4,1,0.876,85.2,-0.04,6,upgrade
0.762,79.2,92.1,2.57,6,7,0.832,56.7,0.199,10,maintain
0.871,88.3,51.0,2.11,0,5,0.886,78.3,-0.07,6,upgrade
0.889,69.7,67.3,2.44,3,3,0.805,62.6,0.12,9,maintain
0.825,73.4,85.8,2.3,6,6,0.858,91.4,0.075,5,upgrade
0.631,64.2,79.4,2.42,4,1,0.605,68.7,0.027,4,maintain
0.325,21.6,162.0,3.82,10,7,0.494,43.9,0.064,2,downgrade
0.842,59.8,87.7,2.37,2,3,0.776,45,-0.015,3,maintain
0.813,80.1,61.8,2.22,5,5,0.908,89.2,0.117,8,upgrade
0.872,91.6,71.1,2.01,1,4,0.899,94.5,0.128,5,upgrade
0.908,81.0,42.8,1.8,0,1,0.903,95.8,0.033,10,upgrade
0.956,81.4,72.7,2.28,0,3,0.89,77.2,0.114,9,upgrade
0.727,77.7,56.5,2.15,5,3,0.945,90.7,-0.211,4,maintain
0.79,86.5,75.1,1.97,3,1,0.926,81.5,0.188,3,upgrade
0.841,61.4,66.9,2.3,3,2,0.84,74.5,0.128,3,maintain
0.855,79.4,115.9,2.71,5,7,0.87,84.3,0.142,6,upgrade
0.867,89.8,51.2,1.98,2,3,0.945,94.1,0.041,7,upgrade
0.413,45.5,112.9,3.36,11,7,0.43,58.1,0.147,4,downgrade
0.756,57.4,116.1,3.06,7,7,0.84,73.8,0.254,1,maintain
0.392,23.1,118.3,3.5,11,5,0.567,21.7,-0.125,8,downgrade
0.512,64.9,106.3,2.65,6,4,0.621,66.7,0.059,6,maintain
0.843,97.2,69.1,2.07,2,7,0.883,87.9,0.185,4,upgrade
0.612,61.9,93.3,2.78,6,6,0.772,60.1,0.215,7,maintain
0.222,22.6,180,3.61,20,4,0.309,57.3,-0.081,3,downgrade
0.938,79.5,80.9,2.5,2,1,0.915,78.7,0.15,4,upgrade
0.27,26.4,151.0,3.43,12,2,0.12,33.5,-0.168,2,downgrade
0.601,45,83.6,3.42,5,5,0.736,63.3,-0.051,8,maintain
0.905,73.4,70.8,1.89,2,2,0.935,86.7,0.219,9,upgrade
0.722,53.1,115.9,3.03,6,6,0.565,58.7,-0.204,1,maintain
0.55,46.4,113.2,2.82,4,6,0.62,79.9,-0.028,3,maintain
0.552,72.4,89.0,2.18,8,1,0.803,52.6,0.258,2,maintain
0.645,64.9,77.5,2.43,5,5,0.615,73.1,-0.136,2,maintain
0.682,78.8,94.0,2.28,7,6,0.488,71.9,0.019,4,maintain
0.893,97.5,56.8,1.86,2,4,0.903,89.3,0.043,9,upgrade
0.367,26.6,127.7,3.86,6,8,0.388,28.0,-0.121,7,downgrade
0.863,86.0,48.8,1.75,0,3,0.968,86.9,0.136,8,upgrade
0.216,27.3,152.9,3.71,17,4,0.488,32.1,-0.301,6,downgrade
0.87,67.3,90.1,2.83,1,8,0.94,79.9,0.17,1,maintain
0.837,86.9,75.4,2.2,4,8,0.951,84.4,0.085,2,maintain
0.46,29.4,180,3.9,11,8,0.388,15.4,-0.284,3,downgrade
0.348,28.1,125.8,3.84,15,4,0.391,31.8,-0.438,7,downgrade
0.794,85.9,60.2,2.22,5,5,0.958,70.1,0.06,10,upgrade
0.902,81.7,56.6,2.24,0,4,0.936,96.5,0.055,7,upgrade
0.836,86.2,86.9,1.93,1,7,0.785,85.5,-0.054,6,upgrade
0.3,49.8,155.7,3.02,18,7,0.348,34.6,-0.038,2,downgrade
0.963,83.6,49.4,2.16,1,3,0.953,91.1,0.159,3,upgrade
0.5,62.8,121.8,2.76,10,6,0.567,79.9,-0.019,6,maintain
0.338,51.7,85.9,3.04,9,6,0.079,54.7,-0.124,1,downgrade
0.924,87.6,47.3,1.47,4,1,0.956,81.6,0.148,3,upgrade
0.555,75.5,88.9,2.45,5,1,0.698,49.8,-0.127,6,maintain
0.809,85.1,47.9,1.57,2,1,0.942,86.9,0.169,1,maintain
0.272,46.3,84.1,2.66,7,2,0.406,43.6,0.091,2,downgrade
0.968,78.0,84.5,2.05,1,4,1.0,95.8,0.056,10,upgrade
0.877,100,49.7,1.63,3,3,0.934,95.1,0.23,3,upgrade
0.254,63.3,99.4,2.41,13,5,0.141,68.2,-0.031,2,downgrade
0.354,35.9,126.6,3.42,8,3,0.44,19.8,0.152,1,downgrade
0.162,36.3,134.1,2.93,13,6,0.248,45.0,-0.092,8,downgrade
0.811,82.2,92.2,2.59,3,7,0.948,90.0,-0.077,6,upgrade
0.872,97.6,72.8,1.69,4,3,0.956,86.4,0.027,3,upgrade
0.734,62.2,111.9,2.73,3,8,0.919,84.3,0.22,2,maintain
0.951,82.9,45.4,1.8,0,4,0.872,83.6,0.01,5,upgrade
0.78,61.3,88.7,2.71,6,4,0.807,55.5,0.273,7,maintain
0.338,48.9,126.2,2.81,14,2,0.338,67.6,-0.301,8,downgrade
0.705,51.9,91.4,2.82,5,4,0.84,45,0.075,9,maintain
0.385,40.0,81.7,2.87,7,2,0.354,31.1,0.107,1,downgrade
0.666,69.3,133.6,2.77,7,7,0.829,73.6,0.081,2,maintain
0.855,94.4,49.7,1.7,0,3,0.908,88.1,0.228,5,upgrade
0.82,78.0,60.1,2.02,3,1,0.88,78.6,-0.063,9,upgrade
0.866,91.0,96.0,2.23,4,6,0.917,93.6,0.118,5,upgrade
0.996,100,37.0,1.7,0,2,0.953,89.4,-0.081,10,upgrade
0.151,54.3,135.2,3.11,6,8,0.05,50.6,-0.122,1,downgrade
0.939,81.2,60.6,2.09,0,7,0.944,81.7,0.017,6,upgrade
0.787,95.3,76.1,2.19,3,6,0.835,89.4,0.132,5,upgrade
0.5,63.3,65.8,2.23,3,2,0.632,63.0,-0.102,7,maintain
0.791,71.8,124.7,2.71,7,6,0.853,94.3,0.091,6,upgrade
0.257,33.4,163.0,3.83,9,7,0.289,49.5,0.003,4,downgrade
0.794,63.4,95.9,2.56,3,6,0.706,78.4,0.035,9,maintain
0.407,34.9,112.8,3.4,10,2,0.387,45.2,0.25,4,downgrade
0.879,86.9,81.6,2.5,0,7,0.963,72.4,0.012,10,upgrade
0.955,76.5,95.8,2.33,2,7,0.858,81.9,0.165,4,upgrade
0.689,69.7,94.8,2.27,3,8,0.816,79.9,-0.221,10,maintain
0.875,94.7,72.8,1.75,4,5,0.925,84.8,0.001,3,upgrade
0.918,91.5,56.2,1.81,0,6,0.828,94.7,0.157,6,upgrade
0.26,41.9,133.2,3.41,14,2,0.103,33.4,-0.174,5,downgrade
0.813,45,70.6,3.14,0,6,0.658,66.8,0.048,7,maintain
0.847,82.7,77.3,1.8,4,1,0.913,93.5,-0.09,3,upgrade
0.789,95.9,83.7,2.56,4,7,0.954,96.4,0.13,6,upgrade
0.932,67.3,60.4,2.3,3,5,0.879,91.2,-0.193,4,maintain
0.77,45,152.3,3.87,7,8,0.695,79.9,-0.112,1,maintain
0.9,58.1,62.3,2.63,2,7,0.718,72.0,0.083,7,maintain
0.764,68.6,76.4,2.55,3,6,0.721,45,0.008,6,maintain
0.937,90.5,59.7,1.92,1,3,0.943,92.5,-0.09,5,upgrade
0.944,83.9,53.2,2.03,0,4,0.874,84.3,0.129,7,upgrade
0.827,84.2,50.7,2.07,2,4,0.914,79.7,0.186,7,upgrade
0.782,64.4,116.0,2.75,6,6,0.855,82.2,-0.34,5,maintain
0.491,10.5,140.9,3.35,12,2,0.561,5,-0.361,3,downgrade
0.92,81.7,61.3,1.99,0,2,0.892,82.8,-0.229,6,maintain
0.824,58.4,106.9,2.73,3,8,0.663,53.3,0.123,8,maintain
0.89,88.4,84.8,1.89,1,5,0.891,89.8,-0.09,9,upgrade
0.57,64.1,61.0,2.22,7,4,0.728,79.9,0.107,1,maintain
0.5,66.0,109.7,2.8,6,5,0.84,49.6,0.079,8,maintain
0.251,18.0,140.2,3.43,17,7,0.301,6.0,-0.09,7,downgrade
0.991,94.5,47.7,1.32,0,1,0.874,91.1,0.172,4,upgrade
1.0,100,56.6,1.9,0,4,0.943,80.1,0.055,6,upgrade
0.656,66.9,63.4,1.98,5,2,0.633,76.7,-0.267,1,maintain
0.418,35.9,134.3,3.38,13,8,0.55,27.4,-0.249,2,downgrade
0.306,20.1,99.4,3.66,3,1,0.84,79.9,-0.128,3,maintain
0.833,87.1,85.5,1.87,6,5,0.906,79.4,-0.041,6,upgrade
0.595,55.0,99.3,2.6,8,3,0.84,53.4,0.05,10,maintain
0.34,9.2,125.1,3.46,17,2,0.471,34.6,-0.165,7,downgrade
0.623,63.4,116.5,2.84,9,8,0.586,73.9,-0.001,3,maintain
0.795,92.5,67.6,2.16,3,4,0.912,80.5,0.117,8,upgrade
0.226,38.8,131.3,2.94,17,2,0.467,52.4,-0.147,2,downgrade
0.772,68.0,81.4,2.52,4,1,0.873,89.2,0.102,1,maintain
0.664,51.1,104.9,2.85,4,3,0.565,67.5,-0.121,2,maintain
0.966,81.5,36.4,1.42,0,2,0.931,87.7,-0.025,5,upgrade
0.205,55.8,163.6,3.21,11,8,0.05,61.6,-0.214,3,downgrade
0.96,73.4,55.8,2.49,0,5,0.847,86.9,-0.059,4,upgrade
0.926,92.8,76.7,1.97,2,6,0.891,89.5,0.275,4,upgrade
0.266,23.5,150.2,3.91,16,8,0.12,24.3,-0.394,3,downgrade
0.364,46.2,108.9,3.07,13,6,0.305,48.3,-0.384,1,downgrade
0.886,76.0,78.1,2.38,4,7,0.912,87.5,0.088,9,upgrade
0.217,21.9,94.7,3.48,15,3,0.298,42.1,-0.034,8,downgrade
0.835,82.7,63.3,1.57,3,5,0.898,88.2,-0.03,8,upgrade
0.808,61.6,86.3,2.83,2,1,0.797,79.3,0.119,6,maintain
0.92,75.7,57.7,1.89,0,1,0.585,57.7,0.003,4,maintain
0.599,81.2,94.4,2.79,8,4,0.84,66.8,-0.351,9,maintain
0.89,100,62.7,2.01,5,4,0.877,91.0,-0.012,4,upgrade
0.902,78.2,69.6,2.24,3,6,0.944,94.9,0.142,3,upgrade
0.5,85.0,136.7,2.53,13,8,0.623,63.6,-0.117,1,maintain
0.688,71.0,88.6,1.77,10,4,0.727,78.9,-0.218,10,maintain
0.935,81.4,60.9,1.87,0,2,0.971,81.1,0.012,7,upgrade
0.432,23.3,108.0,3.11,10,4,0.428,38.2,0.076,8,downgrade
0.465,33.1,85.4,3.2,5,5,0.493,44.5,-0.201,7,downgrade
0.303,31.6,112.9,3.26,7,8,0.261,44.9,-0.294,6,downgrade
0.92,56.3,131.1,3.3,1,7,0.84,50.4,-0.168,3,maintain
0.811,87.6,76.6,1.74,5,3,0.85,87.4,-0.064,2,maintain
0.81,79.9,69.0,1.81,3,1,0.914,78.7,0.006,1,maintain
0.975,85.5,79.9,2.11,0,7,0.884,90.7,0.055,10,upgrade
0.819,84.9,77.3,2.3,5,6,0.932,88.4,0.023,10,upgrade
0.301,27.9,142.9,3.0,14,3,0.354,45.7,-0.298,8,downgrade
0.936,98.2,54.6,1.8,0,5,0.908,95.4,0.124,6,upgrade
0.828,75.7,91.2,2.23,4,2,0.858,90.5,-0.041,4,upgrade
0.757,50.4,130.2,3.41,6,6,0.742,74.4,-0.083,7,maintain
0.605,59.9,97.9,2.45,8,1,0.608,54.9,0.018,8,maintain
0.219,46.3,103.6,2.78,13,4,0.147,28.1,-0.064,1,downgrade
0.374,12.6,158.0,3.74,14,2,0.343,11.0,0.105,6,downgrade
0.186,22.8,148.6,3.8,14,6,0.296,19.5,0.21,4,downgrade
0.913,88.5,87.2,1.96,3,4,0.875,79.6,-0.023,3,upgrade
0.162,28.7,137.4,3.55,11,4,0.073,43.9,-0.037,1,downgrade
0.447,47.7,107.6,2.57,7,7,0.554,76.7,-0.05,4,downgrade
0.855,77.5,60.1,1.97,3,1,0.863,91.1,0.146,7,upgrade
0.248,31.6,165.3,3.55,14,7,0.245,30.8,-0.029,2,downgrade
0.944,92.0,46.1,1.85,0,1,0.92,71.3,0.011,3,upgrade
0.367,47.6,144.7,3.21,14,6,0.543,25.1,0.035,4,downgrade
0.91,88.1,58.2,2.02,4,3,0.873,73.6,0.087,6,upgrade
0.255,21.5,126.9,4.05,13,7,0.25,32.2,-0.218,5,downgrade
0.695,65.8,91.2,2.71,4,8,0.734,45.4,0.032,3,maintain
0.407,63.4,121.2,2.67,15,8,0.297,59.6,-0.287,2,downgrade
0.78,21.4,76.8,3.84,2,2,0.85,37.9,-0.203,2,downgrade
0.235,21.5,126.0,3.6,13,3,0.462,29.9,-0.266,7,downgrade
0.415,29.3,172.6,3.55,9,6,0.522,42.9,-0.075,2,downgrade
0.698,54.7,105.0,2.69,8,4,0.625,69.2,-0.235,6,maintain
0.193,62.6,100.8,2.8,12,2,0.057,61.0,0.137,5,downgrade
0.782,81.9,78.0,2.24,7,5,0.888,85.6,0.011,5,upgrade
0.704,72.6,93.1,2.4,3,1,0.84,55.7,-0.089,10,maintain
0.843,80.2,67.9,1.94,0,8,0.96,91.3,-0.002,1,maintain
0.655,72.5,119.0,2.73,5,7,0.633,77.3,0.056,3,maintain
0.47,37.5,158.5,3.59,8,8,0.453,12.7,-0.043,7,downgrade
0.257,17.2,170.0,4.2,13,6,0.285,26.9,-0.459,2,downgrade
0.872,55.4,107.5,3.12,0,8,0.657,61.9,0.071,2,maintain
0.836,77.8,61.8,2.0,4,2,0.814,93.1,0.009,3,upgrade
0.823,58.2,95.7,2.51,4,2,0.84,63.8,-0.27,7,maintain
0.449,11.4,142.7,3.97,2,7,0.362,5.2,-0.312,4,downgrade
1.0,85.2,44.8,1.8,0,1,0.878,68.7,-0.082,10,upgrade
1.0,80.2,72.6,1.78,2,3,0.889,95.4,0.004,9,upgrade
0.597,68.9,85.3,2.33,7,4,0.84,63.7,0.156,2,maintain
0.754,66.9,64.6,2.12,3,1,0.857,91.7,-0.254,4,maintain
0.889,65.1,73.3,2.55,4,2,0.866,82.7,0.147,2,maintain
0.32,44.0,104.5,2.8,8,4,0.302,75.0,0.022,2,downgrade
0.251,39.5,134.8,3.02,15,3,0.455,49.2,-0.308,7,downgrade
0.99,100,59.3,1.25,4,4,0.92,81.1,0.218,6,upgrade
0.3,46.1,124.4,2.89,12,4,0.395,25.7,-0.017,7,downgrade
0.432,27.1,105.7,3.9,9,5,0.341,27.7,-0.151,6,downgrade
0.888,83.6,56.2,2.04,2,1,0.936,81.1,0.1,6,upgrade
0.881,50.1,57.8,2.67,1,4,0.84,71.0,0.072,3,maintain
0.867,75.9,74.6,2.36,4,5,0.913,81.1,-0.293,4,maintain
0.931,77.9,53.0,2.16,1,2,0.944,81.0,0.099,3,upgrade
0.224,21.5,110.2,3.64,12,3,0.371,36.6,0.025,7,downgrade
0.851,83.5,117.0,2.49,4,6,0.858,95.6,0.118,4,upgrade
0.927,72.7,78.2,2.42,1,8,0.89,86.1,-0.44,9,maintain
0.839,53.7,95.9,2.89,0,8,0.828,66.2,0.16,8,maintain
0.879,88.9,126.2,2.65,4,7,0.811,94.4,0.153,6,upgrade
0.674,82.1,93.0,2.18,8,4,0.703,76.2,-0.124,5,maintain
0.847,45,75.7,2.66,2,1,0.84,67.1,0.063,6,maintain
0.779,72.2,82.9,2.79,3,4,0.45,62.0,0.086,4,maintain
0.689,48.7,92.1,2.64,2,1,0.84,79.9,0.006,1,maintain
0.441,48.1,142.9,3.02,12,4,0.4,62.4,-0.134,6,downgrade
0.883,77.1,71.0,2.29,0,5,0.84,77.0,0.046,10,maintain
0.907,86.2,96.8,2.17,2,6,0.786,95.8,0.14,10,upgrade
0.91,85.0,72.0,2.33,0,7,0.98,80.0,0.169,10,upgrade
0.626,63.7,114.2,2.97,7,8,0.593,79.9,-0.103,8,maintain
0.247,34.2,141.8,3.23,14,4,0.132,28.0,-0.279,4,downgrade
0.851,90.9,54.6,2.17,4,5,0.946,85.5,0.106,10,upgrade
0.241,44.4,110.5,2.69,13,4,0.35,46.5,0.031,1,downgrade
0.984,74.6,59.4,1.68,1,1,0.89,88.7,0.078,5,upgrade
0.76,53.0,98.0,2.87,5,1,0.777,78.3,-0.127,7,maintain
0.247,55.4,116.8,2.99,5,4,0.338,78,-0.003,3,downgrade
0.874,95.5,81.9,1.76,5,4,0.954,70.6,0.195,10,upgrade
0.428,36.1,115.0,3.14,7,2,0.426,45.2,-0.017,6,downgrade
0.346,36.8,151.4,3.2,13,3,0.303,29.5,-0.015,5,downgrade
0.284,35.8,116.1,4.18,9,6,0.099,35.6,-0.13,2,downgrade
0.79,55.4,115.8,2.68,3,5,0.74,56.2,0.031,5,maintain
0.623,45,93.6,3.21,4,7,0.65,76.1,0.29,4,maintain
1.0,81.8,41.9,1.9,0,2,0.934,81.8,0.126,7,upgrade
0.672,77.0,109.3,2.39,9,6,0.712,69.2,-0.121,3,maintain
0.981,88.5,61.3,2.04,1,3,0.897,91.2,-0.087,7,upgrade
0.391,36.2,135.7,3.55,9,6,0.358,33.7,-0.294,8,downgrade
0.336,25.6,147.3,4.01,12,6,0.232,36.1,-0.121,3,downgrade
0.5,72.9,73.5,2.35,4,8,0.64,58.1,-0.095,2,maintain
0.762,64.4,110.9,2.51,8,5,0.902,86.4,0.044,1,maintain
0.935,73.7,76.3,2.15,3,1,0.904,91.8,0.244,2,maintain
0.209,51.2,77.7,2.48,13,2,0.326,56.6,-0.059,5,downgrade
0.095,37.9,180,3.52,20,4,0.234,54.6,-0.119,1,downgrade
0.779,74.7,83.2,2.33,5,6,0.702,65.4,0.078,3,maintain
0.663,65.2,77.5,1.96,6,2,0.84,72.6,-0.038,10,maintain
0.263,51.2,148.1,2.79,12,5,0.051,71.4,-0.277,2,downgrade
0.265,22.1,180,3.91,14,7,0.182,35.5,-0.193,1,downgrade
0.948,83.0,80.6,1.74,0,7,0.931,82.0,0.08,8,upgrade
0.943,77.4,77.4,2.08,2,4,0.89,91.8,0.026,5,upgrade
0.924,97.1,78.9,2.27,2,7,0.861,79.3,0.245,6,upgrade
0.919,76.7,81.8,2.23,1,5,0.904,71.8,0.029,6,upgrade
0.904,86.3,80.1,2.27,3,7,0.906,78.9,0.249,8,upgrade
0.87,80.6,56.7,2.12,1,4,0.953,91.7,0.183,10,upgrade
0.887,83.2,70.4,2.24,3,3,0.961,71.5,0.08,6,upgrade
0.821,81.1,87.2,2.21,1,5,0.923,89.1,0.255,8,upgrade
0.825,82.5,46.0,1.67,2,3,0.857,88.4,-0.025,8,upgrade
0.692,67.8,54.5,1.96,1,2,0.557,58.2,-0.178,8,maintain
0.559,62.1,88.7,2.58,11,2,0.834,63.0,0.027,7,maintain
0.78,36.1,90.8,3.24,2,7,0.85,40.6,0.06,2,downgrade
0.947,77.1,62.4,2.71,3,5,0.905,93.6,0.14,10,upgrade
0.483,30.9,107.7,3.11,7,2,0.548,46.6,-0.071,6,downgrade
0.992,75.2,61.0,2.43,0,4,0.96,89.5,0.121,3,upgrade
0.244,36.0,127.5,3.08,9,5,0.16,41.7,-0.221,5,downgrade
0.394,18.2,124.8,3.52,10,1,0.546,68.4,-0.173,7,maintain
0.354,60.5,123.1,2.77,11,6,0.193,60.9,-0.31,8,downgrade
0.927,83.8,49.4,1.9,0,1,0.991,71.7,0.103,9,upgrade
0.954,88.6,59.1,1.95,0,2,0.872,86.4,-0.09,8,upgrade
0.681,69.5,96.4,2.27,4,4,0.763,72.4,-0.12,7,maintain
0.778,80.7,88.6,2.12,4,4,0.781,78.4,0.064,8,maintain
0.261,29.2,108.4,3.6,12,6,0.323,45.2,0.207,2,downgrade
0.294,12.9,171.9,3.92,15,7,0.52,5,-0.108,1,downgrade
0.925,69.8,77.4,2.07,4,1,0.945,71.5,0.151,7,upgrade
0.789,60.0,77.1,2.22,2,1,0.759,62.4,-0.161,4,maintain
0.78,68.2,123.9,2.66,6,4,0.712,61.8,0.191,3,maintain
0.546,18.9,156.6,3.51,9,7,0.601,32.1,-0.015,5,downgrade
0.897,86.7,66.7,2.01,1,4,0.933,93.9,0.027,7,upgrade
0.824,59.3,56.7,1.96,3,3,0.764,54.7,0.199,5,maintain
0.787,49.9,63.2,2.91,0,1,0.728,63.4,0.112,1,maintain
0.164,43.0,142.3,3.56,16,6,0.198,27.6,0.017,8,downgrade
0.788,87.6,47.6,1.65,1,2,0.772,84.3,-0.09,7,upgrade
0.472,28.4,180,3.78,10,6,0.245,40.7,-0.061,4,downgrade
0.643,88,64.0,2.0,8,6,0.556,79.9,0.093,8,maintain
0.908,100,71.9,1.95,1,5,0.897,92.1,-0.023,5,upgrade
0.762,75.1,116.1,2.77,3,7,0.84,59.6,0.053,2,maintain
0.15,38.2,154.1,3.66,20,6,0.2,42.4,-0.003,8,downgrade
0.864,94.7,75.5,1.96,6,7,0.966,68.2,0.16,3,upgrade
0.928,82.6,46.2,2.02,0,3,0.95,81.0,0.082,6,upgrade
0.917,100,89.7,2.03,4,5,0.908,90.1,0.023,4,upgrade
0.828,83.7,87.6,2.23,3,4,0.929,80.6,0.134,10,upgrade
0.855,68.9,69.4,2.27,0,4,0.897,91.8,0.02,9,upgrade
0.508,45,131.8,3.34,5,4,0.84,77.2,-0.015,1,maintain
0.618,82.9,93.8,2.05,8,3,0.84,71.0,0.173,8,maintain
0.73,60.0,107.0,2.75,5,2,0.702,45,-0.123,5,maintain
0.577,31.9,110.4,3.51,11,4,0.727,48.3,-0.113,1,downgrade
0.823,85.2,42.1,1.65,2,1,0.962,88.7,0.106,4,upgrade
0.265,50.9,109.4,2.44,11,4,0.387,40.8,-0.048,6,downgrade
0.349,12.3,94.0,3.51,14,2,0.283,26.1,-0.028,2,downgrade
0.342,26.2,180,4.2,14,8,0.481,29.3,-0.133,2,downgrade
0.926,92.2,104.5,2.53,1,7,0.916,91.1,0.014,9,upgrade
0.887,90.7,89.2,2.23,2,5,0.911,90.5,0.084,10,upgrade
0.896,78.0,92.7,1.92,2,6,0.85,83.1,0.061,4,upgrade
0.824,86.9,69.4,1.65,3,1,0.911,89.7,-0.223,6,maintain
0.609,60.8,86.3,2.78,5,2,0.84,76.4,0.009,4,maintain
0.935,62.7,87.8,2.17,2,6,0.879,83.8,-0.27,4,maintain
0.752,73.3,75.6,2.38,0,2,0.779,73.7,0.025,8,maintain
0.593,50.0,98.8,2.61,9,5,0.625,55.2,0.227,8,maintain
0.93,72.0,82.1,2.68,0,8,0.898,92.3,0.142,1,maintain
0.867,72.3,50.4,2.01,3,3,0.851,84.6,0.15,2,maintain
0.877,84.3,73.8,1.73,3,4,0.952,86.1,0.094,9,upgrade
0.589,88,123.6,2.58,9,8,0.758,63.0,0.021,3,maintain
0.861,85.4,91.5,2.19,4,6,0.895,88.9,0.219,3,upgrade
0.728,80.5,107.4,2.41,8,5,0.872,86.8,0.187,9,upgrade
0.906,73.6,86.4,2.29,0,4,0.949,83.2,0.238,10,upgrade
0.917,78.6,81.6,1.86,4,6,0.884,88.4,0.268,1,maintain
0.656,45,79.7,2.54,6,3,0.84,57.9,0.125,3,maintain
0.501,25.4,160.8,4.16,9,7,0.371,44.4,-0.23,4,downgrade
0.474,33.0,96.4,3.37,6,5,0.624,31.7,-0.145,1,downgrade
0.578,86.4,80.2,1.72,10,2,0.45,79.9,0.024,7,maintain
0.775,82.6,71.7,1.91,3,4,0.874,93.2,0.244,5,upgrade
0.901,62.4,88.4,2.25,3,5,0.585,62.6,0.235,5,maintain
0.27,45.3,118.1,2.94,8,6,0.295,78,0.06,4,downgrade
0.357,36.2,119.2,3.64,9,8,0.406,49.4,0.13,2,downgrade
0.929,93.1,40.2,1.51,0,2,0.961,76.7,0.199,3,upgrade
0.701,78.3,88.9,2.4,1,8,0.55,55.2,0.086,2,maintain
0.751,63.5,91.3,2.38,5,4,0.452,53.2,-0.018,3,maintain
0.846,72.6,79.3,2.05,2,2,0.951,85.0,0.021,4,upgrade
0.84,81.8,89.3,2.29,4,4,0.954,85.3,0.28,9,upgrade
0.752,68.0,69.1,2.12,4,5,0.661,53.0,-0.049,2,maintain
0.835,75.6,84.7,2.43,2,7,0.99,82.6,0.068,9,upgrade
0.954,77.6,70.2,2.28,0,7,0.934,89.9,0.083,9,upgrade
0.824,85.4,43.4,1.44,3,1,0.914,86.4,0.067,2,maintain
0.745,78.8,78.3,2.01,5,5,0.635,79.9,-0.005,2,maintain
0.983,95.4,44.9,1.63,1,3,0.887,90.7,-0.043,7,upgrade
0.886,74.4,35.5,1.78,0,1,0.924,89.2,0.16,4,upgrade
0.743,55.1,107.3,3.02,8,7,0.71,50.6,-0.203,2,maintain
0.769,88,65.8,2.2,6,4,0.634,47.7,0.037,2,maintain
0.954,68.9,91.7,2.91,0,7,0.907,92.1,0.046,5,upgrade
0.456,39.9,150.4,3.49,12,5,0.297,24.6,-0.067,2,downgrade
0.939,86.6,59.0,2.09,3,4,0.887,82.4,0.077,8,upgrade
0.761,60.2,86.4,2.34,2,1,0.692,62.0,0.001,2,maintain
0.793,73.0,99.1,2.67,3,5,0.84,51.0,0.082,4,maintain
0.902,100,54.3,1.54,0,7,0.825,94.7,0.017,7,upgrade
0.206,26.7,150.0,3.71,12,7,0.07,28.4,0.157,5,downgrade
0.874,80.4,105.9,2.56,1,7,0.888,80.4,0.085,8,upgrade
0.92,65.1,75.7,2.4,3,5,0.791,65.4,-0.2,7,maintain
0.803,79.3,68.0,1.76,5,4,0.946,80.1,-0.032,9,upgrade
0.863,75.8,116.9,2.56,4,6,0.938,81.5,0.288,10,upgrade
0.934,87.2,56.6,2.01,1,5,0.925,82.4,-0.004,3,upgrade
0.315,22.0,164.5,4.3,9,6,0.497,29.1,-0.17,7,downgrade
0.5,66.1,77.8,2.5,7,4,0.645,62.8,0.039,5,maintain
0.368,35.6,170.1,3.52,12,8,0.493,47.0,-0.16,5,downgrade
0.364,31.6,114.3,3.04,13,5,0.542,41.8,-0.086,7,downgrade
0.885,73.7,82.3,2.35,0,6,0.928,81.9,0.062,6,upgrade
0.9,82.2,79.6,2.17,3,2,0.886,86.3,-0.12,10,maintain
0.322,38.6,107.9,2.83,11,2,0.406,30.4,0.007,6,downgrade
0.53,46.0,110.8,2.8,7,1,0.608,76.3,-0.153,9,maintain
0.908,84.7,58.2,1.86,0,5,0.93,86.6,0.117,8,upgrade
0.273,17.4,114.5,3.99,7,6,0.138,5,0.095,3,downgrade
0.917,82.1,105.6,2.6,0,5,0.882,92.5,0.182,7,upgrade
0.97,73.8,58.0,2.35,2,4,0.888,85.4,0.132,4,upgrade
0.92,81.2,80.1,2.04,0,6,0.947,92.2,-0.263,5,maintain
0.573,12.2,167.2,4.31,5,4,0.44,20.4,-0.01,7,downgrade
0.932,83.2,39.3,1.56,0,5,0.888,84.2,-0.03,8,upgrade
0.826,71.1,73.3,2.55,4,7,0.877,92.3,-0.288,6,maintain
0.479,21.0,180,3.87,12,8,0.607,36.6,0.079,2,downgrade
0.863,88.6,91.8,1.9,7,6,0.875,92.0,0.101,7,upgrade
0.321,42.1,148.3,3.3,15,8,0.457,51.1,-0.036,3,downgrade
0.892,89.2,57.6,2.25,3,4,0.904,70.5,-0.015,9,upgrade
0.318,42.6,152.1,3.6,13,7,0.285,47.9,-0.097,4,downgrade
0.457,10.8,157.1,3.97,11,7,0.414,12.4,0.126,8,downgrade
0.925,92.1,52.1,1.4,4,1,0.946,81.6,0.147,7,upgrade
0.449,35.5,125.3,3.41,6,4,0.53,36.3,-0.178,7,downgrade
0.34,12.3,152.5,4.28,11,8,0.462,23.2,-0.072,6,downgrade
1.0,82.2,60.9,1.99,0,4,0.888,93.1,0.017,9,upgrade
0.403,55.5,102.0,2.6,10,3,0.476,72.1,-0.253,5,downgrade
0.603,50.3,75.2,3.34,3,7,0.649,65.7,-0.148,6,maintain
0.793,66.0,51.0,1.72,1,3,0.747,45,-0.108,4,maintain
0.954,87.2,60.3,1.91,3,2,0.897,84.0,0.232,9,upgrade
0.816,67.7,88.0,2.3,3,3,0.713,79.9,0.022,4,maintain
0.206,41.5,151.2,2.74,18,6,0.345,38.0,-0.232,7,downgrade
0.729,68.8,71.3,2.0,5,2,0.84,75.4,-0.127,10,maintain
0.85,72.3,78.2,2.33,1,5,0.823,88.6,0.183,4,upgrade
0.979,85.8,38.7,1.92,0,2,0.861,88.4,0.073,5,upgrade
0.169,17.4,180,4.1,20,7,0.213,22.3,-0.165,7,downgrade
0.674,66.4,81.8,2.37,6,7,0.57,45.6,-0.044,7,maintain
0.713,66.7,92.7,2.64,8,4,0.551,76.2,0.218,5,maintain
0.5,76.3,118.0,2.78,7,8,0.84,58.3,-0.109,7,maintain
0.833,88,83.7,2.08,6,6,0.583,45,0.187,8,maintain
0.851,84.7,69.5,2.33,0,7,0.853,91.7,0.059,5,upgrade
0.329,32.5,145.2,3.45,14,2,0.353,41.6,-0.142,1,downgrade
0.531,39.1,121.4,3.54,10,8,0.608,32.5,-0.308,4,downgrade
0.906,92.3,55.1,1.21,4,1,0.88,83.4,0.018,7,upgrade
0.272,36.4,120.1,2.9,7,2,0.388,44.5,-0.066,4,downgrade
0.416,57.4,94.9,3.21,4,7,0.434,64.8,-0.093,4,downgrade
0.568,46.0,86.8,2.74,9,1,0.681,76.4,0.301,9,maintain
0.285,36.1,161.0,3.19,13,3,0.208,42.1,-0.128,1,downgrade
0.863,87.2,79.4,2.14,6,5,0.885,93.5,-0.011,9,upgrade
0.623,63.7,79.9,2.87,7,4,0.683,66.2,-0.124,6,maintain
0.278,30.7,101.9,3.21,16,3,0.33,29.6,-0.311,1,downgrade
0.939,81.0,57.7,1.78,0,1,0.945,93.3,0.184,8,upgrade
0.828,45,112.8,2.95,3,1,0.591,54.4,0.108,1,maintain
0.477,24.0,142.2,3.43,8,4,0.575,25.2,-0.035,6,downgrade
0.798,86.7,55.7,1.77,3,2,0.87,87.0,-0.09,4,upgrade
0.381,37.5,106.3,3.1,6,4,0.457,47.9,-0.077,1,downgrade
0.976,91.5,62.6,1.51,0,7,0.824,88.5,0.161,3,upgrade
0.928,80.0,50.8,1.88,2,2,0.944,90.9,0.179,5,upgrade
0.529,85.5,83.0,2.51,3,7,0.824,62.7,-0.242,6,maintain
0.191,5.0,150.7,4.43,18,8,0.298,18.7,-0.248,6,downgrade
0.582,67.7,125.0,2.69,10,8,0.834,59.8,-0.122,7,maintain
0.299,35.2,143.0,3.1,12,4,0.481,56.0,-0.189,6,downgrade
0.882,82.0,63.0,2.25,4,3,0.948,84.2,-0.034,5,upgrade
0.754,60.0,109.9,3.04,4,6,0.724,53.9,0.074,8,maintain
0.838,60.4,96.1,2.72,3,2,0.586,69.3,0.045,2,maintain
0.667,66.3,77.5,2.05,7,5,0.573,79.9,-0.013,10,maintain
0.888,93.8,66.9,1.42,8,1,0.8,95.7,0.36,9,upgrade
0.227,50.5,145.3,3.07,9,7,0.287,74.5,-0.217,1,downgrade
0.296,25.0,129.4,3.73,13,6,0.324,5,-0.073,6,downgrade
0.786,91.4,73.2,1.72,0,6,0.755,83.8,0.052,7,upgrade
0.94,84.8,112.2,2.65,2,8,0.909,89.6,-0.032,7,maintain
0.343,11.2,180,4.25,14,8,0.473,21.5,-0.068,6,downgrade
0.319,46.4,123.3,2.9,20,3,0.417,69.2,-0.248,4,downgrade
0.201,70,79.6,2.03,10,4,0.404,78,-0.027,7,downgrade
0.92,76.7,73.6,1.87,6,5,0.944,92.8,0.137,2,maintain
0.704,76.4,80.3,1.99,2,3,0.637,62.4,-0.112,9,maintain
0.23,54.1,90.5,2.97,10,4,0.266,78,-0.153,1,downgrade
0.579,18.5,163.4,4.18,5,7,0.608,33.4,-0.238,3,downgrade
0.897,87.4,55.2,1.54,3,2,0.82,89.0,0.018,9,upgrade
0.5,63.8,91.5,2.16,6,1,0.735,51.4,0.179,3,maintain
0.575,81.7,99.4,2.21,5,7,0.568,54.4,-0.279,10,maintain
0.7,74.0,74.6,2.33,6,4,0.6,79.9,-0.124,1,maintain
0.285,36.9,107.8,2.93,10,7,0.664,31.3,-0.091,2,downgrade
0.37,27.4,135.4,3.14,9,4,0.499,54.3,-0.186,1,downgrade
0.202,11.5,127.4,3.7,5,4,0.312,34.7,0.157,4,downgrade
0.153,14.3,146.8,3.77,9,3,0.052,12.5,-0.033,7,downgrade
0.96,93.2,67.2,1.66,1,2,0.884,89.3,0.095,4,upgrade
0.545,13.3,119.1,3.75,6,5,0.672,8.8,-0.12,4,downgrade
0.561,70.3,69.7,2.37,3,1,0.651,79.9,0.013,4,maintain
0.876,74.6,85.2,2.36,4,5,0.907,82.0,-0.029,6,upgrade
0.293,30.9,158.5,3.44,13,1,0.859,87.7,0.136,1,maintain
0.785,74.6,56.6,1.37,4,1,0.84,71.6,0.261,2,maintain
0.92,81.3,76.3,2.2,3,4,0.847,83.7,-0.09,4,upgrade
0.347,21.5,118.0,4.08,8,7,0.463,16.3,0.072,5,downgrade
0.912,66.8,102.8,2.51,1,4,0.627,71.8,0.041,6,maintain
0.869,72.0,80.1,2.24,4,4,0.967,88.7,0.212,2,maintain
0.759,85.2,93.8,2.29,6,8,0.871,85.0,0.193,2,maintain
0.307,38.4,111.9,3.37,9,6,0.328,30.7,-0.161,3,downgrade
0.726,75.7,54.5,1.72,2,2,0.778,63.4,-0.072,9,maintain
0.752,60.0,125.9,2.97,5,4,0.84,62.4,0.057,1,maintain
0.223,36.2,172.6,3.87,16,7,0.396,42.5,-0.181,4,downgrade
0.858,72.0,66.6,1.87,7,2,0.909,84.0,0.013,10,upgrade
0.709,80.7,79.7,2.23,7,3,0.717,76.4,0.016,10,maintain
0.817,93.1,61.1,1.52,4,3,0.955,86.3,-0.004,8,upgrade
0.243,48.7,180,3.28,12,7,0.361,54.3,-0.021,2,downgrade
0.861,86.3,62.6,1.74,1,2,0.895,88.8,-0.022,8,upgrade
0.576,68.2,104.3,2.59,5,6,0.684,70.3,0.288,4,maintain
0.884,74.6,80.8,2.44,3,3,0.889,79.6,0.228,1,maintain
0.603,45,107.5,2.95,9,5,0.617,65.4,-0.062,3,maintain
0.881,97.0,50.9,1.26,4,3,0.841,98.6,0.019,9,upgrade
0.934,83.6,83.3,2.13,0,5,0.943,81.0,0.169,8,upgrade
0.583,68.3,86.4,2.45,7,2,0.709,65.5,0.004,9,maintain
0.896,95.7,49.7,1.8,3,3,1.0,88.5,-0.052,4,upgrade
0.753,63.5,89.1,2.62,2,2,0.604,79.9,-0.009,8,maintain
0.259,40.1,109.8,2.92,13,4,0.472,43.3,-0.182,8,downgrade
0.377,49.1,98.1,2.27,8,3,0.526,62.9,-0.026,6,downgrade
0.626,54.9,125.2,2.84,9,7,0.84,68.3,0.22,7,maintain
0.196,33.5,167.9,3.71,20,8,0.167,44.0,0.036,6,downgrade
0.575,74.3,94.4,2.38,7,7,0.5,53.0,0.015,5,maintain
0.416,31.1,164.7,3.75,10,7,0.404,43.0,-0.086,3,downgrade
0.642,78.3,42.6,1.85,2,2,0.84,45,-0.059,1,maintain
0.828,85.1,65.3,2.41,4,7,0.816,83.1,0.082,3,upgrade
0.884,83.9,50.7,1.91,2,4,0.905,88.2,0.117,7,upgrade
0.875,89.6,79.1,1.91,0,5,0.945,83.7,0.063,3,upgrade
0.174,62.4,93.8,2.27,13,2,0.297,76.9,-0.005,7,downgrade
0.318,33.8,130.9,3.41,9,5,0.251,49.7,-0.266,6,downgrade
0.39,29.2,136.9,3.48,6,2,0.377,21.6,-0.111,4,downgrade
0.839,64.2,65.5,2.38,2,5,0.8,63.8,0.078,2,maintain
0.805,83.9,75.9,2.25,1,3,0.841,95.3,-0.065,9,upgrade
0.906,83.0,48.1,1.65,1,1,0.964,81.1,-0.023,8,upgrade
0.689,59.0,75.4,2.52,3,3,0.636,75.7,-0.174,8,maintain
0.952,85.0,78.0,1.74,6,4,0.869,82.0,-0.02,4,upgrade
0.95,98.5,41.4,1.24,0,5,0.974,85.8,0.145,8,upgrade
0.674,45,82.5,3.02,11,2,0.82,50.5,-0.106,1,maintain
0.946,86.9,53.0,1.7,3,1,0.922,81.5,0.175,3,upgrade
0.161,41.9,132.1,3.75,14,6,0.297,51.5,-0.008,1,downgrade
0.741,70.5,111.7,2.47,9,4,0.897,88.4,0.19,2,maintain
0.571,14.6,178.8,4.29,14,8,0.552,5,-0.201,4,downgrade
0.475,33.6,169.5,3.63,12,7,0.648,26.2,-0.35,3,downgrade
0.563,88,94.7,1.9,8,8,0.679,79.9,-0.039,3,maintain
0.965,75.0,100.1,2.66,0,6,0.885,84.4,0.149,10,upgrade
0.371,70,104.7,2.5,14,7,0.231,78,-0.085,7,downgrade
0.543,58.7,79.5,2.25,7,5,0.657,45,-0.124,10,maintain
0.943,85.0,66.9,1.83,1,5,0.938,86.7,-0.069,1,maintain
0.914,72.9,86.5,2.24,2,4,0.945,87.7,0.09,7,upgrade
0.167,40.4,165.7,3.2,19,5,0.25,51.9,-0.017,8,downgrade
0.293,48.1,147.1,2.93,15,3,0.231,30.3,-0.234,4,downgrade
0.465,38.8,127.8,3.15,8,2,0.496,52.2,-0.254,8,downgrade
0.393,33.4,123.9,3.17,9,2,0.329,46.8,-0.066,2,downgrade
0.864,79.6,74.5,2.72,3,7,0.955,90.5,0.009,8,upgrade
0.927,79.4,92.2,2.39,2,7,0.819,95.2,0.237,10,upgrade
0.771,83.9,90.0,1.78,8,1,0.908,88.4,-0.031,1,maintain
0.286,49.9,128.3,3.21,14,7,0.277,47.5,-0.022,4,downgrade
0.278,27.0,144.4,3.51,13,7,0.269,39.8,-0.276,4,downgrade
0.965,97.5,59.0,1.67,1,4,0.971,95.0,-0.026,8,upgrade
0.843,74.4,98.8,2.83,3,5,0.89,91.1,0.199,5,upgrade
0.339,20.4,121.6,4.17,9,8,0.178,25.8,-0.014,4,downgrade
0.23,39.9,174.9,3.51,17,8,0.38,38.1,-0.372,6,downgrade
0.933,75.3,37.9,1.77,0,2,0.876,78.8,0.142,7,upgrade
0.175,30.7,174.7,3.17,18,4,0.265,44.0,-0.291,6,downgrade
0.308,42.5,109.6,3.16,13,8,0.259,54.9,-0.224,4,downgrade
0.249,39.8,157.6,3.44,11,6,0.247,38.0,-0.16,2,downgrade
0.163,50.4,123.8,2.93,11,2,0.184,40.7,0.039,1,downgrade
0.951,91.4,63.7,1.55,3,4,1.0,88.4,-0.09,10,upgrade
0.917,89.8,45.0,1.61,1,6,0.9,86.2,0.153,8,upgrade
0.759,55.8,106.7,2.92,7,7,0.802,66.8,0.181,10,maintain
0.416,23.8,158.0,3.86,9,1,0.86,92.9,-0.044,1,maintain
0.309,29.9,129.1,3.67,13,7,0.423,42.4,-0.049,3,downgrade
0.295,21.7,131.0,4.64,9,6,0.308,17.7,-0.035,4,downgrade
0.881,77.1,95.4,2.82,4,7,0.922,88.7,0.213,10,upgrade
0.226,30.2,120.9,2.88,13,3,0.31,40.2,0.178,4,downgrade
0.356,31.2,128.8,3.71,7,4,0.364,32.2,-0.121,7,downgrade
0.072,28.9,146.4,3.74,20,8,0.05,19.5,-0.079,4,downgrade
0.416,46.4,72.0,2.52,7,2,0.454,42.9,-0.001,3,downgrade
0.821,65.2,64.9,2.81,1,6,0.84,59.2,-0.236,6,maintain
0.832,97.5,74.2,1.87,6,4,0.939,85.9,0.073,6,upgrade
0.92,71.3,79.8,2.61,3,8,0.688,79.9,-0.058,8,maintain
0.891,69.0,98.3,2.35,0,6,0.93,89.2,0.009,6,upgrade
0.49,30.2,136.0,3.98,11,5,0.667,33.1,-0.107,3,downgrade
0.266,47.3,124.1,3.49,16,8,0.139,35.5,-0.217,2,downgrade
0.936,86.1,51.5,2.0,0,1,0.92,95.2,0.019,9,upgrade
0.312,24.9,170.0,3.58,13,5,0.329,27.6,-0.271,2,downgrade
0.627,70.0,69.3,2.19,6,4,0.712,60.1,0.028,10,maintain
1.0,81.2,60.1,2.01,2,2,0.92,86.3,0.028,8,upgrade
0.382,52.9,90.9,2.11,10,8,0.579,58.4,-0.125,5,downgrade
0.941,79.1,50.7,1.73,4,3,0.825,93.3,0.132,6,upgrade
0.181,23.4,154.2,3.77,19,3,0.222,25.5,-0.083,5,downgrade
0.389,37.4,128.2,3.01,5,4,0.288,18.9,0.098,6,downgrade
0.96,71.0,95.6,2.24,0,5,0.918,85.0,0.068,6,upgrade
0.185,29.4,119.9,3.5,15,4,0.213,57.4,-0.243,6,downgrade
0.618,62.6,130.6,2.77,8,8,0.767,79.9,-0.11,6,maintain
0.295,30.2,134.3,3.81,14,8,0.231,30.5,-0.034,4,downgrade
0.98,78.8,79.2,2.24,2,3,0.897,92.2,0.012,6,upgrade
0.793,75.8,57.4,1.9,5,2,0.682,47.0,-0.144,9,maintain
0.591,80.0,117.6,2.6,4,7,0.611,67.6,0.015,9,maintain
0.899,81.2,69.0,1.74,4,1,0.872,89.0,0.097,8,upgrade
0.5,59.6,95.3,2.71,9,3,0.735,56.0,-0.016,3,maintain
0.826,92.8,58.2,1.72,4,5,0.851,83.2,0.089,4,upgrade
0.528,83.4,62.3,1.69,6,3,0.718,69.6,-0.047,7,maintain
0.717,67.4,94.5,2.46,4,5,0.607,70.3,0.076,7,maintain
0.423,36.1,85.4,3.16,6,4,0.539,39.5,0.01,5,downgrade
0.33,12.8,180,3.9,11,6,0.273,5,-0.156,4,downgrade
0.414,18.1,102.1,3.58,7,4,0.397,21.8,-0.001,7,downgrade
0.382,33.3,85.3,2.9,10,2,0.483,30.3,-0.028,2,downgrade
0.307,51.4,136.8,2.39,18,2,0.442,54.6,0.018,1,downgrade
0.183,44.6,118.9,3.38,7,5,0.283,46.7,-0.257,6,downgrade
0.43,13.1,139.4,4.15,10,8,0.362,30.3,-0.343,6,downgrade
0.907,65.6,57.9,2.09,2,1,0.969,92.4,0.036,4,upgrade
0.792,65.9,93.9,2.7,2,6,0.806,57.3,0.03,10,maintain
0.889,79.4,78.2,2.75,1,7,0.872,89.0,-0.081,4,upgrade
0.378,17.9,120.5,3.78,11,2,0.433,15.1,-0.202,6,downgrade
0.572,67.1,116.2,2.55,6,6,0.679,52.2,-0.1,8,maintain
1.0,81.0,115.1,2.64,2,7,0.906,91.9,0.031,6,upgrade
0.925,74.0,78.5,2.59,0,3,0.863,91.1,0.164,3,upgrade
0.42,55.1,96.5,2.87,11,5,0.478,47.6,-0.1,3,downgrade
0.888,84.6,70.9,2.1,5,2,0.903,92.4,0.202,6,upgrade
0.766,45,134.2,3.29,4,7,0.675,72.2,-0.137,3,maintain
0.85,71.1,67.7,2.45,3,5,0.612,68.1,-0.004,7,maintain
0.993,92.1,50.1,1.42,1,2,0.97,79.0,-0.09,8,upgrade
0.5,76.4,91.6,2.11,11,1,0.794,51.0,0.131,7,maintain
0.919,64.6,99.3,2.78,3,7,0.806,60.5,0.248,1,maintain
0.89,93.0,49.7,1.7,2,1,0.963,89.5,0.108,4,upgrade
0.759,94.8,93.0,2.03,6,6,0.862,94.5,0.119,9,upgrade
0.927,77.6,84.6,1.95,5,4,0.952,84.0,-0.265,9,maintain
0.903,88.4,70.1,1.91,1,4,0.876,88.3,0.109,10,upgrade
0.925,99.7,60.7,2.12,0,7,0.879,93.0,0.338,7,upgrade
0.908,86.4,50.1,2.02,0,3,0.833,85.9,0.049,10,upgrade
0.569,13.2,179.1,4.1,7,8,0.731,5,-0.096,3,downgrade
0.791,72.2,95.3,2.15,5,3,0.682,60.6,-0.125,2,maintain
0.843,50.2,84.5,3.11,3,4,0.782,56.3,0.227,6,maintain
0.813,83.6,68.6,2.32,0,6,0.968,84.1,-0.049,2,maintain
0.966,83.4,89.1,1.86,3,6,0.857,81.4,0.273,3,upgrade
0.785,61.3,72.5,2.11,4,3,0.571,62.4,-0.037,7,maintain
0.838,83.1,72.7,2.24,1,2,0.959,87.0,0.138,9,upgrade
0.923,62.7,75.7,2.06,3,3,0.885,81.9,-0.09,5,upgrade
0.903,82.6,77.7,2.33,3,7,0.962,78.4,0.121,10,upgrade
0.847,78.6,73.2,1.86,0,4,0.907,79.2,-0.382,10,maintain
0.862,86.3,96.0,2.29,2,7,0.931,88.2,0.115,10,upgrade
0.422,39.8,108.3,3.24,7,4,0.365,24.0,-0.11,4,downgrade
0.91,76.6,96.1,2.5,3,6,0.941,78.1,-0.09,7,upgrade
0.703,45,92.6,2.88,7,4,0.7,79.9,-0.223,6,maintain
0.193,33.5,99.9,3.22,11,2,0.237,45.3,-0.264,3,downgrade
0.658,61.9,64.4,2.04,3,2,0.789,55.6,-0.108,9,maintain
0.301,38.4,161.8,3.38,13,8,0.257,66.2,-0.424,2,downgrade
0.182,30.5,140.3,3.86,11,8,0.314,34.5,-0.121,8,downgrade
0.764,69.7,120.6,2.82,3,7,0.699,63.5,0.179,10,maintain
0.927,69.7,67.3,2.7,3,5,0.943,90.9,-0.021,1,maintain
0.878,72.6,48.3,2.0,3,1,0.969,87.2,0.035,8,upgrade
0.908,86.8,80.6,2.37,3,8,0.926,81.5,-0.065,2,maintain
0.88,87.3,81.8,1.99,4,5,0.86,91.1,0.154,7,upgrade
0.86,88.6,65.9,1.65,3,1,0.973,79.5,0.209,7,upgrade
0.467,31.6,167.1,3.8,4,8,0.461,26.8,-0.265,5,downgrade
0.782,85.6,42.8,1.52,3,1,0.914,100,0.039,6,upgrade
0.406,39.4,145.6,3.15,10,2,0.496,56.1,-0.128,7,downgrade
0.364,69.2,144.5,2.97,12,7,0.444,74.8,-0.125,1,downgrade
0.285,51.2,102.4,2.69,3,6,0.489,64.9,-0.083,6,downgrade
0.937,77.1,73.3,2.36,3,1,0.839,87.7,0.064,4,upgrade
0.932,92.2,49.7,1.93,2,4,0.897,95.4,0.219,8,upgrade
0.893,64.6,105.9,3.01,3,2,0.897,84.4,0.007,2,maintain
0.843,85.4,84.7,2.19,5,6,0.905,75.7,0.04,3,upgrade
0.766,59.9,107.1,2.43,5,4,0.84,79.9,0.072,9,maintain
0.917,75.9,45.3,1.68,0,2,0.973,92.3,-0.016,6,upgrade
0.312,21.9,127.1,3.76,14,2,0.426,26.3,-0.212,3,downgrade
0.173,33.1,143.1,3.34,9,2,0.101,47.4,-0.327,6,downgrade
0.362,37.3,84.3,3.17,13,2,0.482,23.1,-0.056,4,downgrade
0.133,23.7,114.5,3.44,13,2,0.135,5,-0.031,8,downgrade
0.447,39.6,136.2,3.38,6,7,0.145,70.9,0.122,2,downgrade
0.883,85.7,72.9,2.62,2,7,0.975,87.8,0.099,4,upgrade
0.91,73.4,94.5,2.32,4,4,0.863,76.2,0.214,4,upgrade
0.857,68.7,69.4,2.24,5,3,0.9,94.7,0.196,10,upgrade
0.273,16.5,136.6,3.89,18,5,0.266,38.1,-0.183,7,downgrade
0.741,53.6,101.4,2.56,3,2,0.63,60.0,0.044,8,maintain
0.613,75.7,84.1,2.0,4,5,0.787,67.7,-0.045,6,maintain
0.71,86.3,78.5,2.11,9,5,0.796,65.7,0.071,10,maintain
0.9,84.9,80.8,2.34,2,7,0.916,91.6,0.192,6,upgrade
0.633,66.9,104.4,2.74,8,4,0.731,45,0.141,8,maintain
0.875,87.5,59.6,2.24,2,8,0.581,65.2,0.12,6,maintain
0.846,92.3,40.3,1.65,0,2,0.861,83.0,-0.027,5,upgrade
0.736,51.6,104.3,2.97,7,4,0.84,70.5,0.055,8,maintain
0.904,87.4,47.7,1.84,0,7,0.892,75.8,-0.065,9,upgrade
0.5,46.8,85.7,3.11,8,4,0.629,64.7,-0.185,3,maintain
0.855,74.9,99.4,2.44,3,5,0.869,79.4,0.295,6,upgrade
0.834,80.6,63.5,1.73,3,3,0.958,83.3,0.13,4,upgrade
0.416,28.6,113.2,3.31,15,5,0.35,31.6,0.104,5,downgrade
0.679,79.2,92.6,2.28,6,7,0.552,56.2,0.052,4,maintain
0.872,82.4,66.2,2.1,2,1,0.824,93.5,0.192,6,upgrade
0.912,87.6,75.6,1.87,3,5,0.975,82.1,0.156,5,upgrade
0.745,63.8,66.8,2.45,3,4,0.757,69.6,0.08,7,maintain
0.455,41.4,110.5,2.86,7,2,0.376,50.3,0.213,8,downgrade
0.648,68.4,90.1,2.04,9,1,0.671,79.9,0.069,8,maintain
0.416,39.8,107.4,3.44,8,5,0.591,44.4,-0.131,5,downgrade
0.939,78.6,92.1,2.43,0,6,0.904,86.5,0.189,5,upgrade
0.519,25.6,145.4,3.68,8,3,0.595,38.0,-0.101,8,downgrade
0.971,84.9,83.1,2.23,2,6,0.943,89.3,0.124,6,upgrade
0.892,85.0,74.7,1.95,3,3,0.905,80.0,0.135,3,upgrade
0.89,88.2,50.8,1.83,1,8,0.949,87.7,0.041,5,maintain
0.31,54.2,78.4,2.44,9,3,0.418,62.4,0.081,7,downgrade
0.387,36.9,121.2,3.34,12,8,0.407,32.4,0.152,5,downgrade
0.808,74.0,63.3,2.07,2,4,0.875,81.8,0.164,8,upgrade
0.259,40.9,103.8,3.38,13,5,0.345,35.1,-0.162,5,downgrade
0.879,98.9,56.9,1.39,0,3,0.925,83.9,0.149,9,upgrade
0.702,49.7,105.2,3.02,1,6,0.84,59.8,0.021,3,maintain
0.915,90.8,44.5,1.75,1,1,0.971,84.0,0.118,10,upgrade
0.294,40.0,107.8,3.45,8,7,0.252,51.1,-0.164,8,downgrade
0.43,28.3,171.4,3.46,17,4,0.438,39.1,0.038,5,downgrade
0.893,48.5,78.4,3.18,1,2,0.624,45,0.07,4,maintain
0.929,87.6,41.6,1.66,2,2,0.877,92.0,0.129,6,upgrade
0.892,74.4,61.8,2.13,3,4,0.918,88.2,0.072,4,upgrade
0.686,56.6,73.7,2.71,6,1,0.633,78.9,-0.017,8,maintain
0.4,19.7,173.2,3.36,12,5,0.401,28.8,-0.097,6,downgrade
0.714,66.0,48.1,2.4,0,1,0.836,77.8,-0.015,2,maintain
0.783,85.1,72.4,2.43,3,5,0.825,83.0,-0.017,6,upgrade
0.913,88.5,48.8,1.99,1,5,0.843,87.1,0.196,4,upgrade
0.787,67.7,108.4,2.69,3,3,0.784,54.5,-0.074,3,maintain
0.238,38.0,173.7,3.32,14,6,0.207,25.8,0.003,8,downgrade
0.935,76.2,93.9,2.71,4,4,0.861,85.6,0.093,4,upgrade
0.892,91.4,76.5,1.88,0,4,0.794,95.8,0.3,6,upgrade
0.623,77.3,90.6,2.03,9,7,0.84,52.8,0.045,1,maintain
0.18,22.7,113.1,3.88,8,6,0.166,22.2,-0.054,6,downgrade
0.236,25.5,119.1,3.42,17,4,0.115,11.6,-0.234,6,downgrade
0.597,71.3,92.5,2.09,11,3,0.691,50.0,-0.126,3,maintain
0.737,77.3,72.1,2.33,6,6,0.911,87.7,-0.078,1,maintain
0.811,67.3,87.7,2.84,2,8,0.699,68.4,0.218,4,maintain
0.764,85.7,53.1,1.84,7,1,0.933,92.5,0.202,1,maintain
0.343,29.9,152.1,3.46,10,8,0.397,33.7,0.138,7,downgrade
0.796,65.9,60.4,2.32,1,2,0.646,79.9,0.065,2,maintain
0.369,30.0,115.0,2.89,13,5,0.302,52.4,-0.149,2,downgrade
0.943,88.9,53.6,2.03,3,4,0.896,88.1,-0.052,3,upgrade
0.943,93.2,67.9,1.8,1,6,0.968,84.9,-0.041,9,upgrade
0.723,55.1,103.9,2.92,2,3,0.84,68.3,0.223,3,maintain
0.871,90.6,101.3,2.27,2,6,0.898,83.7,0.158,4,upgrade
0.635,65.0,105.2,2.54,5,1,0.597,56.9,0.118,9,maintain
0.263,57.6,143.2,2.67,17,3,0.259,53.6,-0.033,2,downgrade
0.415,30.3,138.0,3.76,14,3,0.407,27.4,-0.054,8,downgrade
0.377,39.7,121.6,3.3,7,8,0.302,47.3,-0.095,1,downgrade
1.0,95.0,66.8,1.76,1,3,0.804,82.9,0.077,8,upgrade
0.455,46.1,95.6,3.22,6,7,0.23,55.3,-0.154,6,downgrade
0.575,32.8,101.6,2.72,8,2,0.526,41.0,-0.167,3,downgrade
0.844,88.9,52.1,1.49,2,4,0.955,87.2,0.218,5,upgrade
0.472,49.3,133.9,3.69,11,8,0.555,49.9,-0.5,7,downgrade
0.423,43.6,102.4,2.64,5,3,0.559,62.6,-0.011,3,downgrade
0.505,62.7,79.5,2.81,4,6,0.76,65.8,-0.108,2,maintain
0.31,20.4,159.8,3.77,11,4,0.331,28.5,0.051,4,downgrade
0.303,38.3,110.7,3.19,9,6,0.391,50.1,-0.276,6,downgrade
0.952,75.3,53.9,1.6,2,1,0.957,90.7,0.072,6,upgrade
0.607,45,109.9,2.84,10,3,0.754,56.7,-0.03,10,maintain
0.933,84.3,55.8,1.75,1,6,0.875,91.4,-0.008,8,upgrade
0.801,63.5,89.0,2.55,1,6,0.903,90.5,-0.266,4,maintain
0.448,18.8,141.5,3.85,13,6,0.571,5.7,-0.175,7,downgrade
0.886,93.1,38.4,1.66,2,2,0.929,92.9,0.012,7,upgrade
0.31,61.8,91.9,2.63,8,3,0.363,70.1,-0.216,3,downgrade
0.544,63.1,75.5,1.87,12,2,0.695,72.7,0.028,4,maintain
0.876,84.3,60.9,1.64,1,3,0.908,73.6,0.162,3,upgrade
0.347,44.5,97.3,3.06,10,8,0.375,34.9,-0.227,5,downgrade
0.408,59.9,82.0,3.04,10,7,0.313,73.4,-0.187,5,downgrade
0.356,26.0,120.2,2.87,12,4,0.453,25.9,-0.265,2,downgrade
0.284,35.6,111.3,3.15,16,6,0.324,30.0,-0.106,2,downgrade
0.903,93.0,87.4,2.0,4,6,0.861,93.6,0.066,10,upgrade
0.774,82.7,57.0,1.77,1,1,0.888,88.4,0.254,3,upgrade
0.382,43.3,128.3,3.48,4,7,0.347,45.9,0.032,6,downgrade
0.94,77.1,43.1,1.97,2,1,0.905,87.0,0.017,8,upgrade
0.869,87.8,58.2,1.94,6,1,0.9,85.8,0.233,1,maintain
0.413,28.7,125.8,3.27,14,5,0.392,6.7,0.179,6,downgrade
0.244,33.4,150.5,3.38,9,2,0.366,52.8,-0.017,6,downgrade
0.66,62.5,74.1,2.08,7,2,0.614,71.0,-0.004,6,maintain
0.894,78.3,91.9,2.39,1,4,0.972,85.6,0.004,6,upgrade
0.49,12.3,177.9,3.75,7,8,0.483,15.3,-0.22,4,downgrade
0.585,72.5,98.3,2.45,5,6,0.811,63.4,-0.135,8,maintain
0.364,53.5,158.3,3.0,19,6,0.504,51.5,-0.211,4,downgrade
0.455,58.1,119.9,2.94,9,3,0.324,55.4,-0.25,4,downgrade
0.409,49.9,106.3,3.1,9,4,0.436,41.1,-0.285,5,downgrade
0.876,86.1,78.7,2.04,0,7,0.97,95.7,-0.05,9,upgrade
0.556,79.9,130.0,2.34,12,7,0.59,68.2,0.264,7,maintain
0.85,73.9,91.3,2.78,1,8,0.946,86.8,-0.382,7,maintain
0.5,47.0,111.6,3.06,5,5,0.647,65.4,0.163,6,maintain
0.941,86.3,42.7,1.84,1,2,0.915,95.9,0.036,9,upgrade
0.309,58.2,91.1,2.11,16,3,0.165,47.9,0.066,4,downgrade
0.288,40.5,145.7,3.09,14,6,0.405,37.4,0.108,7,downgrade
0.931,96.8,65.1,1.68,0,2,0.909,92.0,-0.016,7,upgrade
0.342,14.6,167.5,4.09,8,2,0.481,5,-0.243,3,downgrade
0.91,98.1,46.5,1.21,5,1,0.932,94.9,0.095,6,upgrade
0.957,79.3,51.6,2.07,0,3,1.0,86.2,0.097,8,upgrade
0.628,61.6,124.9,2.79,7,5,0.634,68.5,0.17,3,maintain
0.947,79.1,79.5,2.38,0,2,0.955,81.4,0.175,7,upgrade
0.638,82.8,99.6,2.28,6,7,0.625,63.3,0.112,4,maintain
0.773,69.7,64.1,2.38,2,6,0.775,79.9,-0.048,10,maintain
0.958,77.4,73.4,2.26,0,5,0.891,94.0,0.189,8,upgrade
0.922,87.8,42.3,1.42,0,1,0.884,83.0,-0.059,8,upgrade
0.205,43.7,112.9,3.12,14,6,0.405,58.6,-0.226,5,downgrade
0.279,44.5,93.7,3.24,16,4,0.159,70.6,-0.316,2,downgrade
0.897,90.8,68.5,1.55,2,5,0.773,88.8,0.056,9,upgrade
0.934,82.7,51.4,1.59,1,1,0.916,86.1,-0.09,6,upgrade
0.647,68.5,88.1,2.93,4,7,0.583,63.4,-0.055,3,maintain
0.416,46.6,101.6,3.4,9,6,0.587,57.2,-0.27,6,downgrade
0.856,54.0,103.8,2.91,1,7,0.495,66.4,0.065,3,maintain
0.27,34.9,129.2,3.66,5,6,0.418,50.4,-0.057,2,downgrade
0.873,73.7,53.9,2.34,3,4,0.857,88.1,0.159,4,upgrade
0.934,80.2,71.2,1.91,0,5,0.885,78.9,0.046,3,upgrade
0.819,87.1,88.2,1.93,1,7,0.979,80.1,0.177,4,upgrade
0.92,81.3,63.0,2.03,0,2,0.713,65.6,0.037,4,maintain
0.352,15.7,171.8,3.85,10,5,0.3,49.7,-0.169,7,downgrade
0.374,21.0,133.1,3.72,14,3,0.242,18.6,-0.012,8,downgrade
0.969,90.0,96.7,2.68,3,7,0.824,84.6,0.194,10,upgrade
0.664,75.0,99.8,2.88,1,6,0.701,79.9,-0.113,4,maintain
0.469,37.4,129.5,2.82,9,2,0.623,39.9,-0.197,5,downgrade
0.938,89.4,53.1,1.65,0,3,0.919,91.8,0.199,6,upgrade
0.646,88,68.8,1.94,3,4,0.743,74.7,0.004,9,maintain
0.965,80.1,52.5,1.96,2,3,0.91,83.4,0.09,3,upgrade
0.715,45,140.6,3.17,7,8,0.598,73.2,0.021,7,maintain
0.83,89.2,48.2,1.6,0,3,0.82,85.9,0.054,8,upgrade
0.597,57.8,88.4,2.39,4,4,0.689,49.4,0.04,9,maintain
0.193,37.7,106.1,3.28,9,4,0.05,41.2,-0.0,7,downgrade
0.532,64.6,89.6,2.28,8,3,0.768,72.8,-0.058,10,maintain
0.79,68.4,79.0,2.15,1,1,0.953,86.4,-0.424,9,maintain
0.814,84.4,71.8,1.42,4,4,0.882,79.9,0.125,2,maintain
0.572,66.3,117.9,2.28,11,7,0.811,45,-0.037,4,maintain
0.441,13.2,124.1,4.22,6,4,0.589,44.2,-0.262,5,downgrade
0.958,97.2,36.3,1.49,1,2,0.917,82.7,0.065,5,upgrade
0.761,73.4,113.5,2.46,7,7,0.959,85.3,-0.319,7,maintain
0.249,5,108.3,3.88,9,2,0.274,11.5,-0.081,2,downgrade
0.294,57.9,114.9,3.04,15,7,0.565,62.3,-0.019,5,downgrade
0.83,83.6,75.5,2.15,1,6,0.919,81.1,0.154,9,upgrade
0.708,75.5,72.1,2.25,1,7,0.812,65.2,0.101,3,maintain
0.892,81.5,91.8,2.01,3,6,0.905,89.3,0.045,9,upgrade
0.471,36.0,169.5,3.64,15,5,0.648,37.7,-0.083,5,downgrade
0.911,84.7,63.9,2.52,2,7,0.854,87.7,-0.026,8,upgrade
0.247,8.4,169.6,4.18,11,4,0.229,5,-0.181,2,downgrade
0.527,62.1,114.2,2.74,10,8,0.687,79.9,0.205,6,maintain
0.681,45,93.9,3.04,6,1,0.84,79.7,0.048,7,maintain
0.911,85.3,48.7,1.9,0,4,0.871,84.0,0.133,3,upgrade
0.722,82.5,60.5,1.76,4,2,0.954,80.7,-0.198,10,maintain
0.956,88.9,44.0,1.87,1,2,0.765,92.3,0.044,5,upgrade
0.322,23.3,112.3,3.93,11,7,0.181,39.3,-0.081,2,downgrade
0.488,17.6,163.6,3.94,5,8,0.468,13.9,-0.425,7,downgrade
0.568,45,94.3,3.23,3,8,0.653,59.5,0.173,9,maintain
0.179,28.3,160.1,3.88,19,8,0.396,28.9,-0.209,2,downgrade
0.883,99.1,35.0,1.44,0,2,0.914,84.1,0.159,5,upgrade
0.702,80.4,69.2,2.66,5,3,0.495,51.5,0.133,9,maintain
0.905,81.6,65.9,2.3,3,5,0.935,88.1,0.084,9,upgrade
0.859,97.8,58.8,1.56,3,4,0.849,86.1,0.162,9,upgrade
0.318,31.7,121.4,3.35,10,6,0.348,23.3,-0.237,2,downgrade
0.691,70.4,131.2,2.87,5,5,0.778,60.3,-0.199,7,maintain
0.857,84.2,91.9,2.06,4,5,0.894,85.4,0.071,7,upgrade
0.84,98.1,68.2,1.31,6,1,0.929,88.7,0.198,3,upgrade
0.25,34.0,153.0,3.52,15,8,0.05,37.3,-0.014,7,downgrade
0.233,45.4,140.2,2.86,18,7,0.189,48.3,-0.278,7,downgrade
0.303,30.5,149.7,3.62,10,4,0.412,61.7,-0.25,3,downgrade
0.312,17.0,109.5,3.71,7,5,0.307,26.0,0.052,4,downgrade
0.773,64.4,97.2,2.44,3,4,0.882,92.7,-0.37,6,maintain
0.249,32.2,145.0,3.6,13,7,0.081,38.1,-0.021,8,downgrade
0.317,35.0,147.6,3.87,8,8,0.226,32.8,-0.034,7,downgrade
0.303,26.0,100.2,3.29,8,5,0.296,21.7,-0.261,7,downgrade
0.255,29.2,167.2,3.22,13,5,0.326,16.2,0.023,1,downgrade
0.88,76.9,90.8,2.8,3,6,0.925,84.2,-0.386,7,maintain
0.827,91.3,41.6,1.75,1,4,0.97,86.4,-0.048,6,upgrade
0.5,60.1,94.8,2.36,8,1,0.747,79.9,0.268,3,maintain
0.89,77.0,56.6,2.03,0,5,0.907,87.3,0.319,10,upgrade
0.739,62.1,88.1,2.62,5,4,0.791,79.9,0.088,8,maintain
0.5,45,120.2,3.08,8,4,0.665,54.5,0.244,1,maintain
0.975,79.7,62.2,1.97,1,1,0.941,82.7,0.3,6,upgrade
0.282,36.2,168.1,3.87,18,4,0.172,46.5,0.041,4,downgrade
0.913,75.1,60.7,1.65,2,1,0.796,90.0,0.04,9,upgrade
0.909,98.1,53.7,1.46,5,5,0.916,94.5,0.132,6,upgrade
0.651,64.8,103.0,2.4,7,3,0.821,63.1,-0.007,4,maintain
0.367,27.5,172.0,3.91,10,7,0.401,20.9,-0.116,6,downgrade
0.381,36.3,159.8,3.19,13,2,0.536,46.2,-0.194,6,downgrade
0.825,74.6,75.8,2.5,2,5,0.84,65.8,0.043,8,maintain
0.841,75.7,43.7,2.01,2,1,0.744,54.8,-0.074,10,maintain
0.722,82.3,87.4,2.23,4,6,0.84,72.5,-0.134,3,maintain
0.973,94.8,39.6,1.32,2,1,0.87,78.0,-0.084,10,upgrade
0.341,31.1,105.2,3.89,7,8,0.3,8.9,-0.089,1,downgrade
0.924,87.6,63.9,2.08,0,7,0.913,76.6,0.153,6,upgrade
0.881,85.3,75.1,2.22,0,6,0.954,81.0,0.083,6,upgrade
0.203,29.8,148.5,3.99,15,8,0.122,33.9,-0.088,2,downgrade
0.666,76.5,78.2,2.53,9,2,0.759,47.1,0.097,4,maintain
0.283,24.2,132.1,3.1,14,2,0.222,39.1,0.047,3,downgrade
0.311,22.3,154.2,3.56,12,5,0.35,15.3,0.137,1,downgrade
0.884,95.5,54.4,1.95,3,3,0.881,71.5,0.176,7,upgrade
0.655,64.3,73.6,2.53,6,2,0.84,69.3,-0.095,2,maintain
0.947,78.8,81.6,2.2,0,4,0.976,75.5,0.062,7,upgrade
0.599,53.6,123.8,2.95,10,8,0.84,66.3,0.072,1,maintain
0.921,79.9,56.0,2.22,0,4,0.857,95.9,-0.075,4,upgrade
0.929,74.8,76.9,2.24,3,3,0.864,83.5,0.111,8,upgrade
0.886,85.2,63.1,2.22,0,7,0.934,74.2,0.09,7,upgrade
0.5,62.4,107.2,2.96,5,8,0.635,79.9,-0.035,3,maintain
0.263,20.1,143.8,4.04,14,4,0.378,24.4,-0.236,5,downgrade
0.96,72.8,72.0,2.07,0,2,0.805,90.2,0.038,8,upgrade
0.906,77.9,57.0,2.33,0,5,0.824,82.1,-0.033,9,upgrade
0.276,22.3,117.3,3.44,6,2,0.205,20.8,-0.093,3,downgrade
0.433,38.0,117.8,3.91,7,8,0.349,44.0,-0.298,2,downgrade
0.974,87.0,67.1,1.96,3,3,0.903,76.0,0.284,10,upgrade
0.971,89.6,54.9,2.03,3,6,0.926,90.2,0.121,6,upgrade
0.737,87.0,92.4,2.11,5,6,0.898,83.1,0.226,7,upgrade
0.927,81.7,52.1,2.07,1,3,0.837,85.4,-0.017,3,upgrade
0.872,94.6,42.2,1.63,4,2,0.891,83.2,0.206,6,upgrade
0.409,35.7,122.3,3.47,5,2,0.513,37.9,-0.322,1,downgrade
0.5,81.7,92.7,2.1,10,2,0.562,75.6,-0.003,9,maintain
0.596,40.5,101.1,3.51,4,6,0.482,42.7,-0.19,7,downgrade
0.785,71.9,78.5,2.27,6,2,0.587,61.7,0.066,2,maintain
1.0,100,41.9,1.76,2,1,0.905,81.9,0.058,5,upgrade
0.48,11.3,103.8,3.64,7,4,0.399,33.9,-0.157,5,downgrade
0.365,16.6,126.2,3.55,17,3,0.553,13.8,0.042,5,downgrade
0.181,40.7,170.2,3.89,15,5,0.255,50.9,0.029,7,downgrade
0.371,17.2,110.1,3.97,7,4,0.466,36.7,-0.133,3,downgrade
0.315,28.3,158.8,3.57,13,6,0.437,49.4,-0.126,4,downgrade
0.294,22.6,180,4.08,15,6,0.245,29.0,-0.115,5,downgrade
0.166,45.5,136.7,3.23,16,5,0.263,38.0,-0.105,1,downgrade
0.933,66.2,82.5,2.82,1,8,0.948,88.0,-0.246,4,maintain
0.427,27.2,107.0,3.66,7,6,0.434,56.2,-0.189,4,downgrade
1.0,75.0,84.2,2.38,0,7,0.89,76.7,-0.052,4,upgrade
0.721,68.4,86.2,2.69,8,4,0.85,92.8,-0.15,8,maintain
0.431,54.5,67.5,2.66,5,7,0.525,51.6,-0.157,7,downgrade
0.276,40.8,136.9,3.26,8,2,0.319,61.7,-0.182,1,downgrade
1.0,85.8,53.9,1.86,1,5,0.926,94.4,0.194,4,upgrade
0.825,79.8,38.5,1.58,0,2,0.903,70.6,-0.029,4,upgrade
0.878,74.2,65.7,2.04,1,6,0.785,72.5,-0.025,1,maintain
0.775,84.5,81.2,2.01,4,4,0.933,83.4,-0.028,10,upgrade
0.703,57.2,109.5,2.58,7,5,0.72,58.1,-0.057,2,maintain
0.902,83.4,86.4,2.48,1,7,0.856,93.9,0.213,5,upgrade
0.229,28.5,119.0,3.23,13,4,0.453,38.2,-0.191,7,downgrade
0.768,76.0,79.6,2.34,5,3,0.913,79.2,-0.181,3,maintain
0.809,93.4,62.4,1.47,3,4,0.759,88.2,-0.057,10,upgrade
0.893,90.1,59.5,1.37,3,2,0.9,88.2,0.133,9,upgrade
0.834,93.2,48.9,1.5,4,1,0.872,91.3,0.013,7,upgrade
0.882,96.4,68.7,1.65,0,5,0.968,87.4,0.13,6,upgrade
0.537,12.7,139.8,3.89,8,7,0.576,17.1,-0.186,2,downgrade
0.365,38.1,121.7,2.92,10,3,0.414,45.6,-0.009,1,downgrade
0.378,27.3,118.7,3.13,8,3,0.35,33.7,0.092,3,downgrade
0.55,58.8,75.6,1.99,11,4,0.707,60.6,0.076,7,maintain
0.592,53.6,109.1,2.65,11,8,0.698,64.8,0.132,3,maintain
0.861,81.9,37.3,1.42,4,1,0.841,83.4,-0.09,7,upgrade
0.94,88.0,61.8,2.14,0,4,0.879,92.1,0.173,2,maintain
0.484,38.7,104.1,3.43,10,5,0.381,37.3,-0.081,5,downgrade
0.862,80.8,59.9,2.15,1,2,0.958,92.5,0.132,3,upgrade
0.725,68.2,97.2,2.94,5,6,0.84,45,-0.216,10,maintain
0.836,82.1,94.3,2.29,1,6,0.965,80.1,0.008,7,upgrade
0.917,66.7,108.4,2.76,1,4,0.889,82.7,-0.009,5,upgrade
0.9,78.8,88.7,1.98,5,1,0.962,79.6,0.081,9,upgrade
0.329,57.6,147.5,2.83,8,7,0.439,51.3,-0.003,1,downgrade
0.893,85.6,40.4,1.68,1,3,0.902,71.0,-0.071,3,upgrade
0.5,63.8,117.6,3.19,7,8,0.555,66.5,-0.05,8,maintain
0.227,19.5,142.5,3.73,15,2,0.304,17.0,-0.112,2,downgrade
0.226,46.4,83.3,2.74,14,2,0.232,61.4,0.192,6,downgrade
0.902,74.6,83.2,2.04,6,3,0.975,72.2,0.108,7,upgrade
0.615,58.4,130.8,2.85,3,7,0.742,50.6,0.014,6,maintain
0.895,72.2,86.4,2.36,3,4,0.965,93.6,-0.001,10,upgrade
0.833,76.7,71.2,2.46,2,5,0.897,81.4,0.055,8,upgrade
0.312,36.6,178.3,3.5,12,5,0.348,32.3,-0.202,8,downgrade
0.751,76.2,61.5,2.12,3,2,0.948,88.1,-0.416,6,maintain
0.561,78.1,138.0,2.32,12,6,0.84,56.5,-0.275,6,maintain
0.818,76.3,83.9,2.5,1,2,0.939,81.9,-0.382,7,maintain
0.597,58.8,101.8,2.22,8,1,0.789,79.9,0.149,3,maintain
0.64,88,74.3,2.41,3,6,0.48,62.9,-0.132,1,maintain
0.663,45,100.0,3.19,7,5,0.781,55.0,0.114,4,maintain
0.746,71.9,100.4,2.3,6,8,0.87,90.1,-0.339,9,maintain
0.275,32.5,134.1,3.39,17,2,0.101,44.2,-0.242,3,downgrade
0.421,38.9,132.6,2.92,11,2,0.49,47.2,0.05,8,downgrade
0.558,57.2,86.2,2.59,8,5,0.699,57.4,0.009,5,maintain
0.396,52.1,101.5,2.24,15,2,0.426,48.8,-0.157,4,downgrade
0.817,74.9,106.9,2.39,7,4,0.965,77.9,-0.034,8,upgrade
0.883,82.8,107.4,2.28,6,4,0.843,87.4,-0.023,9,upgrade
0.343,30.7,111.8,3.72,12,6,0.128,32.1,-0.359,1,downgrade
0.962,95.5,79.4,2.14,0,2,0.883,86.6,-0.036,5,upgrade
0.885,76.9,64.4,1.93,5,2,0.884,80.9,-0.09,7,upgrade
0.887,87.3,69.2,1.87,3,2,0.903,88.1,0.083,8,upgrade
0.343,40.0,118.4,2.83,16,6,0.453,56.5,-0.1,5,downgrade
1.0,79.3,72.8,2.38,3,2,0.91,88.0,0.189,7,upgrade
0.863,93.1,51.0,1.63,1,6,0.909,83.7,0.129,9,upgrade
0.24,33.0,147.6,3.3,17,5,0.272,48.1,-0.203,7,downgrade
0.948,83.2,74.1,2.35,1,5,0.947,91.6,0.095,3,upgrade
0.269,42.3,104.0,3.21,9,4,0.327,45.1,-0.178,3,downgrade
0.556,64.9,113.2,2.93,8,8,0.799,79.9,-0.045,1,maintain
0.86,90.0,56.1,1.94,2,3,0.844,85.1,-0.04,8,upgrade
0.3,38.0,85.3,2.71,5,3,0.492,59.0,-0.016,5,downgrade
0.263,35.9,141.9,3.6,8,8,0.36,19.3,-0.271,4,downgrade
0.898,87.9,85.0,2.23,4,5,0.884,92.7,0.037,1,maintain
0.978,87.8,69.0,1.63,3,4,0.898,82.3,0.195,9,upgrade
0.865,90.8,58.2,2.11,2,4,0.956,91.6,0.076,4,upgrade
0.549,65.4,120.4,2.51,11,4,0.585,50.6,-0.034,1,maintain
0.743,60.4,128.8,2.63,12,5,0.596,50.9,-0.113,3,maintain
0.938,82.6,40.1,1.95,1,1,0.883,86.9,0.257,10,upgrade
0.603,68.1,109.9,2.33,8,6,0.722,48.0,-0.014,3,maintain
0.168,37.2,131.9,3.09,11,2,0.05,65.8,-0.304,3,downgrade
0.5,83.8,72.3,2.17,9,7,0.726,73.7,-0.054,6,maintain
0.811,78.4,75.9,2.11,5,3,0.969,80.0,0.006,4,upgrade
0.967,75.8,69.0,2.44,1,7,0.998,92.0,-0.005,3,upgrade
0.729,61.6,83.5,2.24,2,1,0.717,63.7,0.078,5,maintain
0.74,53.2,112.6,3.05,4,5,0.6,73.1,-0.154,6,maintain
0.539,70.1,76.0,2.5,5,2,0.759,71.2,-0.23,2,maintain
0.685,58.7,58.5,2.09,5,3,0.811,78.9,0.069,1,maintain
0.266,37.7,168.0,3.43,15,7,0.237,38.4,-0.054,8,downgrade
0.986,80.0,62.8,2.47,2,6,0.869,78.1,0.061,3,upgrade
0.852,82.7,79.7,2.63,1,7,0.824,86.6,0.07,9,upgrade
0.873,76.0,95.2,2.22,3,6,0.645,68.2,-0.159,1,maintain
0.918,90.2,62.9,1.65,0,4,0.964,88.8,0.104,7,upgrade
0.941,78.0,61.2,2.35,0,6,0.825,80.8,0.21,3,upgrade
0.855,89.2,77.5,2.13,4,6,0.887,84.1,0.166,9,upgrade
0.886,81.7,60.4,2.31,0,6,0.863,95.3,0.124,10,upgrade
0.333,29.7,147.7,3.83,15,8,0.425,18.3,-0.103,8,downgrade
0.95,78.2,64.7,2.21,2,3,0.894,85.2,0.138,6,upgrade
0.319,15.3,111.5,3.22,9,3,0.302,17.3,-0.216,3,downgrade
1.0,85.4,98.0,2.32,3,5,0.929,96.7,0.1,3,upgrade
0.346,36.6,144.2,3.51,14,6,0.489,52.8,-0.033,3,downgrade
0.964,90.3,42.3,1.54,0,1,0.897,74.8,-0.075,4,upgrade
0.852,76.4,81.5,2.33,2,6,0.908,86.7,0.026,6,upgrade
0.862,91.4,55.8,1.7,2,2,0.925,83.0,0.043,10,upgrade
0.96,85.1,78.2,2.2,0,6,0.889,74.3,-0.066,5,upgrade
0.573,80.1,70.6,1.88,7,1,0.572,73.0,-0.131,9,maintain
0.927,89.5,34.6,1.65,0,1,0.896,84.0,0.163,10,upgrade
0.86,76.8,63.2,2.21,4,5,0.918,86.7,0.117,9,upgrade
0.848,89.7,54.0,1.8,4,4,0.952,85.1,-0.036,7,upgrade
0.165,37.2,145.9,3.48,9,6,0.359,51.1,-0.151,2,downgrade
0.567,74.8,96.2,2.35,11,6,0.62,74.5,-0.015,2,maintain
0.847,83.4,61.2,2.03,0,5,0.884,81.5,0.114,8,upgrade
0.811,89.7,43.1,1.54,5,3,0.89,90.0,0.075,4,upgrade
0.137,26.0,158.1,3.81,19,4,0.193,31.3,0.01,7,downgrade
0.781,78.8,95.9,2.14,4,7,0.855,90.1,-0.013,3,upgrade
0.382,41.3,132.4,3.3,12,6,0.363,59.1,-0.213,8,downgrade
0.849,86.5,109.5,2.51,5,7,0.871,94.8,-0.081,8,upgrade
0.778,72.2,63.4,2.28,5,3,0.933,80.5,0.182,1,maintain
0.87,86.0,53.6,1.36,4,2,0.868,83.5,0.083,9,upgrade
0.255,41.5,118.4,3.32,12,3,0.392,38.0,0.139,4,downgrade
0.523,23.1,143.0,4.04,9,6,0.355,21.6,0.04,7,downgrade
0.888,73.1,60.6,2.11,0,2,0.853,88.7,-0.09,9,upgrade
0.453,25.2,150.2,3.54,12,8,0.493,39.5,-0.29,7,downgrade
0.228,40.9,90.5,3.33,6,4,0.3,40.3,-0.062,8,downgrade
0.583,88.0,78.9,1.75,9,3,0.797,66.0,-0.101,7,maintain
0.829,83.6,78.0,2.0,3,4,0.952,87.4,0.055,6,upgrade
0.269,36.0,105.3,3.49,6,6,0.351,47.5,-0.114,5,downgrade
0.844,83.6,74.1,2.25,5,4,0.883,83.7,0.011,8,upgrade
0.329,34.7,147.0,2.91,15,3,0.468,25.2,-0.275,2,downgrade
0.487,51.8,69.5,2.82,8,2,0.733,70.4,-0.018,8,downgrade
0.79,78.2,70.8,2.24,3,3,0.916,87.5,0.04,1,maintain
0.568,68.1,90.7,2.3,9,3,0.699,51.8,0.017,10,maintain
0.44,30.2,134.7,3.91,13,2,0.454,34.3,-0.285,5,downgrade
0.84,91.7,49.1,1.83,4,1,0.819,94.8,0.131,10,upgrade
0.813,78.7,42.0,1.88,0,2,0.895,99.1,0.108,7,upgrade
0.54,45,111.1,2.8,11,1,0.632,79.9,0.014,4,maintain
0.814,94.9,75.6,1.94,5,5,0.929,84.1,0.042,9,upgrade
0.601,45.6,95.7,3.03,6,5,0.653,66.6,0.2,8,maintain
0.256,38.8,138.2,3.35,9,2,0.29,31.7,-0.101,2,downgrade
0.663,88,45.7,1.78,3,2,0.728,79.9,-0.215,8,maintain
0.669,53.2,86.5,3.24,8,7,0.579,65.8,-0.065,10,maintain
0.955,91.1,65.6,2.04,0,6,0.978,85.6,0.197,6,upgrade
0.839,93.5,64.7,1.46,3,1,0.962,94.7,0.035,5,upgrade
0.325,32.2,171.5,4.01,11,6,0.35,48.8,-0.03,6,downgrade
0.647,60.3,85.5,2.46,5,6,0.656,66.6,-0.064,3,maintain
0.184,37.5,166.8,3.47,17,6,0.139,54.7,-0.161,1,downgrade
0.914,78.1,64.0,2.18,3,4,0.901,81.3,0.182,8,upgrade
0.865,71.8,77.7,2.66,0,7,0.98,76.7,-0.09,4,upgrade
0.816,81.8,40.8,1.71,0,1,0.897,88.5,0.297,5,upgrade
0.526,37.2,121.9,3.44,10,5,0.59,39.9,-0.071,4,downgrade
0.159,70,123.5,2.34,18,7,0.124,52.5,0.052,7,downgrade
0.958,91.2,63.5,2.17,1,7,0.876,85.1,0.194,4,upgrade
0.887,76.2,60.3,1.99,3,1,0.847,95.0,0.038,8,upgrade
0.241,44.9,80.2,2.72,12,4,0.252,49.8,-0.077,2,downgrade
0.867,65.8,96.2,2.65,2,1,0.97,81.6,0.01,1,maintain
0.934,79.1,114.0,2.67,3,6,0.903,82.0,0.057,2,maintain
0.404,39.1,128.0,3.11,12,4,0.314,38.7,-0.284,1,downgrade
1.0,83.6,71.6,2.37,2,3,0.801,85.7,-0.006,6,upgrade
0.894,77.8,55.3,1.75,0,2,0.978,85.2,0.099,5,upgrade
0.67,66.0,83.6,2.33,6,3,0.828,64.6,0.1,10,maintain
0.904,82.8,74.1,1.89,4,2,0.683,67.5,-0.031,9,maintain
0.194,17.0,144.3,4.15,12,7,0.237,5,-0.084,3,downgrade
0.924,93.6,39.1,1.72,0,2,0.836,89.6,-0.09,7,upgrade
0.955,82.8,55.6,2.23,1,3,0.974,84.6,0.229,10,upgrade
0.553,74.9,103.2,1.89,11,1,0.566,57.5,0.018,3,maintain
0.832,81.2,51.7,1.6,0,2,0.889,80.5,0.065,3,upgrade
0.845,86.8,89.5,2.35,4,6,0.975,79.3,0.086,9,upgrade
0.275,65.1,135.3,2.67,14,6,0.465,74.5,-0.03,6,downgrade
0.41,44.6,166.6,3.16,13,6,0.61,62.1,-0.128,6,downgrade
0.805,94.3,49.1,1.64,0,3,0.876,91.0,-0.09,7,upgrade
0.435,40.1,123.1,3.33,9,5,0.495,65.4,-0.298,1,downgrade
0.198,28.6,143.7,3.31,17,3,0.248,56.2,-0.175,1,downgrade
0.844,83.7,88.5,1.97,6,2,0.87,88.2,-0.45,4,maintain
0.249,33.0,111.6,3.55,9,1,0.904,84.9,0.12,1,maintain
0.945,69.5,100.8,2.39,1,6,0.964,80.8,0.179,4,upgrade
0.206,44.2,132.7,3.11,8,8,0.247,36.5,-0.309,2,downgrade
0.65,19.4,127.2,4.03,7,6,0.708,14.6,-0.136,1,downgrade
0.931,74.6,81.5,2.21,0,4,0.969,78.5,0.281,2,maintain
0.34,36.2,117.8,2.97,13,4,0.211,37.7,-0.112,8,downgrade
0.358,30.7,118.2,3.9,12,8,0.357,5,-0.223,6,downgrade
0.815,89.0,83.1,2.46,4,7,0.826,92.7,0.009,6,upgrade
0.89,82.6,77.1,2.01,3,3,0.951,76.4,-0.059,5,upgrade
0.822,65.8,69.3,2.23,3,5,0.746,56.3,-0.112,4,maintain
0.452,41.8,141.9,3.56,12,5,0.61,69.9,0.016,1,downgrade
0.649,72.0,77.3,2.4,3,7,0.696,45,-0.145,5,maintain
0.918,71.4,55.0,2.17,2,2,0.95,82.8,-0.261,3,maintain
0.84,80.2,41.8,1.69,0,1,0.956,91.8,-0.004,3,upgrade
0.991,80.5,41.3,1.79,0,1,0.96,88.0,0.019,10,upgrade
0.912,79.0,43.2,1.4,3,1,0.914,88.9,0.07,5,upgrade
0.211,43.2,176.3,3.33,20,5,0.05,68.2,-0.11,5,downgrade
0.5,45,106.1,3.21,11,6,0.483,45,-0.107,9,maintain
0.828,62,72.5,2.69,2,4,0.955,89.8,-0.09,5,upgrade
0.416,20.9,93.8,3.73,6,3,0.217,31.5,-0.064,4,downgrade
0.688,73.5,83.6,2.26,6,5,0.741,58.1,0.06,4,maintain
0.951,80.1,97.1,2.62,1,7,0.911,86.7,0.173,9,upgrade
0.89,80.8,64.4,2.01,1,3,0.953,91.1,0.167,8,upgrade
0.82,71.3,65.4,2.46,2,5,0.952,91.0,-0.315,3,maintain
0.985,72.6,76.7,2.69,1,5,0.905,79.0,-0.014,10,upgrade
0.684,60.4,103.5,2.73,10,6,0.746,69.7,-0.013,1,maintain
0.92,89.6,83.4,2.01,3,7,0.966,81.9,-0.063,5,upgrade
0.558,75.8,100.9,2.14,9,4,0.605,52.4,-0.187,6,maintain
0.975,84.5,83.9,2.32,0,8,0.995,93.6,0.304,8,maintain
0.949,92.8,70.6,1.81,0,3,0.854,91.4,0.192,4,upgrade
0.5,70.6,84.7,2.61,5,2,0.84,66.4,0.119,6,maintain
0.909,86.8,50.2,1.96,2,4,0.926,79.3,-0.05,5,upgrade
0.915,83.3,63.2,2.42,2,7,0.867,75.2,0.106,8,upgrade
0.945,88.3,51.4,1.52,1,3,0.886,68.7,-0.073,3,upgrade
0.299,33.9,124.8,3.53,11,4,0.178,40.8,-0.275,6,downgrade
0.624,58.7,77.9,2.74,6,4,0.84,56.0,0.179,6,maintain
0.597,55.9,96.9,3.07,9,6,0.755,77.2,-0.032,6,maintain
0.973,80.2,71.6,1.95,1,3,0.863,68.2,0.106,8,upgrade
1.0,82.8,65.8,2.36,0,7,0.881,88.2,0.022,7,upgrade
0.966,84.3,91.1,2.56,4,7,0.857,92.0,-0.026,10,upgrade
0.239,11.9,180,4.47,17,6,0.219,5,-0.05,7,downgrade
0.732,56.9,75.8,2.81,3,3,0.641,70.0,0.012,6,maintain
0.445,29.4,154.0,3.47,12,6,0.341,30.8,-0.153,4,downgrade
0.846,87.6,90.0,2.2,2,4,0.661,63.4,0.051,9,maintain
0.97,99.6,51.5,1.55,0,3,0.838,90.3,0.12,8,upgrade
0.86,60.2,83.1,2.17,3,1,0.68,79.9,-0.281,7,maintain
0.405,53.4,125.9,2.94,8,5,0.34,51.8,-0.148,7,downgrade
0.602,56.5,144.5,2.93,13,4,0.84,66.5,-0.073,5,maintain
0.154,20.7,180,4.3,14,7,0.165,21.7,0.177,2,downgrade
0.893,88.5,66.5,2.09,2,6,0.877,69.5,0.045,5,upgrade
0.812,92.6,77.9,2.35,5,7,0.949,88.7,0.14,4,upgrade
1.0,100,56.1,1.86,1,7,0.822,83.5,0.176,7,upgrade
0.5,84.4,62.2,1.71,8,2,0.64,77.0,-0.076,2,maintain
0.88,94.4,53.8,1.84,1,7,0.867,83.9,0.061,3,upgrade
0.891,64.6,101.2,2.95,3,7,0.925,88.4,-0.073,1,maintain
0.654,71.4,93.9,1.98,7,1,0.66,55.8,-0.052,5,maintain
0.693,78.7,88.4,2.11,10,3,0.785,69.2,-0.128,10,maintain
0.82,76.6,57.2,2.18,3,5,0.899,84.8,0.069,5,upgrade
0.618,74.3,111.6,2.22,10,7,0.84,73.9,-0.317,8,maintain
1.0,85.3,46.0,1.8,0,1,0.901,87.1,0.141,4,upgrade
0.689,58.6,93.9,3.08,6,5,0.69,74.8,0.228,7,maintain
0.919,84.4,33.7,1.4,0,1,0.916,97.2,0.081,5,upgrade
0.601,74.9,66.4,1.97,7,2,0.508,79.9,0.109,2,maintain
0.404,30.4,152.5,3.53,10,7,0.362,29.2,-0.262,8,downgrade
0.517,72.4,75.1,2.09,3,1,0.518,79.0,-0.093,9,maintain
0.892,77.1,88.5,2.31,4,6,0.913,78.6,-0.125,5,maintain
0.568,45,102.7,2.63,6,1,0.683,76.3,-0.256,5,maintain
0.214,37.2,132.0,3.74,19,5,0.308,21.7,-0.21,3,downgrade
0.293,25.3,149.5,3.91,12,6,0.459,35.0,-0.107,7,downgrade
0.917,95.8,37.2,1.48,3,1,0.882,90.8,0.076,9,upgrade
0.878,90.6,82.5,2.02,2,7,0.939,85.4,0.061,9,upgrade
0.928,93.1,50.9,1.39,4,3,0.832,93.4,-0.085,8,upgrade
0.324,17.7,180,3.76,17,7,0.422,12.5,-0.092,4,downgrade
0.787,45,101.8,3.0,1,2,0.578,75.5,-0.008,2,maintain
0.909,90.8,44.0,1.57,5,1,0.944,93.6,0.08,10,upgrade
0.201,60.2,170.2,3.12,19,8,0.39,70.6,-0.044,1,downgrade
